# Simulation 1 (Up to date),,,,,,,,,,,,,,,,,,,,,,,,,,,,,,,,,,,,,,,,,,,,,,,,,,,,,
# 172 data points written for 54 variables.,,,,,,,,,,,,,,,,,,,,,,,,,,,,,,,,,,,,,,,,,,,,,,,,,,,,,
# Simulation warnings:,,,,,,,,,,,,,,,,,,,,,,,,,,,,,,,,,,,,,,,,,,,,,,,,,,,,,
#   Large angle of attack encountered (18.2).,,,,,,,,,,,,,,,,,,,,,,,,,,,,,,,,,,,,,,,,,,,,,,,,,,,,,
#,,,,,,,,,,,,,,,,,,,,,,,,,,,,,,,,,,,,,,,,,,,,,,,,,,,,,
# Time (s),Altitude (m),Vertical velocity (m/s),Vertical acceleration (m/s²),Total velocity (m/s),Total acceleration (m/s²),Position East of launch (m),Position North of launch (m),Lateral distance (m),Lateral direction (°),Lateral velocity (m/s),Lateral acceleration (m/s²),Latitude (°),Longitude (°),Gravitational acceleration (m/s²),Angle of attack (°),Roll rate (°/s),Pitch rate (°/s),Yaw rate (°/s),Mass (g),Propellant mass (g),Longitudinal moment of inertia (kg·m²),Rotational moment of inertia (kg·m²),CP location (cm),CG location (cm),Stability margin calibers (?),Mach number (?),Reynolds number (?),Thrust (N),Drag force (N),Drag coefficient (?),Axial drag coefficient (?),Friction drag coefficient (?),Pressure drag coefficient (?),Base drag coefficient (?),Normal force coefficient (?),Pitch moment coefficient (?),Yaw moment coefficient (?),Side force coefficient (?),Roll moment coefficient (?),Roll forcing coefficient (?),Roll damping coefficient (?),Pitch damping coefficient (?),Coriolis acceleration (m/s²),Reference length (cm),Reference area (cm²),Vertical orientation (zenith) (°),Lateral orientation (azimuth) (°),Wind velocity (m/s),Air temperature (°C),Air pressure (mbar),Speed of sound (m/s),Simulation time step (s),Computation time (s)
# Event LAUNCH occurred at t=0 seconds,,,,,,,,,,,,,,,,,,,,,,,,,,,,,,,,,,,,,,,,,,,,,,,,,,,,,
# Event IGNITION occurred at t=0 seconds,,,,,,,,,,,,,,,,,,,,,,,,,,,,,,,,,,,,,,,,,,,,,,,,,,,,,
0,0,0,-2.0575,0,2.0575,0,0,0,0,0,0,28.61,-80.598,9.7922,90,0,0,0,1086.7,39.978,0.10082,2.76E-04,NaN,18.429,NaN,0.0058738,128405,8.405,0,0.45993,0,0.33992,9.76E-06,0.12,NaN,NaN,NaN,NaN,NaN,NaN,NaN,NaN,0,7.62,45.604,90,0,NaN,15,1013.2,340.39,0.01,8.96E-04
0.01,0,0,6.9494,0,6.9494,0,0,0,0,0,0,28.61,-80.598,9.7922,90,0,0,0,1086.7,39.978,0.10082,2.76E-04,NaN,18.429,NaN,0.0058261,127364,18.192,0,0.46062,0,0.34061,9.70E-06,0.12,NaN,NaN,NaN,NaN,NaN,NaN,NaN,NaN,0,7.62,45.604,90,0,NaN,15,1013.2,340.39,0.01,0.0012277
0.02,3.48E-04,0.069504,9.4953,0.069504,9.4953,0,0,0,0,0,0,28.61,-80.598,9.7922,87.978,0,0,0,1086.6,39.903,0.10078,2.76E-04,NaN,18.423,NaN,0.0057821,126402,20.958,5.41E-07,0.46127,5.00E-05,0.34125,9.63E-06,0.12,NaN,NaN,NaN,NaN,NaN,NaN,NaN,NaN,8.90E-06,7.62,45.604,90,0,NaN,15,1013.2,340.39,0.01,0.0014883
0.03,0.0015174,0.16447,10.763,0.16447,10.763,0,0,0,0,0,0,28.61,-80.598,9.7922,85.182,0,0,0,1086.5,39.799,0.10071,2.76E-04,NaN,18.416,NaN,0.0057512,125727,22.333,7.03E-06,0.46172,6.57E-04,0.34171,9.59E-06,0.12,NaN,NaN,NaN,NaN,NaN,NaN,NaN,NaN,2.11E-05,7.62,45.604,90,0,NaN,15,1013.2,340.39,0.01,0.0017321
0.04,0.0037003,0.27212,10.753,0.27212,10.753,0,0,0,0,0,0,28.61,-80.598,9.7922,81.99,0,0,0,1086.4,39.688,0.10065,2.76E-04,NaN,18.408,NaN,0.0057392,125464,22.319,3.10E-05,0.4619,0.0029088,0.34189,9.57E-06,0.12,NaN,NaN,NaN,NaN,NaN,NaN,NaN,NaN,3.48E-05,7.62,45.604,90,0,NaN,15,1013.2,340.39,0.01,0.0019768
0.05,0.0069592,0.37967,10.742,0.37967,10.742,0,0,0,0,0,0,28.61,-80.598,9.7922,78.805,0,0,0,1086.3,39.569,0.10057,2.76E-04,NaN,18.399,NaN,0.005745,125590,22.306,8.19E-05,0.46182,0.0076652,0.3418,9.58E-06,0.12,NaN,NaN,NaN,NaN,NaN,NaN,NaN,NaN,4.86E-05,7.62,45.604,90,0,NaN,15,1013.2,340.39,0.01,0.0022179
0.06,0.011293,0.48711,10.732,0.48711,10.732,0,0,0,0,0,0,28.61,-80.598,9.7922,75.779,0,0,0,1086.1,39.451,0.1005,2.76E-04,NaN,18.391,NaN,0.0058264,127369,22.292,1.66E-04,0.46062,0.015112,0.34061,9.70E-06,0.12,NaN,NaN,NaN,NaN,NaN,NaN,NaN,NaN,6.24E-05,7.62,45.604,90,0,NaN,15,1013.2,340.39,0.01,0.0024604
0.07,0.016701,0.59444,10.721,0.59444,10.721,0,0,0,0,0,0,28.61,-80.598,9.7922,72.852,0,0,0,1086,39.332,0.10043,2.76E-04,NaN,18.382,NaN,0.0059234,129490,22.278,2.90E-04,0.45922,0.025495,0.33921,9.84E-06,0.12,NaN,NaN,NaN,NaN,NaN,NaN,NaN,NaN,7.61E-05,7.62,45.604,90,0,NaN,15,1013.2,340.39,0.01,0.0026984
# Event LIFTOFF occurred at t=0.08 seconds,,,,,,,,,,,,,,,,,,,,,,,,,,,,,,,,,,,,,,,,,,,,,,,,,,,,,
0.08,0.023181,0.70167,10.711,0.70167,10.711,0,0,0,0,0,0,28.61,-80.598,9.7922,70.027,0,0,0,1085.9,39.213,0.10036,2.76E-04,NaN,18.374,NaN,0.0060353,131935,22.264,4.57E-04,0.45765,0.038733,0.33763,1.00E-05,0.12,NaN,NaN,NaN,NaN,NaN,NaN,NaN,NaN,8.98E-05,7.62,45.604,90,0,NaN,15,1013.2,340.39,0.01,0.0029624
0.09,0.030734,0.80879,10.7,0.80879,10.7,0,0,0,0,0,0,28.61,-80.598,9.7922,67.317,0,0,0,1085.8,39.095,0.10028,2.76E-04,NaN,18.365,NaN,0.0061611,134687,22.251,6.70E-04,0.45593,0.054561,0.33591,1.02E-05,0.12,NaN,NaN,NaN,NaN,NaN,NaN,NaN,NaN,1.04E-04,7.62,45.604,90,0,NaN,15,1013.2,340.39,0.01,0.0031995
0.1,0.039357,0.91581,10.689,0.91581,10.689,0,0,0,0,0,0,28.61,-80.598,9.7922,64.721,0,0,0,1085.7,38.976,0.10021,2.76E-04,NaN,18.357,NaN,0.0063001,137725,22.237,9.33E-04,0.45408,0.072598,0.33406,1.04E-05,0.12001,NaN,NaN,NaN,NaN,NaN,NaN,NaN,NaN,1.17E-04,7.62,45.604,90,0,NaN,15,1013.2,340.39,0.01,0.0034433
0.11,0.049049,1.0227,10.662,1.0227,10.662,0,0,0,0,0,0,28.61,-80.598,9.7922,62.401,0,0,0,1085.5,38.858,0.10014,2.76E-04,NaN,18.348,NaN,0.0064848,141763,22.205,0.001238,0.45171,0.090964,0.33169,1.06E-05,0.12001,NaN,NaN,NaN,NaN,NaN,NaN,NaN,NaN,1.31E-04,7.62,45.604,90,0,NaN,15,1013.2,340.39,0.01,0.0036828
0.12,0.05981,1.1294,10.619,1.1294,10.619,0,0,0,0,0,0,28.61,-80.598,9.7922,60.218,0,0,0,1085.4,38.74,0.10007,2.76E-04,NaN,18.34,NaN,0.0066792,146011,22.156,0.0015901,0.44931,0.11014,0.32929,1.09E-05,0.12001,NaN,NaN,NaN,NaN,NaN,NaN,NaN,NaN,1.45E-04,7.62,45.604,90,0,NaN,15,1013.2,340.39,0.01,0.0039203
0.13,0.071634,1.2356,10.575,1.2356,10.575,0,0,0,0,0,0,28.61,-80.598,9.7922,58.167,0,0,0,1085.3,38.624,0.099998,2.76E-04,NaN,18.331,NaN,0.006882,150445,22.107,0.0019877,0.44691,0.12968,0.32689,1.12E-05,0.12001,NaN,NaN,NaN,NaN,NaN,NaN,NaN,NaN,1.58E-04,7.62,45.604,90,0,NaN,15,1013.2,340.39,0.01,0.0042077
0.14,0.084519,1.3413,10.531,1.3413,10.531,0,0,0,0,0,0,28.61,-80.598,9.7922,56.247,0,0,0,1085.2,38.508,0.099927,2.76E-04,NaN,18.323,NaN,0.0070924,155044,22.057,0.0024297,0.44452,0.14925,0.3245,1.15E-05,0.12001,NaN,NaN,NaN,NaN,NaN,NaN,NaN,NaN,1.72E-04,7.62,45.604,90,0,NaN,15,1013.2,340.39,0.01,0.0044597
0.15,0.098459,1.4467,10.488,1.4467,10.488,0,0,0,0,0,0,28.61,-80.598,9.7922,54.448,0,0,0,1085.1,38.391,0.099856,2.76E-04,NaN,18.315,NaN,0.0073095,159791,22.008,0.0029148,0.44215,0.16857,0.32213,1.18E-05,0.12001,NaN,NaN,NaN,NaN,NaN,NaN,NaN,NaN,1.85E-04,7.62,45.604,90,0,NaN,15,1013.2,340.39,0.01,0.0047073
0.16,0.11345,1.5515,10.444,1.5515,10.444,0,0,0,0,0,0,28.61,-80.598,9.7922,52.773,0,0,0,1085,38.275,0.099785,2.76E-04,NaN,18.306,NaN,0.0075344,164707,21.959,0.003441,0.4398,0.1873,0.31978,1.22E-05,0.12001,NaN,NaN,NaN,NaN,NaN,NaN,NaN,NaN,1.99E-04,7.62,45.604,90,0,NaN,15,1013.2,340.39,0.01,0.005055
0.17,0.12949,1.656,10.4,1.656,10.4,0,0,0,0,0,0,28.61,-80.598,9.7922,51.203,0,0,0,1084.8,38.159,0.099714,2.76E-04,NaN,18.298,NaN,0.0077646,169738,21.909,0.0040073,0.43749,0.20538,0.31747,1.25E-05,0.12001,NaN,NaN,NaN,NaN,NaN,NaN,NaN,NaN,2.12E-04,7.62,45.604,90,0,NaN,15,1013.2,340.39,0.01,0.0053517
0.18,0.14657,1.76,10.356,1.76,10.356,0,0,0,0,0,0,28.61,-80.598,9.7922,49.731,0,0,0,1084.7,38.043,0.099643,2.76E-04,NaN,18.29,NaN,0.0079994,174872,21.86,0.0046124,0.43522,0.22272,0.3152,1.28E-05,0.12001,NaN,NaN,NaN,NaN,NaN,NaN,NaN,NaN,2.25E-04,7.62,45.604,90,0,NaN,15,1013.2,340.39,0.01,0.0055949
0.19,0.16469,1.8636,10.312,1.8636,10.312,0,0,0,0,0,0,28.61,-80.598,9.7922,48.351,0,0,0,1084.6,37.926,0.099572,2.76E-04,NaN,18.281,NaN,0.0082384,180095,21.811,0.0052546,0.43301,0.23923,0.31299,1.32E-05,0.12001,NaN,NaN,NaN,NaN,NaN,NaN,NaN,NaN,2.39E-04,7.62,45.604,90,0,NaN,15,1013.2,340.39,0.01,0.0058388
0.2,0.18384,1.9667,10.268,1.9667,10.268,0,0,0,0,0,0,28.61,-80.598,9.7922,47.056,0,0,0,1084.5,37.81,0.0995,2.76E-04,NaN,18.273,NaN,0.008481,185397,21.761,0.0059327,0.43085,0.25487,0.31083,1.35E-05,0.12001,NaN,NaN,NaN,NaN,NaN,NaN,NaN,NaN,2.52E-04,7.62,45.604,90,0,NaN,15,1013.2,340.39,0.01,0.0060814
0.21,0.20402,2.0694,10.224,2.0694,10.224,0,0,0,0,0,0,28.61,-80.598,9.7922,45.559,0,0,0,1084.4,37.694,0.099429,2.76E-04,NaN,18.264,NaN,0.0086831,189816,21.712,0.0066754,0.42912,0.27358,0.30909,1.38E-05,0.12001,NaN,NaN,NaN,NaN,NaN,NaN,NaN,NaN,2.65E-04,7.62,45.604,90,0,NaN,15,1013.2,340.39,0.01,0.0063483
0.22,0.22522,2.1717,10.18,2.1717,10.18,0,0,0,0,0,0,28.61,-80.598,9.7922,44.138,0,0,0,1084.3,37.577,0.099358,2.76E-04,NaN,18.256,NaN,0.0088899,194337,21.663,0.0074538,0.4274,0.29143,0.30737,1.41E-05,0.12001,NaN,NaN,NaN,NaN,NaN,NaN,NaN,NaN,2.78E-04,7.62,45.604,90,0,NaN,15,1013.2,340.39,0.01,0.0067318
0.23,0.24745,2.2735,10.136,2.2735,10.136,0,0,0,0,0,0,28.61,-80.598,9.7922,42.787,0,0,0,1084.1,37.461,0.099287,2.76E-04,NaN,18.248,NaN,0.0091011,198952,21.613,0.0082661,0.4257,0.30837,0.30567,1.44E-05,0.12001,NaN,NaN,NaN,NaN,NaN,NaN,NaN,NaN,2.91E-04,7.62,45.604,90,0,NaN,15,1013.2,340.39,0.01,0.0069847
0.24,0.27069,2.3749,10.092,2.3749,10.092,0,0,0,0,0,0,28.61,-80.598,9.7922,41.503,0,0,0,1084,37.345,0.099216,2.76E-04,NaN,18.239,NaN,0.0093161,203651,21.564,0.0091106,0.42402,0.32437,0.30399,1.47E-05,0.12001,NaN,NaN,NaN,NaN,NaN,NaN,NaN,NaN,3.04E-04,7.62,45.604,90,0,NaN,15,1013.2,340.39,0.01,0.0072269
0.25,0.29494,2.4758,10.048,2.4758,10.048,0,0,0,0,0,0,28.61,-80.598,9.7922,40.283,0,0,0,1083.9,37.228,0.099145,2.76E-04,NaN,18.231,NaN,0.0095345,208427,21.515,0.0099855,0.42237,0.33941,0.30234,1.50E-05,0.12001,NaN,NaN,NaN,NaN,NaN,NaN,NaN,NaN,3.17E-04,7.62,45.604,90,0,NaN,15,1013.2,340.39,0.01,0.0074713
0.26,0.32021,2.5763,9.9637,2.5763,9.9637,0,0,0,0,0,0,28.61,-80.598,9.7922,38.961,0,0,0,1083.8,37.112,0.099074,2.76E-04,NaN,18.222,NaN,0.0097338,212782,21.422,0.010909,0.4209,0.35578,0.30087,1.53E-05,0.12001,NaN,NaN,NaN,NaN,NaN,NaN,NaN,NaN,3.30E-04,7.62,45.604,90,0,NaN,15,1013.2,340.39,0.01,0.0077137
0.27,0.34647,2.6759,9.8399,2.6759,9.8399,0,0,0,0,0,0,28.61,-80.598,9.7922,37.702,0,0,0,1083.7,36.999,0.099004,2.76E-04,NaN,18.214,NaN,0.009936,217203,21.287,0.011856,0.41946,0.37109,0.29943,1.56E-05,0.12001,NaN,NaN,NaN,NaN,NaN,NaN,NaN,NaN,3.43E-04,7.62,45.604,90,0,NaN,15,1013.2,340.39,0.01,0.0080219
0.28,0.37372,2.7744,9.716,2.7744,9.716,0,0,0,0,0,0,28.61,-80.598,9.7922,36.505,0,0,0,1083.6,36.888,0.098937,2.76E-04,NaN,18.206,NaN,0.01014,221661,21.151,0.01282,0.41804,0.38529,0.29801,1.59E-05,0.12001,NaN,NaN,NaN,NaN,NaN,NaN,NaN,NaN,3.55E-04,7.62,45.604,90,0,NaN,15,1013.2,340.39,0.01,0.0083409
0.29,0.40195,2.8715,9.5921,2.8715,9.5921,0,0,0,0,0,0,28.61,-80.598,9.7922,35.368,0,0,0,1083.5,36.778,0.098869,2.76E-04,NaN,18.198,NaN,0.010345,226147,21.016,0.013799,0.41665,0.39841,0.29662,1.62E-05,0.12001,NaN,NaN,NaN,NaN,NaN,NaN,NaN,NaN,3.68E-04,7.62,45.604,90,0,NaN,15,1013.2,340.39,0.01,0.0085854
0.3,0.43114,2.9675,9.4681,2.9675,9.4681,0,0,0,0,0,0,28.61,-80.598,9.7922,34.286,0,0,0,1083.4,36.668,0.098802,2.76E-04,NaN,18.19,NaN,0.010551,230653,20.88,0.01479,0.4153,0.4105,0.29527,1.65E-05,0.12001,NaN,NaN,NaN,NaN,NaN,NaN,NaN,NaN,3.80E-04,7.62,45.604,90,0,NaN,15,1013.2,340.39,0.01,0.0088377
0.31,0.46129,3.0622,9.3441,3.0622,9.3441,0,0,0,0,0,0,28.61,-80.598,9.7922,33.385,0,0,0,1083.2,36.557,0.098734,2.76E-04,NaN,18.182,NaN,0.010774,235515,20.745,0.015776,0.41387,0.41998,0.29384,1.68E-05,0.12002,NaN,NaN,NaN,NaN,NaN,NaN,NaN,NaN,3.92E-04,7.62,45.604,90,0,NaN,15,1013.2,340.39,0.01,0.0090792
0.32,0.49238,3.1556,9.2201,3.1556,9.2201,0,0,0,0,0,0,28.61,-80.598,9.7922,32.53,0,0,0,1083.1,36.447,0.098666,2.76E-04,NaN,18.174,NaN,0.010996,240366,20.61,0.016771,0.41249,0.42864,0.29246,1.72E-05,0.12002,NaN,NaN,NaN,NaN,NaN,NaN,NaN,NaN,4.04E-04,7.62,45.604,90,0,NaN,15,1013.2,340.39,0.01,0.0093241
0.33,0.5244,3.2478,9.096,3.2478,9.096,0,0,0,0,0,0,28.61,-80.598,9.7922,31.719,0,0,0,1083,36.337,0.098599,2.76E-04,NaN,18.166,NaN,0.011217,245200,20.474,0.017774,0.41115,0.43652,0.29112,1.75E-05,0.12002,NaN,NaN,NaN,NaN,NaN,NaN,NaN,NaN,4.16E-04,7.62,45.604,90,0,NaN,15,1013.2,340.39,0.01,0.0094769
0.34,0.55733,3.3388,8.9719,3.3388,8.9719,0,0,0,0,0,0,28.61,-80.598,9.7922,30.949,0,0,0,1082.9,36.226,0.098531,2.76E-04,NaN,18.159,NaN,0.011437,250013,20.339,0.018782,0.40985,0.4437,0.28982,1.78E-05,0.12002,NaN,NaN,NaN,NaN,NaN,NaN,NaN,NaN,4.27E-04,7.62,45.604,90,0,NaN,15,1013.2,340.39,0.01,0.0095847
0.35,0.59117,3.4285,8.8478,3.4285,8.8478,0,0,0,0,0,0,28.61,-80.598,9.7922,30.217,0,0,0,1082.8,36.116,0.098463,2.76E-04,NaN,18.151,NaN,0.011656,254800,20.203,0.019795,0.40859,0.45021,0.28856,1.81E-05,0.12002,NaN,NaN,NaN,NaN,NaN,NaN,NaN,NaN,4.39E-04,7.62,45.604,90,0,NaN,15,1013.2,340.39,0.01,0.0096937
0.36,0.62589,3.517,8.7237,3.517,8.7237,0,0,0,0,0,0,28.61,-80.598,9.7922,29.565,0,0,0,1082.7,36.005,0.098396,2.76E-04,NaN,18.143,NaN,0.011879,259673,20.068,0.020807,0.40735,0.45562,0.28731,1.84E-05,0.12002,NaN,NaN,NaN,NaN,NaN,NaN,NaN,NaN,4.50E-04,7.62,45.604,90,0,NaN,15,1013.2,340.39,0.01,0.0098233
0.37,0.6615,3.6043,8.6717,3.6043,8.6717,0,0,0,0,0,0,28.61,-80.598,9.7922,28.946,0,0,0,1082.6,35.895,0.098328,2.76E-04,NaN,18.135,NaN,0.0121,264508,20.01,0.021821,0.40614,0.46052,0.2861,1.87E-05,0.12002,NaN,NaN,NaN,NaN,NaN,NaN,NaN,NaN,4.61E-04,7.62,45.604,90,0,NaN,15,1013.2,340.39,0.01,0.0099379
0.38,0.69798,3.691,8.6921,3.691,8.6921,0,0,0,0,0,0,28.61,-80.598,9.7922,28.352,0,0,0,1082.5,35.786,0.098261,2.76E-04,NaN,18.127,NaN,0.012322,269343,20.032,0.022844,0.40496,0.46497,0.28492,1.91E-05,0.12002,NaN,NaN,NaN,NaN,NaN,NaN,NaN,NaN,4.73E-04,7.62,45.604,90,0,NaN,15,1013.2,340.39,0.01,0.010049
0.39,0.73532,3.7779,8.7123,3.7779,8.7123,0,0,0,0,0,0,28.61,-80.598,9.7922,27.779,0,0,0,1082.4,35.679,0.098196,2.76E-04,NaN,18.119,NaN,0.012545,274217,20.053,0.023886,0.4038,0.46904,0.28376,1.94E-05,0.12002,NaN,NaN,NaN,NaN,NaN,NaN,NaN,NaN,4.84E-04,7.62,45.604,90,0,NaN,15,1013.2,340.39,0.01,0.010165
0.4,0.77354,3.8651,8.7326,3.8651,8.7326,0,0,0,0,0,0,28.61,-80.598,9.7922,27.224,0,0,0,1082.3,35.573,0.09813,2.76E-04,NaN,18.111,NaN,0.012769,279130,20.074,0.024945,0.40265,0.47275,0.28261,1.97E-05,0.12002,NaN,NaN,NaN,NaN,NaN,NaN,NaN,NaN,4.95E-04,7.62,45.604,90,0,NaN,14.99,1013.2,340.39,0.01,0.01029
0.41,0.81262,3.9524,8.7528,3.9524,8.7528,0,0,0,0,0,0,28.61,-80.598,9.7922,26.582,0,0,0,1082.2,35.466,0.098065,2.76E-04,NaN,18.104,NaN,0.012984,283821,20.094,0.026027,0.40159,0.47707,0.28155,2.00E-05,0.12002,NaN,NaN,NaN,NaN,NaN,NaN,NaN,NaN,5.06E-04,7.62,45.604,90,0,NaN,14.99,1013.2,340.39,0.01,0.010404
0.42,0.85258,4.0399,8.773,4.0399,8.773,0,0,0,0,0,0,28.61,-80.598,9.7922,25.961,0,0,0,1082,35.359,0.097999,2.76E-04,NaN,18.096,NaN,0.013201,288558,20.116,0.027122,0.40053,0.48097,0.28049,2.03E-05,0.12002,NaN,NaN,NaN,NaN,NaN,NaN,NaN,NaN,5.17E-04,7.62,45.604,90,0,NaN,14.99,1013.2,340.39,0.01,0.010513
0.43,0.89342,4.1277,8.7933,4.1277,8.7933,0,0,0,0,0,0,28.61,-80.598,9.7922,25.36,0,0,0,1081.9,35.252,0.097933,2.76E-04,NaN,18.088,NaN,0.01342,293340,20.136,0.028232,0.3995,0.48445,0.27945,2.07E-05,0.12002,NaN,NaN,NaN,NaN,NaN,NaN,NaN,NaN,5.28E-04,7.62,45.604,90,0,NaN,14.99,1013.2,340.39,0.01,0.01062
0.44,0.93514,4.2156,8.8135,4.2156,8.8135,0,0,0,0,0,0,28.61,-80.598,9.7922,24.776,0,0,0,1081.8,35.145,0.097868,2.76E-04,NaN,18.08,NaN,0.01364,298164,20.158,0.029355,0.39847,0.48756,0.27842,2.10E-05,0.12002,NaN,NaN,NaN,NaN,NaN,NaN,NaN,NaN,5.40E-04,7.62,45.604,90,0,NaN,14.99,1013.1,340.39,0.01,0.010728
0.45,0.97774,4.3038,8.8337,4.3038,8.8337,0,0,0,0,0,0,28.61,-80.598,9.7922,24.21,0,0,0,1081.7,35.038,0.097802,2.76E-04,NaN,18.073,NaN,0.013863,303031,20.178,0.030491,0.39746,0.49029,0.27741,2.13E-05,0.12002,NaN,NaN,NaN,NaN,NaN,NaN,NaN,NaN,5.51E-04,7.62,45.604,90,0,NaN,14.99,1013.1,340.39,0.01,0.010836
# Event LAUNCHROD occurred at t=0.46 seconds,,,,,,,,,,,,,,,,,,,,,,,,,,,,,,,,,,,,,,,,,,,,,,,,,,,,,
0.46,1.0212,4.3921,8.8539,4.3921,8.8564,0,0,0,0,0,0.21067,28.61,-80.598,9.7922,23.724,0,0,0,1081.6,34.931,0.097736,2.76E-04,39.024,18.065,2.7506,0.014094,308088,20.194,0.031642,0.39643,0.49223,0.27638,2.16E-05,0.12003,3.5352,9.7237,4.93E-05,0,0,0,0,0,5.62E-04,7.62,45.604,90,0,NaN,14.99,1013.1,340.38,0.015,0.011031
0.475,1.0881,4.5249,8.7417,4.5249,8.7442,-2.37E-05,0,2.37E-05,-180,0.0031489,0.20882,28.61,-80.598,9.7922,22.987,0,0.4161,0,1081.5,34.798,0.097655,2.76E-04,38.792,18.055,2.7214,0.01444,315648,20.038,0.033394,0.39493,0.49489,0.27488,2.21E-05,0.12003,3.3537,9.1261,4.60E-04,0,0,0,0,3.11E-04,5.79E-04,7.62,45.604,89.994,1.03E-04,NaN,14.99,1013.1,340.38,0.0225,0.01121
0.4975,1.1921,4.7209,8.4853,4.7209,8.4878,-1.47E-04,0,1.47E-04,-180,0.0077807,0.20217,28.61,-80.598,9.7922,21.948,0,1.0291,-2.89E-06,1081.3,34.605,0.097536,2.76E-04,38.443,18.041,2.6774,0.014955,326897,19.74,0.036027,0.39279,0.49779,0.27274,2.29E-05,0.12003,3.1041,8.3088,4.02E-04,0,0,0,0,0.0017722,6.04E-04,7.62,45.604,89.983,3.10E-04,NaN,14.99,1013.1,340.38,0.03375,0.011352
0.53125,1.3563,5.0058,8.1006,5.0058,8.1028,-5.23E-04,0,5.23E-04,-180,0.01441,0.18961,28.61,-80.598,9.7922,20.813,0,1.9359,1.28E-05,1081,34.318,0.09736,2.76E-04,38.03,18.02,2.6259,0.01574,344055,19.296,0.039996,0.38971,0.49889,0.26965,2.40E-05,0.12003,2.8404,7.4527,2.31E-04,0,0,0,0,0.005661,6.41E-04,7.62,45.604,89.931,6.84E-05,NaN,14.99,1013.1,340.38,0.05,0.011447
0.58125,1.6166,5.4077,7.5324,5.4077,7.5342,-0.0014688,0,0.0014688,-180,0.023214,0.16431,28.61,-80.598,9.7922,19.819,0,3.2943,-3.57E-05,1080.6,33.892,0.097097,2.76E-04,37.638,17.989,2.5786,0.016909,369586,18.766,0.045966,0.38548,0.49687,0.26542,2.57E-05,0.12004,2.6173,6.7348,4.56E-05,0,0,0,0,0.014206,6.92E-04,7.62,45.604,89.8,2.32E-04,NaN,14.99,1013.1,340.38,0.05,0.011539
0.63125,1.8964,5.7845,7.0488,5.7846,7.0497,-0.002817,-1.05E-08,0.002817,-180,0.030229,0.10961,28.61,-80.598,9.7922,18.543,0,4.7114,-2.69E-05,1080.1,33.382,0.096783,2.76E-04,37.088,17.952,2.5112,0.017967,392714,18.24,0.051734,0.38198,0.49527,0.26191,2.72E-05,0.12004,2.342,5.8552,-6.53E-05,0,0,0,0,0.025735,7.41E-04,7.62,45.604,89.599,3.27E-04,NaN,14.99,1013,340.38,0.05,0.011634
0.68125,2.1945,6.1372,6.6665,6.1373,6.6666,-0.0044315,-2.05E-08,0.0044315,-180,0.033637,0.028461,28.61,-80.598,9.7922,17.105,0,6.0481,-5.26E-05,1079.6,32.879,0.096473,2.76E-04,36.395,17.916,2.4251,0.018934,413836,17.824,0.057151,0.37901,0.4927,0.25893,2.86E-05,0.12005,2.0475,4.9274,3.04E-04,0,0,0,0,0.038189,7.86E-04,7.62,45.604,89.33,3.43E-04,NaN,14.99,1013,340.38,0.05,0.011726
0.73125,2.5096,6.4707,6.3287,6.4708,6.3291,-0.0061068,-3.28E-08,0.0061068,-180,0.032461,0.075669,28.61,-80.598,9.7922,15.535,0,7.2846,-1.28E-04,1079.1,32.406,0.096182,2.76E-04,35.534,17.882,2.3166,0.019831,433418,17.457,0.061961,0.37643,0.48699,0.25635,2.99E-05,0.12005,1.7457,3.9935,4.32E-04,0,0,0,0,0.050507,8.28E-04,7.62,45.604,88.998,4.74E-04,NaN,14.98,1013,340.38,0.05,0.011818
0.78125,2.8411,6.7873,5.99,6.7873,5.9932,-0.0075831,-4.41E-08,0.0075831,-180,0.025526,0.19543,28.61,-80.598,9.7922,13.969,0,8.3572,-1.04E-04,1078.6,31.956,0.095904,2.76E-04,34.542,17.849,2.1907,0.02068,451958,17.089,0.065986,0.37413,0.47694,0.25404,3.11E-05,0.12006,1.4659,3.1504,-3.55E-04,0,0,0,0,0.061123,8.69E-04,7.62,45.604,88.602,5.82E-04,NaN,14.98,1012.9,340.38,0.05,0.011911
0.83125,3.1879,7.0869,5.6507,7.0869,5.6604,-0.0085572,-4.96E-08,0.0085572,-180,0.012221,0.33079,28.61,-80.598,9.7922,12.236,0,9.259,-1.49E-04,1078.2,31.507,0.095626,2.76E-04,33.249,17.816,2.0253,0.021465,469111,16.722,0.068917,0.37211,0.46235,0.25201,3.23E-05,0.12006,1.1816,2.3231,-2.45E-04,0,0,0,0,0.069644,9.07E-04,7.62,45.604,88.161,5.95E-04,NaN,14.98,1012.9,340.38,0.05,0.012002
0.88125,3.5494,7.3695,5.309,7.3695,5.327,-0.008696,-4.34E-08,0.008696,-180,0.0076732,0.43752,28.61,-80.598,9.7922,12.045,0,10.018,-2.10E-04,1077.7,31.057,0.095347,2.75E-04,33.091,17.783,2.0089,0.02235,488434,16.355,0.074032,0.36994,0.45814,0.24984,3.35E-05,0.12006,1.1519,2.2389,-3.33E-04,0,0,0,0,0.075205,9.44E-04,7.62,45.604,87.68,6.65E-04,NaN,14.98,1012.8,340.37,0.05,0.012092
0.93125,3.9245,7.635,4.966,7.6351,4.9957,-0.0077199,-1.72E-08,0.0077199,-180,0.032401,0.54391,28.61,-80.598,9.7922,12.08,0,10.91,-2.86E-04,1077.3,30.607,0.095069,2.75E-04,33.12,17.75,2.0171,0.023214,507305,15.988,0.079481,0.36794,0.45594,0.24783,3.48E-05,0.12007,1.1574,2.2514,2.77E-04,0,0,0,0,0.082674,9.78E-04,7.62,45.604,87.158,7.55E-04,NaN,14.97,1012.8,340.37,0.05,0.012211
0.98125,4.3124,7.8833,4.6223,7.8836,4.6709,-0.0053604,4.08E-08,0.0053604,180,0.06322,0.67267,28.61,-80.598,9.7922,11.505,0,11.799,-3.67E-04,1076.8,30.157,0.09479,2.75E-04,32.628,17.718,1.9568,0.023968,523771,15.621,0.083461,0.36627,0.44913,0.24616,3.59E-05,0.12007,1.0699,2.0027,8.18E-05,0,0,0,0,0.090699,0.0010094,7.62,45.604,86.591,8.94E-04,NaN,14.97,1012.7,340.37,0.05,0.012343
1.0313,4.7124,8.1144,4.2775,8.115,4.355,-0.0012912,1.45E-07,0.0012912,179.99,0.10095,0.81782,28.61,-80.598,9.7922,10.533,0,12.606,-4.32E-04,1076.4,29.732,0.094527,2.75E-04,31.721,17.686,1.8418,0.02463,538215,15.256,0.086114,0.36486,0.43885,0.24474,3.68E-05,0.12008,0.92937,1.6134,1.24E-04,0,0,0,0,0.098039,0.001039,7.62,45.604,85.978,0.0010211,NaN,14.97,1012.7,340.37,0.05,0.012443
1.0813,5.1234,8.3282,3.9303,8.3295,4.0417,0.0048483,3.14E-07,0.0048483,0.0037115,0.14589,0.94238,28.61,-80.598,9.7922,10.419,0,13.314,-3.34E-04,1076,29.339,0.094283,2.75E-04,31.608,17.658,1.8307,0.025342,553740,14.89,0.090575,0.3634,0.43606,0.24328,3.78E-05,0.12008,0.91343,1.5693,1.78E-04,0,0,0,0,0.10331,0.0010665,7.62,45.604,85.331,0.0010798,NaN,14.97,1012.6,340.37,0.05,0.012537
1.1313,5.5448,8.5245,3.5811,8.5268,3.7426,0.013385,5.64E-07,0.013385,0.002414,0.19704,1.0874,28.61,-80.598,9.7922,9.6561,0,14.065,-3.64E-04,1075.6,28.952,0.094042,2.75E-04,30.809,17.629,1.7296,0.02593,566569,14.524,0.092981,0.36223,0.42759,0.24211,3.87E-05,0.12009,0.81009,1.291,3.22E-04,0,0,0,0,0.11013,0.0010918,7.62,45.604,84.649,0.0010956,NaN,14.96,1012.6,340.37,0.05,0.012631
1.1813,5.9755,8.7033,3.2298,8.7071,3.4626,0.024679,9.12E-07,0.024679,0.0021172,0.25635,1.2481,28.61,-80.598,9.7922,8.3228,0,14.612,-5.11E-04,1075.2,28.564,0.093801,2.75E-04,29.217,17.601,1.5244,0.026399,576806,14.159,0.093274,0.36133,0.41383,0.2412,3.94E-05,0.12009,0.64296,0.86522,2.78E-04,0,0,0,0,0.11468,0.001115,7.62,45.604,83.933,0.001133,NaN,14.96,1012.6,340.37,0.05,0.012726
1.2313,6.4147,8.8645,2.8763,8.8704,3.1983,0.039136,1.38E-06,0.039136,0.0020156,0.32355,1.3985,28.61,-80.598,9.7922,7.2342,0,14.991,-6.05E-04,1074.9,28.177,0.09356,2.75E-04,27.689,17.573,1.3276,0.026847,586566,13.793,0.093833,0.36048,0.40257,0.24035,4.00E-05,0.12009,0.51934,0.57235,1.84E-04,0,0,0,0,0.1167,0.0011359,7.62,45.604,83.188,0.0011996,NaN,14.96,1012.5,340.36,0.05,0.012821
1.2813,6.8615,9.008,2.5301,9.0168,2.9644,0.05714,1.98E-06,0.05714,0.0019863,0.39819,1.5446,28.61,-80.598,9.7922,6.1175,0,15.24,-7.74E-04,1074.5,27.789,0.093319,2.75E-04,25.853,17.544,1.0904,0.027239,595114,13.437,0.093966,0.35976,0.39163,0.23962,4.06E-05,0.1201,0.40472,0.32409,-3.23E-04,0,0,0,0,0.11716,0.0011548,7.62,45.604,82.431,0.0012705,NaN,14.96,1012.4,340.36,0.05,0.012912
1.3313,7.315,9.1341,2.2581,9.1467,2.8183,0.079057,2.75E-06,0.079057,0.0019927,0.47998,1.6864,28.61,-80.598,9.7922,5.3566,0,15.375,-9.44E-04,1074.1,27.415,0.093086,2.75E-04,24.406,17.517,0.90411,0.027621,603435,13.164,0.094835,0.35907,0.38441,0.23893,4.11E-05,0.1201,0.33372,0.18565,4.35E-04,0,0,0,0,0.11599,0.0011716,7.62,45.604,81.669,0.0013673,NaN,14.95,1012.4,340.36,0.05,0.013003
1.3813,7.7746,9.2465,2.001,9.2639,2.7053,0.10524,3.71E-06,0.10524,0.0020211,0.56859,1.8205,28.61,-80.598,9.7922,4.7939,0,15.46,-0.0010505,1073.8,27.074,0.092874,2.75E-04,23.213,17.492,0.75087,0.027986,611386,12.909,0.096045,0.35842,0.37925,0.23828,4.17E-05,0.1201,0.28496,0.10015,-4.21E-04,0,0,0,0,0.11423,0.0011868,7.62,45.604,80.896,0.0014843,NaN,14.95,1012.3,340.36,0.05,0.013094
1.4313,8.2394,9.346,1.7425,9.3695,2.6108,0.13601,4.90E-06,0.13601,0.0020645,0.66378,1.9443,28.61,-80.598,9.7922,4.4533,0,15.503,-0.0010133,1073.4,26.751,0.092673,2.75E-04,22.433,17.468,0.65157,0.028341,619120,12.654,0.097659,0.3578,0.37604,0.23765,4.22E-05,0.1201,0.25699,0.055679,-4.27E-04,0,0,0,0,0.112,0.0012005,7.62,45.604,80.122,0.0015648,NaN,14.95,1012.3,340.36,0.05,0.013185
1.4813,8.7088,9.4325,1.4822,9.4635,2.5465,0.1717,6.35E-06,0.1717,0.0021183,0.76515,2.0707,28.61,-80.598,9.7922,3.6484,0,15.517,-8.66E-04,1073.1,26.429,0.092471,2.75E-04,20.386,17.444,0.38605,0.0286,624749,12.399,0.097861,0.35735,0.37005,0.2372,4.26E-05,0.12011,0.19557,-0.034191,-4.86E-04,0,0,0,0,0.11018,0.0012128,7.62,45.604,79.349,0.0015927,NaN,14.94,1012.2,340.35,0.05,0.013275
1.5313,9.1823,9.506,1.221,9.546,2.5051,0.21262,8.08E-06,0.21262,0.0021775,0.87288,2.1874,28.61,-80.598,9.7921,2.9555,0,15.472,-8.94E-04,1072.8,26.106,0.09227,2.75E-04,18.352,17.42,0.12222,0.028834,629823,12.144,0.098249,0.35696,0.36554,0.23681,4.29E-05,0.12011,0.14797,-0.089405,-2.84E-05,0,0,0,0,0.10778,0.0012237,7.62,45.604,78.57,0.0015858,NaN,14.94,1012.2,340.35,0.05,0.013365
1.5813,9.6591,9.5664,0.96017,9.617,2.4752,0.25906,1.01E-05,0.25906,0.0022391,0.98597,2.2814,28.61,-80.598,9.7921,3.1591,0,15.415,-7.01E-04,1072.5,25.784,0.092068,2.75E-04,18.979,17.397,0.20761,0.029148,636674,11.889,0.10056,0.35643,0.36613,0.23627,4.33E-05,0.12011,0.16144,-0.07087,-2.53E-04,0,0,0,0,0.10469,0.0012332,7.62,45.604,77.802,0.0015772,NaN,14.94,1012.1,340.35,0.05,0.013471
1.6313,10.139,9.6137,0.69836,9.6768,2.4755,0.31126,1.25E-05,0.31126,0.0023014,1.1036,2.3749,28.61,-80.598,9.7921,2.9904,0,15.373,-4.95E-04,1072.1,25.461,0.091867,2.75E-04,18.461,17.373,0.14279,0.029379,641685,11.634,0.10178,0.35604,0.3648,0.23589,4.37E-05,0.12011,0.15025,-0.081089,2.21E-04,0,0,0,0,0.10249,0.0012414,7.62,45.604,77.028,0.0015391,NaN,14.93,1012.1,340.35,0.05,0.013561
1.6813,10.62,9.6479,0.43709,9.7255,2.4914,0.36947,1.52E-05,0.36947,0.0023633,1.2259,2.4528,28.61,-80.598,9.7921,3.3052,0,15.319,-4.38E-04,1071.8,25.139,0.091665,2.75E-04,19.413,17.349,0.27087,0.029649,647558,11.379,0.10404,0.3556,0.36613,0.23544,4.41E-05,0.12011,0.17138,-0.053089,1.71E-04,0,0,0,0,0.09993,0.0012481,7.62,45.604,76.261,0.0015162,NaN,14.93,1012,340.35,0.05,0.013654
1.7313,11.103,9.669,0.17557,9.7631,2.5314,0.43389,1.84E-05,0.43389,0.0024245,1.3517,2.5253,28.61,-80.598,9.7921,3.5243,0,15.298,-2.89E-04,1071.5,24.816,0.091463,2.75E-04,20.042,17.325,0.35647,0.029876,652487,11.124,0.1059,0.35523,0.36708,0.23507,4.44E-05,0.12012,0.18669,-0.031778,2.03E-04,0,0,0,0,0.098152,0.0012536,7.62,45.604,75.499,0.0014998,NaN,14.93,1012,340.35,0.05,0.013765
1.7813,11.587,9.6771,-0.069841,9.7898,2.603,0.50468,2.19E-05,0.50468,0.0024848,1.4814,2.602,28.61,-80.598,9.7921,3.422,0,15.273,-3.27E-04,1071.2,24.494,0.091261,2.75E-04,19.752,17.302,0.32152,0.030016,655513,10.888,0.10664,0.35501,0.36622,0.23485,4.46E-05,0.12012,0.17948,-0.039081,1.97E-04,0,0,0,0,0.096924,0.0012577,7.62,45.604,74.731,0.001493,NaN,14.92,1011.9,340.34,0.05,0.013868
1.8313,12.071,9.6728,-0.17652,9.8066,2.718,0.58206,2.58E-05,0.58206,0.0025443,1.6148,2.7123,28.61,-80.598,9.7921,3.3274,0,15.244,1.37E-05,1070.9,24.18,0.091065,2.75E-04,19.478,17.278,0.28869,0.030124,657840,10.806,0.10718,0.35484,0.36548,0.23468,4.47E-05,0.12012,0.17291,-0.046218,4.08E-04,0,0,0,0,0.095863,0.0012606,7.62,45.604,73.969,0.001493,NaN,14.92,1011.8,340.34,0.05,0.01396
1.8813,12.554,9.6631,-0.25259,9.821,2.8327,0.66624,3.03E-05,0.66624,0.0026029,1.7535,2.8214,28.61,-80.598,9.7921,3.6236,0,15.217,2.32E-04,1070.6,23.888,0.090882,2.75E-04,20.318,17.257,0.40168,0.030296,661563,10.759,0.10886,0.35457,0.367,0.2344,4.50E-05,0.12012,0.19378,-0.016912,1.20E-04,0,0,0,0,0.094439,0.0012634,7.62,45.604,73.207,0.0014678,NaN,14.92,1011.8,340.34,0.05,0.01405
1.9313,13.037,9.6497,-0.33082,9.8345,2.9529,0.7575,3.52E-05,0.7575,0.0026605,1.8976,2.9343,28.61,-80.598,9.7921,3.644,0,15.214,3.07E-04,1070.3,23.608,0.090706,2.75E-04,20.374,17.236,0.41176,0.030411,664048,10.712,0.10966,0.35438,0.36695,0.23422,4.52E-05,0.12012,0.19525,-0.013048,-9.81E-06,0,0,0,0,0.093692,0.0012661,7.62,45.604,72.445,0.0014446,NaN,14.92,1011.7,340.34,0.05,0.014141
1.9813,13.519,9.6322,-0.41062,9.8475,3.0747,0.8561,4.06E-05,0.8561,0.0027169,2.0476,3.0472,28.61,-80.598,9.7921,3.5897,0,15.199,2.81E-04,1070,23.328,0.09053,2.75E-04,20.224,17.215,0.39484,0.030504,666056,10.665,0.11018,0.35424,0.36645,0.23407,4.53E-05,0.12012,0.19135,-0.017508,4.87E-04,0,0,0,0,0.092949,0.0012689,7.62,45.604,71.688,0.0014435,NaN,14.91,1011.7,340.34,0.05,0.014239
2.0313,14,9.6108,-0.48963,9.86,3.1851,0.96234,4.66E-05,0.96234,0.0027724,2.2029,3.1473,28.61,-80.598,9.7921,4.0494,0,15.199,3.08E-04,1069.7,23.048,0.090354,2.75E-04,21.444,17.195,0.55765,0.030706,670439,10.618,0.11245,0.35392,0.36913,0.23376,4.56E-05,0.12012,0.22535,0.034033,5.96E-05,0,0,0,0,0.091729,0.0012718,7.62,45.604,70.926,0.0014655,NaN,14.91,1011.6,340.33,0.05,0.014332
2.0813,14.48,9.5854,-0.56996,9.8724,3.2968,1.0765,5.31E-05,1.0765,0.0028271,2.3631,3.2472,28.61,-80.598,9.7921,4.4232,0,15.248,2.81E-04,1069.5,22.767,0.090178,2.75E-04,22.362,17.174,0.68085,0.030892,674479,10.571,0.11453,0.35364,0.37145,0.23347,4.59E-05,0.12012,0.25458,0.081869,-6.01E-05,0,0,0,0,0.091209,0.0012747,7.62,45.604,70.164,0.0014855,NaN,14.91,1011.6,340.33,0.05,0.014426
2.1313,14.958,9.5559,-0.65105,9.8848,3.4067,1.1987,6.03E-05,1.1987,0.0028815,2.5283,3.3439,28.61,-80.598,9.7921,4.8526,0,15.328,1.77E-04,1069.2,22.487,0.090002,2.75E-04,23.343,17.153,0.81233,0.031096,678901,10.524,0.11693,0.35332,0.3743,0.23315,4.62E-05,0.12013,0.28989,0.14415,-2.87E-04,0,0,0,0,0.090964,0.0012778,7.62,45.604,69.402,0.0015217,NaN,14.9,1011.5,340.33,0.05,0.014518
2.1813,15.435,9.5224,-0.73481,9.8973,3.5236,1.3294,6.81E-05,1.3294,0.0029356,2.6984,3.4461,28.61,-80.598,9.7921,5.0225,0,15.458,5.02E-04,1068.9,22.207,0.089826,2.75E-04,23.712,17.132,0.86343,0.031235,681906,10.477,0.11832,0.35311,0.37539,0.23294,4.64E-05,0.12013,0.30439,0.17066,5.81E-05,0,0,0,0,0.091695,0.0012811,7.62,45.604,68.635,0.0015503,NaN,14.9,1011.4,340.33,0.05,0.014609
2.2313,15.91,9.4845,-0.82181,9.9104,3.6487,1.4687,7.66E-05,1.4687,0.0029897,2.8738,3.555,28.61,-80.598,9.7921,4.9166,0,15.584,6.77E-04,1068.6,21.927,0.08965,2.75E-04,23.483,17.112,0.83617,0.031295,683184,10.43,0.11847,0.35302,0.37447,0.23285,4.64E-05,0.12013,0.29532,0.15416,3.03E-04,0,0,0,0,0.092844,0.0012846,7.62,45.604,67.855,0.0015622,NaN,14.9,1011.4,340.33,0.05,0.014701
2.2813,16.384,9.4423,-0.90925,9.9241,3.7695,1.6168,8.59E-05,1.6168,0.0030437,3.0547,3.6582,28.61,-80.598,9.7921,4.9933,0,15.704,9.50E-04,1068.3,21.647,0.089473,2.74E-04,23.649,17.091,0.86065,0.0314,685443,10.383,0.1194,0.35286,0.3749,0.23269,4.66E-05,0.12013,0.30187,0.166,-3.19E-04,0,0,0,0,0.093645,0.0012884,7.62,45.604,67.076,0.0015738,NaN,14.89,1011.3,340.32,0.05,0.014793
2.3313,16.855,9.3957,-0.99886,9.9388,3.8934,1.7742,9.59E-05,1.7742,0.0030976,3.2406,3.7631,28.61,-80.598,9.7921,4.9835,0,15.838,0.0014051,1068.1,21.367,0.089297,2.74E-04,23.628,17.07,0.86062,0.031474,687045,10.336,0.1199,0.35275,0.3747,0.23258,4.67E-05,0.12013,0.30103,0.16424,4.45E-04,0,0,0,0,0.094806,0.0012925,7.62,45.604,66.285,0.0015591,NaN,14.89,1011.3,340.32,0.05,0.014926
2.3812,17.323,9.3445,-1.0917,9.9548,4.024,1.941,1.07E-04,1.941,0.0031513,3.4319,3.8731,28.61,-80.598,9.7921,4.7482,0,15.955,0.0014526,1067.8,21.087,0.08912,2.74E-04,23.111,17.049,0.79553,0.031473,686983,10.289,0.1193,0.35276,0.37291,0.23258,4.67E-05,0.12013,0.28113,0.12743,2.24E-04,0,0,0,0,0.096219,0.0012969,7.62,45.604,65.489,0.0015517,NaN,14.89,1011.2,340.32,0.05,0.015024
2.4312,17.789,9.2887,-1.1799,9.9722,4.1322,2.1175,1.18E-04,2.1175,0.0032046,3.6285,3.9602,28.61,-80.598,9.7921,5.3303,0,16.071,0.0014555,1067.5,20.807,0.088944,2.74E-04,24.353,17.028,0.9612,0.031723,692415,10.242,0.12254,0.35238,0.37704,0.2322,4.71E-05,0.12013,0.33137,0.2228,2.66E-04,0,0,0,0,0.096089,0.0013017,7.62,45.604,64.693,0.0015552,NaN,14.88,1011.2,340.32,0.05,0.015117
2.4812,18.252,9.2286,-1.2809,9.9913,4.2268,2.3039,1.31E-04,2.3039,0.0032576,3.8288,4.028,28.61,-80.598,9.7921,6.224,0,16.325,0.0010332,1067.2,20.527,0.088767,2.74E-04,26.041,17.008,1.1855,0.032097,700553,10.177,0.12773,0.35183,0.38391,0.23165,4.76E-05,0.12013,0.41511,0.39485,4.78E-04,0,0,0,0,0.09686,0.0013069,7.62,45.604,63.879,0.0015751,NaN,14.88,1011.1,340.32,0.05,0.015209
2.5312,18.712,9.1633,-1.4133,10.011,4.3254,2.5004,1.44E-04,2.5004,0.0033104,4.0328,4.088,28.61,-80.598,9.7921,6.8388,0,16.714,9.15E-04,1066.9,20.257,0.088597,2.74E-04,27.074,16.987,1.3237,0.032396,707055,10.079,0.13179,0.35139,0.38885,0.23121,4.80E-05,0.12014,0.47736,0.53232,3.83E-04,0,0,0,0,0.099667,0.0013124,7.62,45.604,63.054,0.0016182,NaN,14.88,1011.1,340.32,0.05,0.015301
2.5812,19.168,9.0913,-1.5534,10.031,4.4438,2.7072,1.59E-04,2.7072,0.0033631,4.24,4.1634,28.61,-80.598,9.7921,6.9769,0,17.19,8.08E-04,1066.7,20,0.088434,2.74E-04,27.293,16.968,1.3549,0.032521,709745,9.9793,0.13315,0.35121,0.38989,0.23103,4.82E-05,0.12014,0.49183,0.562,4.07E-04,0,0,0,0,0.10462,0.001318,7.62,45.604,62.206,0.0016782,NaN,14.88,1011,340.31,0.05,0.015393
2.6312,19.621,9.0122,-1.6938,10.051,4.5599,2.9245,1.74E-04,2.9245,0.0034161,4.4512,4.2337,28.61,-80.598,9.7921,7.2548,0,17.68,6.75E-04,1066.4,19.745,0.088274,2.74E-04,27.72,16.949,1.4135,0.0327,713623,9.8801,0.13538,0.35096,0.39211,0.23077,4.85E-05,0.12014,0.52156,0.62773,1.32E-04,0,0,0,0,0.10945,0.0013239,7.62,45.604,61.335,0.0017599,NaN,14.87,1011,340.31,0.05,0.015486
2.6812,20.069,8.9259,-1.8409,10.072,4.6922,3.1524,1.91E-04,3.1524,0.0034694,4.6659,4.316,28.61,-80.598,9.7921,7.213,0,18.236,6.62E-04,1066.2,19.491,0.088113,2.74E-04,27.657,16.93,1.4077,0.032745,714586,9.7809,0.1356,0.35089,0.39166,0.2307,4.85E-05,0.12014,0.51705,0.61141,4.17E-04,0,0,0,0,0.11612,0.0013301,7.62,45.604,60.441,0.0018505,NaN,14.87,1010.9,340.31,0.05,0.015579
2.7312,20.513,8.8321,-1.9923,10.093,4.8326,3.3911,2.09E-04,3.3911,0.0035234,4.8851,4.4028,28.61,-80.598,9.7921,7.0537,0,18.733,8.52E-04,1065.9,19.236,0.087951,2.74E-04,27.413,16.911,1.3782,0.032731,714247,9.6817,0.13498,0.35091,0.39025,0.23073,4.85E-05,0.12014,0.5,0.56624,-4.79E-04,0,0,0,0,0.12265,0.0013365,7.62,45.604,59.513,0.0019528,NaN,14.87,1010.8,340.31,0.05,0.015672
2.7812,20.952,8.7307,-2.1479,10.115,4.9798,3.6409,2.27E-04,3.6409,0.0035782,5.1086,4.4928,28.61,-80.598,9.7921,6.7895,0,19.199,0.0010071,1065.7,18.981,0.08779,2.74E-04,26.995,16.892,1.3258,0.032657,712613,9.5824,0.13359,0.35102,0.388,0.23083,4.84E-05,0.12014,0.47224,0.49647,-3.68E-04,0,0,0,0,0.12942,0.0013434,7.62,45.604,58.568,0.0020522,NaN,14.86,1010.8,340.31,0.05,0.01577
2.8312,21.386,8.6215,-2.2988,10.139,5.1114,3.902,2.47E-04,3.902,0.0036338,5.3366,4.5653,28.61,-80.598,9.7921,6.9912,0,19.621,0.0011794,1065.4,18.726,0.087629,2.74E-04,27.315,16.873,1.3703,0.032784,715342,9.4832,0.13518,0.35084,0.3896,0.23065,4.86E-05,0.12014,0.49333,0.54159,4.37E-04,0,0,0,0,0.13412,0.0013506,7.62,45.604,57.594,0.0021491,NaN,14.86,1010.7,340.3,0.05,0.015863
2.8812,21.814,8.5047,-2.4525,10.165,5.2465,4.1746,2.69E-04,4.1746,0.0036905,5.5678,4.638,28.61,-80.598,9.7921,7.1545,0,20.125,0.0012583,1065.2,18.472,0.087468,2.74E-04,27.568,16.854,1.406,0.032892,717681,9.384,0.13652,0.35069,0.39091,0.2305,4.87E-05,0.12014,0.51074,0.57802,-3.56E-04,0,0,0,0,0.14018,0.0013583,7.62,45.604,56.602,0.0022461,NaN,14.86,1010.7,340.3,0.05,0.015979
2.9312,22.236,8.3802,-2.6046,10.193,5.3748,4.4588,2.92E-04,4.4588,0.0037482,5.8028,4.7016,28.61,-80.598,9.7921,7.5332,0,20.653,0.0013428,1064.9,18.217,0.087306,2.74E-04,28.132,16.835,1.4825,0.033111,722442,9.2848,0.13944,0.35038,0.39401,0.23019,4.91E-05,0.12014,0.55211,0.67286,-4.23E-04,0,0,0,0,0.14568,0.0013665,7.62,45.604,55.583,0.0023334,NaN,14.86,1010.6,340.3,0.05,0.016129
2.9812,22.652,8.2481,-2.7578,10.224,5.5032,4.7549,3.16E-04,4.7549,0.0038069,6.0407,4.7624,28.61,-80.598,9.7921,7.9498,0,21.315,0.0012195,1064.6,17.962,0.087145,2.74E-04,28.718,16.816,1.562,0.033368,728005,9.1856,0.14283,0.35002,0.39743,0.22982,4.94E-05,0.12014,0.59926,0.78357,2.62E-04,0,0,0,0,0.1528,0.0013752,7.62,45.604,54.534,0.0024164,NaN,14.85,1010.6,340.3,0.05,0.016225
3.0312,23.061,8.1081,-2.92,10.257,5.6486,5.0629,3.42E-04,5.0629,0.0038666,6.2819,4.8353,28.61,-80.598,9.7921,8.0569,0,22.045,0.0015475,1064.4,17.708,0.086983,2.74E-04,28.864,16.797,1.5836,0.033467,730149,9.0863,0.14398,0.34988,0.39826,0.22969,4.96E-05,0.12015,0.61169,0.80662,-3.73E-04,0,0,0,0,0.16247,0.0013846,7.62,45.604,53.45,0.0025073,NaN,14.85,1010.6,340.3,0.05,0.016319
3.0812,23.463,7.9599,-3.0858,10.294,5.7976,5.3831,3.69E-04,5.3831,0.0039274,6.527,4.9082,28.61,-80.598,9.7921,8.1566,0,22.784,0.002011,1064.1,17.453,0.086822,2.74E-04,28.998,16.778,1.6037,0.033568,732326,8.9872,0.14512,0.34974,0.39903,0.22955,4.97E-05,0.12015,0.62334,0.82739,-2.63E-04,0,0,0,0,0.1725,0.0013945,7.62,45.604,52.329,0.0025768,NaN,14.85,1010.5,340.3,0.05,0.016414
3.1312,23.857,7.8034,-3.2108,10.334,5.9331,5.7157,3.98E-04,5.7157,0.003989,6.7754,4.9892,28.61,-80.598,9.7921,8.6746,0,23.597,0.002049,1063.9,17.198,0.08666,2.74E-04,29.663,16.759,1.6935,0.033945,740525,8.9339,0.14995,0.34922,0.40322,0.22902,5.03E-05,0.12015,0.68535,0.97936,1.74E-04,0,0,0,0,0.18096,0.0014052,7.62,45.604,51.171,0.0026316,NaN,14.84,1010.4,340.29,0.05,0.016507
3.1812,24.243,7.6408,-3.3041,10.381,6.0654,6.0607,4.29E-04,6.0607,0.0040516,7.0274,5.0864,28.61,-80.598,9.7921,9.3627,0,24.638,0.0017914,1063.6,16.953,0.086504,2.74E-04,30.481,16.741,1.8032,0.0345,752618,8.9222,0.15698,0.34847,0.40867,0.22827,5.11E-05,0.12015,0.77181,1.2004,-1.06E-05,0,0,0,0,0.19097,0.0014168,7.62,45.604,49.966,0.0026985,NaN,14.84,1010.4,340.29,0.05,0.016602
3.2312,24.621,7.4733,-3.4059,10.436,6.2088,6.4185,4.61E-04,6.4185,0.0041148,7.2845,5.1912,28.61,-80.598,9.7921,9.9064,0,25.921,0.0018555,1063.4,16.717,0.086354,2.74E-04,31.079,16.723,1.8839,0.035051,764602,8.9105,0.16364,0.34774,0.41273,0.22753,5.19E-05,0.12016,0.84333,1.384,-1.44E-04,0,0,0,0,0.20478,0.0014297,7.62,45.604,48.703,0.0027698,NaN,14.84,1010.4,340.29,0.05,0.016721
3.2812,24.99,7.3002,-3.5338,10.5,6.3935,6.7893,4.95E-04,6.7893,0.0041788,7.5475,5.3282,28.61,-80.598,9.7921,9.9024,0,27.349,0.0021323,1063.2,16.48,0.086204,2.74E-04,31.075,16.705,1.8857,0.035265,769256,8.8988,0.16549,0.34746,0.41236,0.22725,5.22E-05,0.12016,0.84281,1.3637,3.13E-04,0,0,0,0,0.22522,0.001444,7.62,45.604,47.371,0.0028374,NaN,14.84,1010.3,340.29,0.05,0.01685
3.3312,25.351,7.1203,-3.6712,10.574,6.5866,7.1734,5.31E-04,7.1734,0.0042433,7.8177,5.4687,28.61,-80.598,9.7921,9.8927,0,28.713,0.0021434,1062.9,16.244,0.086054,2.74E-04,31.064,16.688,1.8867,0.035533,775059,8.887,0.1678,0.34712,0.41187,0.2269,5.26E-05,0.12016,0.84148,1.3435,2.59E-04,0,0,0,0,0.24453,0.0014598,7.62,45.604,45.97,0.0029174,NaN,14.84,1010.3,340.29,0.05,0.016943
3.3812,25.702,6.9335,-3.8078,10.658,6.7701,7.5711,5.69E-04,7.5711,0.0043083,8.0946,5.5978,28.61,-80.598,9.7921,10.124,0,30.154,0.0022274,1062.7,16.008,0.085903,2.74E-04,31.307,16.67,1.9209,0.036088,787154,8.8753,0.17359,0.34641,0.41308,0.22619,5.34E-05,0.12017,0.87274,1.4148,7.50E-05,0,0,0,0,0.26144,0.001477,7.62,45.604,44.498,0.0030096,NaN,14.83,1010.2,340.29,0.05,0.017033
3.4312,26.044,6.7397,-3.9575,10.752,6.9671,7.9829,6.09E-04,7.9829,0.004374,8.3781,5.734,28.61,-80.598,9.7921,10.255,0,31.722,0.0023496,1062.5,15.771,0.085753,2.74E-04,31.442,16.652,1.9409,0.036664,799695,8.8636,0.17929,0.34569,0.41337,0.22546,5.42E-05,0.12017,0.89067,1.4484,3.75E-05,0,0,0,0,0.28032,0.0014958,7.62,45.604,42.952,0.0031003,NaN,14.83,1010.2,340.29,0.05,0.017122
3.4812,26.376,6.5379,-4.1272,10.858,7.187,8.4091,6.52E-04,8.4091,0.0044401,8.6687,5.8839,28.61,-80.598,9.7921,10.181,0,33.329,0.0024762,1062.2,15.535,0.085602,2.74E-04,31.367,16.634,1.9334,0.037149,810238,8.8519,0.18346,0.3451,0.41202,0.22486,5.49E-05,0.12018,0.88064,1.4015,-1.02E-04,0,0,0,0,0.30143,0.0015162,7.62,45.604,41.326,0.0031906,NaN,14.83,1010.2,340.29,0.05,0.017213
3.5312,26.698,6.3269,-4.3272,10.975,7.4437,8.8499,6.96E-04,8.8499,0.0045068,8.9673,6.0567,28.61,-80.598,9.7921,9.7414,0,34.852,0.0030511,1062,15.299,0.085452,2.74E-04,30.902,16.617,1.8747,0.037323,814015,8.8402,0.18331,0.34489,0.40787,0.22465,5.51E-05,0.12018,0.82134,1.2128,-2.12E-04,0,0,0,0,0.32654,0.0015383,7.62,45.604,39.62,0.0032868,NaN,14.83,1010.1,340.28,0.05,0.017309
3.5812,27.008,6.1053,-4.5481,11.104,7.718,9.3059,7.43E-04,9.3059,0.0045741,9.2749,6.2355,28.61,-80.598,9.7921,9.149,0,36.112,0.0038679,1061.7,15.062,0.085301,2.74E-04,30.235,16.599,1.7895,0.037366,814937,8.8268,0.1813,0.34484,0.40247,0.2246,5.52E-05,0.12018,0.74449,0.98293,-1.64E-04,0,0,0,0,0.34977,0.0015623,7.62,45.604,37.845,0.0033802,NaN,14.82,1010.1,340.28,0.05,0.017399
3.6312,27.308,5.8724,-4.7818,11.246,7.9919,9.7776,7.92E-04,9.7776,0.0046418,9.5913,6.4035,28.61,-80.598,9.7921,8.5926,0,37.131,0.0048375,1061.5,14.827,0.085151,2.74E-04,29.561,16.581,1.7034,0.037474,817275,8.8068,0.17998,0.34471,0.39726,0.22447,5.54E-05,0.12018,0.67541,0.78328,1.49E-04,0,0,0,0,0.36765,0.001588,7.62,45.604,36.013,0.0034742,NaN,14.82,1010,340.28,0.05,0.017494
3.6812,27.595,5.6277,-5.011,11.401,8.2473,10.265,8.44E-04,10.265,0.0047101,9.9157,6.5504,28.61,-80.598,9.7921,8.3279,0,37.977,0.0056806,1061.3,14.594,0.085002,2.74E-04,29.223,16.564,1.6613,0.03799,828492,8.7863,0.1835,0.34409,0.39414,0.22385,5.61E-05,0.12019,0.64354,0.69447,3.63E-05,0,0,0,0,0.37424,0.0016157,7.62,45.604,34.135,0.0035581,NaN,14.82,1010,340.28,0.05,0.017585
3.7312,27.87,5.3716,-5.2504,11.57,8.5063,10.769,8.98E-04,10.769,0.0047788,10.247,6.6926,28.61,-80.598,9.7921,8.0392,0,38.781,0.0063392,1061,14.362,0.084854,2.74E-04,28.841,16.546,1.6134,0.038545,840580,8.7657,0.18729,0.34344,0.39078,0.22319,5.69E-05,0.12019,0.60964,0.60446,-3.53E-04,0,0,0,0,0.37909,0.0016451,7.62,45.604,32.216,0.0036313,NaN,14.82,1010,340.28,0.05,0.017698
3.7812,28.132,5.1031,-5.4986,11.752,8.7673,11.29,9.55E-04,11.29,0.004848,10.586,6.8287,28.61,-80.598,9.7921,7.7407,0,39.476,0.0070308,1060.8,14.13,0.084706,2.74E-04,28.429,16.529,1.5617,0.039159,853956,8.7451,0.19157,0.34274,0.38728,0.22248,5.78E-05,0.1202,0.57542,0.51777,3.87E-04,0,0,0,0,0.38057,0.0016764,7.62,45.604,30.259,0.0036968,NaN,14.82,1010,340.28,0.05,0.017788
3.8312,28.381,4.8221,-5.7512,11.947,9.0241,11.828,0.0010152,11.828,0.0049177,10.931,6.9539,28.61,-80.598,9.7921,7.4994,0,40.108,0.0075075,1060.6,13.898,0.084558,2.74E-04,28.083,16.511,1.5186,0.039963,871472,8.7245,0.19788,0.34184,0.38411,0.22158,5.89E-05,0.12021,0.54841,0.45608,-2.20E-04,0,0,0,0,0.37721,0.0017095,7.62,45.604,28.269,0.003772,NaN,14.82,1009.9,340.28,0.05,0.017887
3.8812,28.614,4.5282,-6.021,12.157,9.2937,12.383,0.001078,12.383,0.0049877,11.282,7.0796,28.61,-80.598,9.7921,7.0921,0,40.665,0.0084792,1060.4,13.666,0.084409,2.74E-04,27.472,16.494,1.4407,0.040551,884280,8.7039,0.20144,0.3412,0.37978,0.22093,5.98E-05,0.12021,0.50405,0.34927,-3.41E-04,0,0,0,0,0.3766,0.0017445,7.62,45.604,26.249,0.0038421,NaN,14.81,1009.9,340.28,0.05,0.017996
3.9312,28.833,4.2205,-6.296,12.381,9.5603,12.956,0.0011438,12.956,0.0050581,11.639,7.1944,28.61,-80.598,9.7921,6.7076,0,41.081,0.0092321,1060.1,13.434,0.084261,2.74E-04,26.862,16.476,1.3629,0.041253,899555,8.6833,0.20617,0.34045,0.3756,0.22017,6.08E-05,0.12022,0.46376,0.26054,-1.67E-04,0,0,0,0,0.37138,0.0017814,7.62,45.604,24.205,0.0039225,NaN,14.81,1009.9,340.28,0.05,0.018097
3.9812,29.036,3.8989,-6.5735,12.62,9.8205,13.547,0.0012127,13.547,0.0051289,12.002,7.2961,28.61,-80.598,9.7921,6.373,0,41.411,0.0099001,1059.9,13.202,0.084113,2.74E-04,26.3,16.459,1.2915,0.042162,919358,8.6627,0.21312,0.3395,0.37171,0.21921,6.21E-05,0.12023,0.42983,0.19385,-3.72E-04,0,0,0,0,0.36129,0.0018202,7.62,45.604,22.143,0.004011,NaN,14.81,1009.8,340.27,0.05,0.01819
4.0312,29.223,3.5633,-6.862,12.873,10.086,14.156,0.0012848,14.156,0.0052001,12.37,7.3921,28.61,-80.598,9.7921,5.9416,0,41.647,0.011231,1059.7,12.97,0.083964,2.74E-04,25.533,16.441,1.1932,0.042914,935750,8.6421,0.21817,0.33873,0.3673,0.21843,6.32E-05,0.12024,0.38778,0.10997,-6.11E-05,0,0,0,0,0.35272,0.0018608,7.62,45.604,20.066,0.0040939,NaN,14.81,1009.8,340.27,0.05,0.018301
4.0812,29.392,3.2129,-7.1617,13.141,10.359,14.784,0.0013602,14.784,0.0052716,12.742,7.4852,28.61,-80.598,9.7921,5.3953,0,41.744,0.013428,1059.4,12.738,0.083815,2.74E-04,24.484,16.424,1.0577,0.043336,944932,8.6234,0.21956,0.33831,0.36249,0.21801,6.38E-05,0.12024,0.33719,0.0087683,-3.05E-04,0,0,0,0,0.3475,0.0019033,7.62,45.604,17.98,0.0041726,NaN,14.81,1009.8,340.27,0.05,0.018395
4.1312,29.544,2.8475,-7.4512,13.424,10.624,15.431,0.0014391,15.431,0.0053435,13.119,7.5725,28.61,-80.598,9.7921,4.9838,0,41.7,0.015083,1059.2,12.506,0.083667,2.74E-04,23.629,16.406,0.94779,0.044216,964106,8.62,0.22602,0.33745,0.35845,0.21713,6.51E-05,0.12025,0.30106,-0.047303,-1.24E-04,0,0,0,0,0.33311,0.0019477,7.62,45.604,15.894,0.0042487,NaN,14.81,1009.8,340.27,0.05,0.018483
4.1812,29.677,2.4678,-7.7439,13.723,10.887,16.096,0.0015215,16.096,0.0054158,13.5,7.6524,28.61,-80.598,9.7921,4.5503,0,41.581,0.016901,1059,12.276,0.08352,2.74E-04,22.66,16.389,0.82298,0.045065,982615,8.62,0.23218,0.33664,0.35448,0.21631,6.63E-05,0.12026,0.26484,-0.10081,4.84E-04,0,0,0,0,0.31883,0.001994,7.62,45.604,13.811,0.0043256,NaN,14.81,1009.8,340.27,0.05,0.018574
4.2312,29.79,2.0732,-8.0378,14.038,11.145,16.781,0.0016075,16.781,0.0054885,13.884,7.7198,28.61,-80.598,9.7921,4.1239,0,41.362,0.019094,1058.7,12.047,0.083373,2.73E-04,21.632,16.372,0.69032,0.045987,1002716,8.62,0.2392,0.33579,0.35069,0.21544,6.76E-05,0.12027,0.23106,-0.14355,9.99E-05,0,0,0,0,0.30297,0.0020422,7.62,45.604,11.737,0.0044105,NaN,14.81,1009.8,340.27,0.05,0.018664
4.2812,29.884,1.664,-8.3316,14.368,11.395,17.485,0.0016972,17.485,0.0055615,14.271,7.7742,28.61,-80.598,9.7921,3.7088,0,41.071,0.021726,1058.5,11.817,0.083226,2.73E-04,20.55,16.354,0.55064,0.047038,1025606,8.62,0.24767,0.33484,0.34709,0.21448,6.91E-05,0.12029,0.19995,-0.17562,-6.30E-05,0,0,0,0,0.28552,0.0020922,7.62,45.604,9.6761,0.0044872,NaN,14.81,1009.8,340.27,0.05,0.018752
4.3312,29.957,1.24,-8.6265,14.714,11.642,18.208,0.0017907,18.208,0.0056349,14.661,7.8182,28.61,-80.598,9.7921,3.2757,0,40.708,0.02545,1058.3,11.588,0.083079,2.73E-04,19.327,16.337,0.39235,0.047984,1046230,8.62,0.25524,0.334,0.34373,0.21363,7.05E-05,0.1203,0.16936,-0.20345,-4.80E-04,0,0,0,0,0.26954,0.0021441,7.62,45.604,7.6312,0.0045593,NaN,14.81,1009.7,340.27,0.05,0.01884
4.3812,30.008,0.80138,-8.9185,15.074,11.88,18.951,0.0018882,18.951,0.0057087,15.053,7.848,28.61,-80.598,9.7921,2.8616,0,40.284,0.030113,1058,11.359,0.082931,2.73E-04,18.053,16.32,0.22751,0.04918,1072309,8.62,0.26562,0.33298,0.34052,0.2126,7.22E-05,0.12031,0.14189,-0.2194,3.94E-04,0,0,0,0,0.25127,0.0021978,7.62,45.604,5.6064,0.004611,NaN,14.8,1009.7,340.27,0.05,0.018958
4.4312,30.036,0.34821,-9.2081,15.45,12.109,19.713,0.0019896,19.713,0.0057829,15.446,7.8644,28.61,-80.598,9.7921,2.4446,0,39.811,0.035319,1057.8,11.13,0.082784,2.73E-04,16.655,16.302,0.046345,0.050581,1102842,8.62,0.2784,0.33183,0.33742,0.21142,7.77E-05,0.12033,0.11599,-0.22673,-4.93E-04,0,0,0,0,0.23201,0.0022531,7.62,45.604,3.6038,0.0046657,NaN,14.8,1009.7,340.27,0.05,0.01905
4.4812,30.042,-0.1194,-9.4961,15.84,12.334,20.495,0.0020952,20.495,0.0058573,15.839,7.8716,28.61,-80.598,9.7921,2.0141,0,39.3,0.044144,1057.6,10.9,0.082637,2.73E-04,15.073,16.285,-0.15902,0.051793,1129287,8.62,0.28958,0.33088,0.33473,0.21044,8.67E-05,0.12035,0.091128,-0.22985,1.57E-04,0,0,0,0,0.21563,0.0023101,7.62,45.604,1.6259,0.0047008,NaN,14.8,1009.7,340.27,0.05,0.019139
# Event APOGEE occurred at t=4.5312 seconds,,,,,,,,,,,,,,,,,,,,,,,,,,,,,,,,,,,,,,,,,,,,,,,,,,,,,
4.5312,30.024,-0.60133,-9.7805,16.244,12.553,21.297,0.0022049,21.297,0.0059318,16.233,7.8693,28.61,-80.598,9.7921,1.5898,0,38.765,0.058677,1057.4,10.671,0.082489,2.73E-04,13.354,16.267,-0.38229,0.052867,1152695,8.62,0.2997,0.33005,0.33249,0.20959,9.47E-05,0.12036,0.068475,-0.22715,-3.54E-04,0,0,0,0,0.20136,0.0023687,7.62,45.604,-0.32577,0.0047216,NaN,14.8,1009.7,340.27,0.05,0.01929
4.5812,29.982,-1.0974,-10.06,16.662,12.763,22.119,0.0023189,22.119,0.0060069,16.626,7.8544,28.61,-80.598,9.7921,1.1645,0,38.22,0.083892,1057.1,10.442,0.082342,2.73E-04,11.447,16.25,-0.63034,0.054142,1180491,8.62,0.31238,0.3291,0.33043,0.20862,1.04E-04,0.12038,0.047614,-0.21692,5.01E-05,0,0,0,0,0.18664,0.0024289,7.62,45.604,-2.2504,0.0046973,NaN,14.81,1009.7,340.27,0.05,0.019384
4.6312,29.914,-1.6073,-10.335,17.094,12.966,22.96,0.0024371,22.96,0.0060819,17.018,7.8291,28.61,-80.598,9.7921,0.7382,0,37.684,0.14064,1056.9,10.212,0.082194,2.73E-04,9.3186,16.233,-0.90736,0.055456,1209165,8.62,0.32602,0.32815,0.3287,0.20764,1.14E-04,0.1204,0.028567,-0.19844,-2.77E-04,0,0,0,0,0.17293,0.0024905,7.62,45.604,-4.1479,0.0046219,NaN,14.81,1009.7,340.27,0.05,0.019473
4.6812,29.821,-2.1308,-10.604,17.539,13.162,23.821,0.0025596,23.821,0.0061564,17.409,7.7962,28.61,-80.598,9.7921,0.33626,0,37.176,0.34183,1056.7,9.983,0.082047,2.73E-04,7.0787,16.215,-1.199,0.056569,1233427,8.62,0.33798,0.32738,0.32749,0.20684,1.22E-04,0.12042,0.012318,-0.17663,4.53E-04,0,0,0,0,0.16175,0.0025536,7.62,45.604,-6.0195,0.0044121,NaN,14.81,1009.8,340.27,0.05,0.019562
4.7312,29.701,-2.6676,-10.868,17.997,13.35,24.701,0.0026864,24.701,0.0062315,17.798,7.7532,28.61,-80.598,9.7921,0.066807,0,-36.666,2.0064,1056.4,9.7537,0.081899,2.73E-04,5.4302,16.198,-1.4131,0.057767,1259564,8.62,0.35146,0.32656,0.32656,0.20599,1.31E-04,0.12043,0.002355,0.14794,4.25E-06,0,0,0,0,-0.15088,0.0026181,7.62,45.604,-7.8667,0.0038802,NaN,14.81,1009.8,340.27,0.05,0.019651
4.7812,29.554,-3.2176,-11.131,18.467,13.532,25.6,0.0028173,25.6,0.0063054,18.184,7.6958,28.61,-80.598,9.7921,0.53024,0,-36.327,0.26745,1056.2,9.5244,0.081752,2.73E-04,8.1905,16.181,-1.0486,0.059385,1294857,8.62,0.37053,0.32549,0.32577,0.20489,1.43E-04,0.12046,0.019953,0.11938,3.84E-04,0,0,0,0,-0.14014,0.0026839,7.62,45.604,-9.6927,0.0036432,NaN,14.81,1009.8,340.27,0.05,0.019742
4.8312,29.379,-3.7807,-11.394,18.948,13.711,26.519,0.0029522,26.519,0.0063782,18.567,7.6259,28.61,-80.598,9.7921,1.0328,0,-35.987,0.13976,1056,9.2951,0.081604,2.73E-04,10.814,16.163,-0.702,0.061157,1333517,8.62,0.39253,0.32437,0.3254,0.20373,1.56E-04,0.12049,0.041528,0.1004,4.42E-04,0,0,0,0,-0.12968,0.0027509,7.62,45.604,-11.5,0.0035517,NaN,14.81,1009.8,340.27,0.05,0.01983
4.8812,29.176,-4.3571,-11.66,19.441,13.888,27.457,0.0030911,27.457,0.0064504,18.947,7.5433,28.61,-80.598,9.7921,1.5696,0,-35.666,0.092533,1055.8,9.0658,0.081456,2.73E-04,13.268,16.146,-0.37767,0.063026,1374303,8.62,0.4171,0.32323,0.32556,0.20254,1.70E-04,0.12052,0.067437,0.094334,-6.59E-05,0,0,0,0,-0.11993,0.002819,7.62,45.604,-13.291,0.0035098,NaN,14.81,1009.8,340.27,0.05,0.019929
4.9312,28.943,-4.9468,-11.926,19.945,14.063,28.414,0.0032339,28.414,0.0065208,19.322,7.4527,28.61,-80.598,9.7921,2.0733,0,-35.321,0.070502,1055.5,8.8365,0.081308,2.73E-04,15.3,16.128,-0.10871,0.064659,1409937,8.62,0.43992,0.32227,0.32623,0.20154,1.82E-04,0.12054,0.094435,0.10145,-1.12E-04,0,0,0,0,-0.11176,0.0028882,7.62,45.604,-15.066,0.0035097,NaN,14.81,1009.9,340.27,0.05,0.020027
4.9812,28.681,-5.5496,-12.185,20.459,14.234,29.389,0.0033806,29.389,0.0065907,19.692,7.3572,28.61,-80.598,9.7921,2.5035,0,-34.918,0.059238,1055.3,8.6072,0.08116,2.73E-04,16.86,16.111,0.098373,0.065942,1437942,8.62,0.45892,0.32154,0.3272,0.20078,1.92E-04,0.12057,0.11954,0.1169,-1.67E-04,0,0,0,0,-0.10501,0.0029585,7.62,45.604,-16.823,0.0035647,NaN,14.81,1009.9,340.28,0.05,0.020135
5.0312,28.388,-6.1652,-12.441,20.983,14.401,30.383,0.0035312,30.383,0.0066589,20.057,7.2517,28.61,-80.598,9.7921,2.9237,0,-34.427,0.051058,1055.1,8.3779,0.081012,2.73E-04,18.251,16.093,0.2832,0.067235,1466189,8.62,0.47885,0.32082,0.32838,0.20003,2.01E-04,0.12059,0.1459,0.13974,-4.76E-04,0,0,0,0,-0.098185,0.0030299,7.62,45.604,-18.557,0.0036851,NaN,14.82,1009.9,340.28,0.05,0.020226
5.0812,28.064,-6.7938,-12.701,21.517,14.565,31.395,0.0036858,31.395,0.0067265,20.417,7.1299,28.61,-80.598,9.7921,3.3951,0,-33.8,0.043446,1054.8,8.1486,0.080864,2.73E-04,19.674,16.076,0.47222,0.068806,1500474,8.62,0.50386,0.31998,0.32993,0.19915,2.13E-04,0.12062,0.1776,0.17386,4.51E-04,0,0,0,0,-0.090373,0.0031021,7.62,45.604,-20.263,0.0038715,NaN,14.82,1010,340.28,0.05,0.020315
5.1312,27.708,-7.4353,-12.959,22.061,14.726,32.424,0.0038445,32.424,0.0067936,20.77,6.9949,28.61,-80.598,9.7921,3.8741,0,-32.969,0.036678,1054.6,7.9193,0.080716,2.73E-04,20.991,16.058,0.64734,0.070485,1537153,8.62,0.5317,0.3191,0.33175,0.19823,2.25E-04,0.12065,0.21213,0.21935,3.03E-04,0,0,0,0,-0.08193,0.0031753,7.62,45.604,-21.933,0.0040923,NaN,14.82,1010,340.28,0.05,0.020402
5.1812,27.32,-8.0893,-13.198,22.613,14.875,33.472,0.0040072,33.472,0.0068595,21.116,6.8624,28.61,-80.598,9.7921,4.2271,0,-31.902,0.031915,1054.4,7.69,0.080568,2.73E-04,21.888,16.041,0.76732,0.071822,1566365,8.62,0.55451,0.31842,0.33321,0.19752,2.35E-04,0.12067,0.23907,0.25725,-2.34E-04,0,0,0,0,-0.073884,0.0032492,7.62,45.604,-23.556,0.0043266,NaN,14.82,1010,340.28,0.05,0.020489
5.2312,26.899,-8.7551,-13.437,23.173,15.021,34.536,0.0041741,34.536,0.0069248,21.456,6.7136,28.61,-80.598,9.7921,4.6258,0,-30.618,0.028422,1054.1,7.4607,0.080419,2.73E-04,22.834,16.023,0.89378,0.073487,1602721,8.62,0.58354,0.31761,0.33493,0.19666,2.48E-04,0.1207,0.27101,0.30687,3.07E-04,0,0,0,0,-0.065006,0.003324,7.62,45.604,-25.12,0.0046161,NaN,14.83,1010.1,340.28,0.05,0.020576
5.2812,26.445,-9.4326,-13.651,23.742,15.151,35.617,0.0043452,35.617,0.0069901,21.788,6.5711,28.61,-80.598,9.7921,4.8996,0,-29.014,0.02618,1053.9,7.2314,0.080271,2.73E-04,23.446,16.006,0.9764,0.074929,1634240,8.62,0.60874,0.31692,0.33606,0.19593,2.58E-04,0.12073,0.29387,0.34283,-1.60E-04,0,0,0,0,-0.056148,0.0033994,7.62,45.604,-26.612,0.0049784,NaN,14.83,1010.2,340.28,0.05,0.020664
5.3312,25.956,-10.12,-13.856,24.319,15.272,36.715,0.0045208,36.715,0.0070548,22.113,6.4213,28.61,-80.598,9.7921,5.1679,0,-27.214,0.024554,1053.7,7.0021,0.080123,2.73E-04,24.019,15.988,1.0538,0.076584,1670401,8.62,0.63795,0.31615,0.33711,0.19511,2.70E-04,0.12076,0.31701,0.38119,4.08E-04,0,0,0,0,-0.047287,0.0034757,7.62,45.604,-28.019,0.0054678,NaN,14.83,1010.2,340.29,0.05,0.02075
5.3812,25.432,-10.818,-14.052,24.903,15.384,37.828,0.004701,37.828,0.0071201,22.43,6.2634,28.61,-80.598,9.7921,5.4386,-4.00E-07,-25.073,0.019855,1053.5,6.7728,0.079974,2.73E-04,24.571,15.971,1.1286,0.078503,1712338,8.62,0.6724,0.31528,0.33813,0.1942,2.85E-04,0.1208,0.34109,0.4227,2.89E-04,0,0,0,0,-0.038199,0.0035525,7.62,45.604,-29.327,0.0060109,NaN,14.83,1010.3,340.29,0.05,0.020844
5.4312,24.874,-11.525,-14.216,25.493,15.473,38.957,0.004886,38.957,0.007186,22.739,6.1086,28.61,-80.598,9.7921,5.6103,-1.24E-06,-22.635,0.017699,1053.2,6.5435,0.079826,2.73E-04,24.908,15.953,1.1752,0.080407,1753950,8.6117,0.70622,0.31446,0.3385,0.19332,2.99E-04,0.12084,0.35675,0.44932,1.60E-04,0,0,0,0,-0.029676,0.0036299,7.62,45.604,-30.521,0.0065495,NaN,14.84,1010.3,340.29,0.05,0.020935
5.4812,24.28,-12.239,-14.331,26.09,15.515,40.102,0.0050762,40.102,0.0072525,23.042,5.9464,28.61,-80.598,9.7921,5.6618,-4.91E-07,-19.984,0.016083,1053,6.3146,0.079677,2.73E-04,25.008,15.936,1.1905,0.082266,1794602,8.5724,0.7383,0.31367,0.33804,0.19248,3.13E-04,0.12088,0.3615,0.45281,2.25E-04,0,0,0,0,-0.022096,0.003708,7.62,45.604,-31.587,0.0071425,NaN,14.84,1010.4,340.29,0.05,0.021022
5.5312,23.65,-12.958,-14.395,26.693,15.526,41.261,0.0052718,41.261,0.0073201,23.336,5.8174,28.61,-80.598,9.7921,5.5238,-9.58E-07,-17.287,0.015271,1052.8,6.0865,0.079529,2.73E-04,24.739,15.919,1.1576,0.083892,1830172,8.5301,0.76391,0.31301,0.33631,0.19177,3.25E-04,0.12091,0.34882,0.41955,4.33E-04,0,0,0,0,-0.015899,0.0037864,7.62,45.604,-32.519,0.0078192,NaN,14.85,1010.5,340.3,0.05,0.021109
5.5812,22.984,-13.679,-14.441,27.3,15.544,42.436,0.005473,42.436,0.0073894,23.625,5.7515,28.61,-80.598,9.7921,5.2408,-9.11E-07,-14.793,0.013699,1052.5,5.8587,0.079382,2.73E-04,24.17,15.901,1.0851,0.085403,1863254,8.5284,0.78545,0.31241,0.33364,0.19112,3.36E-04,0.12095,0.32343,0.36185,2.02E-04,0,0,0,0,-0.011235,0.0038653,7.62,45.604,-33.319,0.0085359,NaN,14.85,1010.6,340.3,0.05,0.021196
5.6312,22.282,-14.402,-14.477,27.914,15.572,43.624,0.0056804,43.624,0.0074605,23.912,5.7359,28.61,-80.598,9.7921,4.8666,-3.47E-07,-12.623,0.011667,1052.3,5.6301,0.079233,2.73E-04,23.374,15.884,0.98296,0.08692,1896457,8.5634,0.80583,0.31182,0.33043,0.19049,3.47E-04,0.12098,0.29108,0.29431,2.81E-04,0,0,0,0,-0.0078972,0.003945,7.62,45.604,-34.003,0.0092389,NaN,14.86,1010.6,340.3,0.05,0.021282
5.6812,21.544,-15.126,-14.516,28.536,15.599,44.827,0.0058943,44.827,0.0075338,24.198,5.7094,28.61,-80.598,9.7921,4.5751,-3.47E-07,-10.801,0.008792,1052.1,5.401,0.079084,2.73E-04,22.717,15.866,0.89912,0.088863,1938977,8.5984,0.83545,0.31109,0.32773,0.1897,3.62E-04,0.12103,0.26686,0.2451,-3.59E-04,0,0,0,0,-0.0055324,0.0040257,7.62,45.604,-34.588,0.0098509,NaN,14.86,1010.7,340.3,0.05,0.021369
5.7312,20.769,-15.852,-14.543,29.166,15.616,46.044,0.0061149,46.044,0.0076095,24.482,5.6888,28.61,-80.598,9.7921,4.2753,0,-9.1816,0.0082735,1051.9,5.1718,0.078936,2.73E-04,22.006,15.849,0.80807,0.090944,1984508,8.6334,0.8679,0.31033,0.32503,0.18887,3.77E-04,0.12108,0.24285,0.20043,-4.45E-04,0,0,0,0,-0.0038163,0.0041072,7.62,45.604,-35.086,0.010459,NaN,14.86,1010.8,340.31,0.05,0.021457
5.7812,19.958,-16.579,-14.529,29.803,15.611,47.275,0.0063426,47.275,0.0076868,24.766,5.7117,28.61,-80.598,9.7921,3.7619,-4.08E-07,-7.9034,0.0099695,1051.6,4.9426,0.078787,2.73E-04,20.693,15.831,0.63811,0.092581,2020372,8.6684,0.88942,0.30975,0.32138,0.18824,3.89E-04,0.12111,0.20383,0.13241,2.45E-04,0,0,0,0,-0.0027287,0.0041896,7.62,45.604,-35.512,0.011142,NaN,14.87,1010.9,340.31,0.05,0.021545
5.8312,19.111,-17.304,-14.527,30.447,15.611,48.52,0.0065778,48.52,0.0077676,25.051,5.7149,28.61,-80.598,9.7921,3.3778,-5.46E-07,-7.0737,0.0097042,1051.4,4.7135,0.078638,2.73E-04,19.624,15.813,0.50012,0.094619,2065008,8.7034,0.92098,0.30904,0.31857,0.18747,4.04E-04,0.12116,0.1764,0.090299,-2.52E-04,0,0,0,0,-0.0020926,0.004273,7.62,45.604,-35.885,0.01189,NaN,14.88,1011,340.31,0.05,0.021638
5.8812,18.228,-18.031,-14.509,31.097,15.582,49.78,0.0068209,49.78,0.0078507,25.336,5.6846,28.61,-80.598,9.7921,3.0521,-8.43E-07,-6.4481,0.0087319,1051.2,4.4843,0.078489,2.73E-04,18.652,15.796,0.37488,0.096836,2113568,8.7038,0.9575,0.3083,0.31618,0.18666,4.21E-04,0.12122,0.15431,0.059099,-9.73E-05,0,0,0,0,-0.0016602,0.0043571,7.62,45.604,-36.222,0.012701,NaN,14.88,1011.1,340.32,0.05,0.021751
5.9312,17.308,-18.755,-14.447,31.751,15.516,51.054,0.0070722,51.054,0.0079366,25.62,5.6609,28.61,-80.598,9.7921,2.566,-8.01E-07,-6.0871,0.0046143,1050.9,4.2551,0.07834,2.73E-04,17.075,15.778,0.17023,0.098634,2152969,8.6729,0.98475,0.30772,0.31339,0.18602,4.34E-04,0.12126,0.12335,0.022611,-4.19E-04,0,0,0,0,-0.001426,0.0044418,7.62,45.604,-36.534,0.013442,NaN,14.89,1011.2,340.32,0.05,0.021839
5.9812,16.353,-19.476,-14.379,32.408,15.447,52.342,0.0073323,52.342,0.008026,25.903,5.6449,28.61,-80.598,9.7921,2.0378,-7.74E-07,-6.0235,0.0018783,1050.7,4.0259,0.07819,2.73E-04,15.164,15.761,-0.078256,0.10028,2189070,8.642,1.0097,0.3072,0.31086,0.18545,4.49E-04,0.12131,0.092449,-0.0057899,-4.16E-04,0,0,0,0,-0.0013509,0.0045268,7.62,45.604,-36.836,0.014072,NaN,14.89,1011.3,340.32,0.05,0.021997
6.0312,15.361,-20.194,-14.321,33.068,15.383,53.644,0.0076013,53.644,0.0081188,26.186,5.6173,28.61,-80.598,9.7921,1.5811,-7.73E-07,-6.1536,5.53E-04,1050.5,3.7968,0.078041,2.73E-04,13.317,15.743,-0.31839,0.10203,2227579,8.6111,1.039,0.30668,0.30892,0.18485,4.78E-04,0.12135,0.068026,-0.020526,-1.74E-04,0,0,0,0,-0.0013618,0.0046121,7.62,45.604,-37.14,0.01479,NaN,14.9,1011.4,340.33,0.05,0.022112
6.0812,14.333,-20.909,-14.274,33.729,15.325,54.961,0.0078795,54.961,0.0082145,26.466,5.5761,28.61,-80.598,9.7921,1.2152,-7.06E-07,-6.3793,-0.0059737,1050.3,3.5676,0.077892,2.73E-04,11.685,15.726,-0.53025,0.10393,2269203,8.5803,1.0731,0.30612,0.30747,0.18421,5.10E-04,0.1214,0.050004,-0.024957,-2.84E-04,0,0,0,0,-0.0014104,0.0046976,7.62,45.604,-37.453,0.015581,NaN,14.91,1011.6,340.33,0.05,0.022202
6.1312,13.27,-21.622,-14.227,34.392,15.267,56.291,0.0081673,56.291,0.008313,26.744,5.5368,28.61,-80.598,9.7921,0.83514,-6.10E-07,-6.6285,-0.016757,1050,3.3384,0.077743,2.73E-04,9.8235,15.708,-0.77223,0.10571,2308183,8.5494,1.1058,0.30562,0.30626,0.18363,5.40E-04,0.12145,0.032735,-0.023717,-1.31E-04,0,0,0,0,-0.0014719,0.0047833,7.62,45.604,-37.778,0.016372,NaN,14.91,1011.7,340.34,0.05,0.022292
6.1812,12.171,-22.333,-14.182,35.056,15.211,57.635,0.008465,57.635,0.008415,27.021,5.4989,28.61,-80.598,9.7921,0.44314,-6.37E-07,-6.8377,-0.050715,1049.8,3.1093,0.077593,2.73E-04,7.6987,15.69,-1.0488,0.10737,2344764,8.5193,1.1377,0.30516,0.30535,0.1831,5.68E-04,0.1215,0.016477,-0.016173,-4.45E-04,0,0,0,0,-0.0015181,0.0048691,7.62,45.604,-38.115,0.017167,NaN,14.92,1011.8,340.34,0.05,0.02238
6.2312,11.037,-23.042,-14.156,35.72,15.174,58.993,0.0087729,58.993,0.0085205,27.295,5.4647,28.61,-80.598,9.7921,0.13034,-6.55E-07,-6.9425,-0.22523,1049.6,2.8804,0.077444,2.73E-04,5.8304,15.673,-1.2916,0.10916,2384061,8.51,1.175,0.30506,0.30507,0.18291,5.97E-04,0.12155,0.004637,-0.0049035,-4.86E-04,0,0,0,0,-0.0015141,0.0049551,7.62,45.604,-38.46,0.017973,NaN,14.93,1012,340.35,0.05,0.022478
6.2812,9.8669,-23.749,-14.142,36.387,15.147,60.364,0.0090913,60.364,0.0086293,27.568,5.4241,28.61,-80.598,9.7921,0.077389,-6.88E-07,6.9299,-0.4355,1049.3,2.6529,0.077295,2.72E-04,5.4973,15.655,-1.3331,0.11115,2427830,8.51,1.2188,0.30514,0.30515,0.1829,6.31E-04,0.12161,0.0027322,-0.0047036,4.77E-05,0,0,0,0,0.001455,0.0050412,7.62,45.604,-38.808,0.018684,NaN,14.94,1012.1,340.35,0.05,0.022568
6.3312,8.6618,-24.456,-14.116,37.054,15.114,61.75,0.0094205,61.75,0.008741,27.838,5.4011,28.61,-80.598,9.7922,0.40126,-7.14E-07,6.8262,-0.10038,1049.1,2.4266,0.077148,2.72E-04,7.4579,15.638,-1.0735,0.11283,2464784,8.51,1.2569,0.30521,0.30536,0.1829,6.59E-04,0.12166,0.014834,-0.016849,-4.91E-04,0,0,0,0,0.00137,0.0051274,7.62,45.604,-39.152,0.01948,NaN,14.94,1012.2,340.35,0.05,0.022875
6.3812,7.4214,-25.161,-14.088,37.724,15.078,63.148,0.009761,63.148,0.0088562,28.108,5.3748,28.61,-80.598,9.7922,0.66652,-7.07E-07,6.5735,-0.071018,1048.9,2.2002,0.077,2.72E-04,8.9369,15.62,-0.87709,0.11464,2504423,8.51,1.299,0.30529,0.3057,0.18289,6.89E-04,0.12171,0.025548,-0.023218,-3.51E-04,0,0,0,0,0.0012308,0.0052139,7.62,45.604,-39.488,0.020488,NaN,14.95,1012.4,340.36,0.05,0.022966
6.4312,6.1457,-25.864,-14.054,38.394,15.025,64.56,0.010113,64.56,0.0089754,28.375,5.3137,28.61,-80.598,9.7922,0.78656,-6.28E-07,6.2682,-0.065271,1048.7,1.9738,0.076852,2.72E-04,9.5721,15.603,-0.79145,0.11678,2551519,8.4861,1.3493,0.30538,0.30595,0.18288,7.25E-04,0.12177,0.030634,-0.02516,3.42E-04,0,0,0,0,0.0010784,0.0053005,7.62,45.604,-39.809,0.021547,NaN,14.96,1012.5,340.36,0.05,0.023055
6.4812,4.8349,-26.566,-13.876,39.065,14.796,65.986,0.010478,65.986,0.009098,28.64,5.1377,28.61,-80.598,9.7922,1.0729,-5.56E-07,5.9324,-0.054188,1048.4,1.7495,0.076705,2.72E-04,11.009,15.586,-0.60061,0.11852,2.59E+06,8.2655,1.3927,0.30545,0.3065,0.18287,7.54E-04,0.12183,0.043363,-0.026828,-2.87E-04,0,0,0,0,9.38E-04,0.0053871,7.62,45.604,-40.114,0.022745,NaN,14.97,1012.7,340.37,0.05,0.023144
6.5312,3.4893,-27.259,-13.676,39.725,14.533,67.424,0.010856,67.424,0.0092252,28.897,4.9188,28.61,-80.598,9.7922,1.2499,-6.71E-07,5.5873,-0.04843,1048.2,1.5302,0.076562,2.72E-04,11.846,15.569,-0.48856,0.1205,2633413,8.0013,1.4419,0.30554,0.30695,0.18286,7.87E-04,0.12189,0.051651,-0.025987,-2.57E-04,0,0,0,0,8.05E-04,0.0054723,7.62,45.604,-40.403,0.023855,NaN,14.98,1012.8,340.38,0.05,0.023233
6.5812,2.1093,-27.942,-13.463,40.373,14.256,68.875,0.011247,68.875,0.0093564,29.142,4.689,28.61,-80.598,9.7922,1.3959,-6.03E-07,5.238,-0.042634,1048,1.3136,0.07642,2.72E-04,12.509,15.552,-0.39931,0.12252,2677854,7.722,1.4929,0.30563,0.30738,0.18285,8.21E-04,0.12195,0.058733,-0.024268,-2.44E-04,0,0,0,0,6.84E-04,0.0055558,7.62,45.604,-40.673,0.02487,NaN,14.99,1013,340.38,0.05,0.023322
6.6312,0.69537,-28.614,-13.201,41.009,13.926,70.338,0.011653,70.338,0.0094922,29.376,4.4352,28.61,-80.598,9.7922,1.6051,-5.18E-07,4.9318,-0.036774,1047.8,1.1033,0.076282,2.72E-04,13.419,15.536,-0.27774,0.12435,2718276,7.3865,1.5413,0.30571,0.30801,0.18285,8.52E-04,0.12201,0.069259,-0.020177,4.40E-04,0,0,0,0,5.89E-04,0.0056375,7.62,45.604,-40.927,0.025724,NaN,15,1013.2,340.39,0.05,0.023411
# Event GROUND_HIT occurred at t=6.6812 seconds,,,,,,,,,,,,,,,,,,,,,,,,,,,,,,,,,,,,,,,,,,,,,,,,,,,,,
# Event SIMULATION_END occurred at t=6.6812 seconds,,,,,,,,,,,,,,,,,,,,,,,,,,,,,,,,,,,,,,,,,,,,,,,,,,,,,
