Time,Normal force coefficient (?)
0,NaN
1.50E-04,NaN
3.50E-04,NaN
5.50E-04,NaN
7.50E-04,NaN
9.50E-04,NaN
0.00115,NaN
0.00135,NaN
0.00155,NaN
0.00175,NaN
0.00195,NaN
0.00215,NaN
0.00235,NaN
0.00255,NaN
0.00275,NaN
0.00295,NaN
0.00315,NaN
0.00335,NaN
0.00355,NaN
0.00375,NaN
0.00395,NaN
0.00415,NaN
0.00435,NaN
0.00455,NaN
0.00475,NaN
0.00495,NaN
0.00515,NaN
0.00535,NaN
0.00555,NaN
0.00575,2.2221
0.00605,2.2221
0.0065,2.2221
0.007175,2.2221
0.008175,2.2221
0.009175,2.222
0.010175,2.222
0.011175,2.2219
0.012175,2.2217
0.013175,2.2214
0.014175,2.221
0.015175,2.2204
0.016175,2.2197
0.017175,2.2188
0.018175,2.2178
0.019175,2.2167
0.020175,2.2154
0.021175,2.214
0.022175,2.2125
0.023175,2.2109
0.024175,2.2092
0.025175,2.2073
0.026175,2.2053
0.027175,2.2032
0.028175,2.201
0.029175,2.1986
0.030175,2.1962
0.031175,2.1936
0.032175,2.1909
0.033175,2.1882
0.034175,2.1853
0.035175,2.1823
0.036175,2.1793
0.037175,2.1761
0.038175,2.1728
0.039175,2.1695
0.040175,2.166
0.041175,2.1625
0.042175,2.1589
0.043175,2.1552
0.044175,2.1514
0.045175,2.1476
0.046175,2.1436
0.047175,2.1396
0.048175,2.1356
0.049175,2.1314
0.050175,2.1272
0.051175,2.1229
0.052175,2.1186
0.053175,2.1142
0.054175,2.1097
0.055175,2.1052
0.056175,2.1006
0.057175,2.096
0.058175,2.0913
0.059175,2.0866
0.060175,2.0818
0.061175,2.077
0.062175,2.0721
0.063175,2.0673
0.064175,2.0623
0.065175,2.0573
0.066175,2.0523
0.067175,2.0473
0.068175,2.0422
0.069175,2.0371
0.070175,2.032
0.071175,2.0269
0.072175,2.0217
0.073175,2.0165
0.074175,2.0113
0.075175,2.006
0.076175,2.0008
0.077175,1.9955
0.078175,1.9902
0.079175,1.9849
0.080175,1.9796
0.081175,1.9742
0.082175,1.9688
0.083175,1.9634
0.084175,1.958
0.085175,1.9526
0.086175,1.9472
0.087175,1.9417
0.088175,1.9363
0.089175,1.9308
0.090175,1.9253
0.091175,1.9198
0.092175,1.9143
0.093175,1.9088
0.094175,1.9033
0.095175,1.8978
0.096175,1.8923
0.097175,1.8868
0.098175,1.8813
0.099175,1.8758
0.10018,1.8703
0.10118,1.8647
0.10218,1.8592
0.10318,1.8537
0.10418,1.8482
0.10518,1.8427
0.10618,1.8372
0.10718,1.8317
0.10818,1.8262
0.10918,1.8207
0.11018,1.8153
0.11118,1.8098
0.11218,1.8044
0.11318,1.7989
0.11418,1.7935
0.11518,1.7881
0.11618,1.7826
0.11718,1.7772
0.11818,1.7719
0.11918,1.7665
0.12018,1.7611
0.12118,1.7558
0.12218,1.7504
0.12318,1.7451
0.12418,1.7398
0.12518,1.7345
0.12618,1.7292
0.12718,1.724
0.12818,1.7187
0.12918,1.7135
0.13018,1.7083
0.13118,1.7031
0.13218,1.6979
0.13318,1.6928
0.13418,1.6876
0.13518,1.6825
0.13618,1.6774
0.13718,1.6723
0.13818,1.6672
0.13918,1.6622
0.14018,1.6572
0.14118,1.6522
0.14218,1.6472
0.14318,1.6422
0.14418,1.6373
0.14518,9.4131
0.14618,9.3519
0.14718,9.2912
0.14818,9.231
0.14918,9.1711
0.15018,9.1118
0.15118,9.0528
0.15218,8.9944
0.15318,8.9363
0.15418,8.8787
0.15518,8.8216
0.15618,8.7648
0.15718,8.7085
0.15818,8.6527
0.15918,8.5973
0.16018,8.5423
0.16118,8.4877
0.16218,8.4336
0.16318,8.3799
0.16418,8.3266
0.16518,8.2738
0.16618,8.2213
0.16718,8.1693
0.16818,8.1177
0.16918,8.0665
0.17018,8.0157
0.17118,7.9654
0.17218,7.9154
0.17318,7.8658
0.17418,7.8167
0.17518,7.7679
0.17618,7.7196
0.17718,7.6716
0.17818,7.624
0.17918,7.5768
0.18018,7.53
0.18118,7.4836
0.18218,7.4376
0.18318,7.3919
0.18418,7.3466
0.18518,7.3017
0.18618,7.2571
0.18718,7.213
0.18818,7.1692
0.18918,7.1257
0.19018,7.0826
0.19118,7.0399
0.19218,6.9975
0.19318,6.9555
0.19418,6.9138
0.19518,6.8725
0.19618,6.8315
0.19718,6.7908
0.19818,6.7505
0.19918,6.7105
0.20018,6.6709
0.20118,6.6316
0.20218,6.5926
0.20318,6.554
0.20418,6.5157
0.20518,6.4778
0.20618,6.4402
0.20718,6.403
0.20818,6.3661
0.20918,6.3295
0.21018,6.2932
0.21118,6.2573
0.21218,6.2217
0.21318,6.1864
0.21418,6.1515
0.21518,6.1168
0.21618,6.0825
0.21718,6.0484
0.21818,6.0147
0.21918,5.9813
0.22018,5.9481
0.22118,5.9153
0.22218,5.8827
0.22318,5.8505
0.22418,5.8185
0.22518,5.7868
0.22618,5.7554
0.22718,5.7243
0.22818,5.6934
0.22918,5.6628
0.23018,5.6325
0.23118,5.6025
0.23218,5.5727
0.23318,5.5432
0.23418,5.5139
0.23518,5.4849
0.23618,5.4561
0.23718,5.4276
0.23818,5.3994
0.23918,5.3714
0.24018,5.3436
0.24118,5.3161
0.24218,5.2888
0.24318,5.2618
0.24418,5.235
0.24518,5.2084
0.24618,5.1821
0.24718,5.1559
0.24818,5.13
0.24918,5.1044
0.25018,5.0789
0.25118,5.0537
0.25218,5.0287
0.25318,5.0039
0.25418,4.9793
0.25518,4.9549
0.25618,4.9307
0.25718,4.9068
0.25818,4.883
0.25918,4.8594
0.26018,4.8361
0.26118,4.8129
0.26218,4.7899
0.26318,4.7672
0.26418,4.7446
0.26518,4.7222
0.26618,4.7
0.26718,4.6779
0.26818,4.6561
0.26918,4.6344
0.27018,4.613
0.27118,4.5917
0.27218,4.5706
0.27318,4.5496
0.27418,4.5288
0.27518,4.5083
0.27618,4.4878
0.27718,4.4676
0.27818,4.4475
0.27918,4.4275
0.28018,4.4078
0.28118,4.3882
0.28218,4.3687
0.28318,4.3495
0.28418,4.3303
0.28518,4.3114
0.28618,4.2925
0.28718,4.2739
0.28818,4.2554
0.28918,4.237
0.29018,4.2188
0.29118,4.2007
0.29218,4.1828
0.29318,4.165
0.29418,4.1474
0.29518,4.1299
0.29618,4.1126
0.29718,4.0953
0.29818,4.0783
0.29918,4.0613
0.30018,4.0445
0.30118,4.0278
0.30218,4.0113
0.30318,3.9949
0.30418,3.9786
0.30518,3.9625
0.30618,3.9464
0.30718,3.9305
0.30818,3.9148
0.30918,3.8991
0.31018,3.8836
0.31118,3.8682
0.31218,3.8529
0.31318,3.8377
0.31418,3.8226
0.31518,3.8077
0.31618,3.7929
0.31718,3.7781
0.31818,3.7635
0.31918,3.749
0.32018,3.7346
0.32118,3.7204
0.32218,3.7062
0.32318,3.6921
0.32418,3.6781
0.32518,3.6643
0.32618,3.6505
0.32718,3.6369
0.32818,3.6233
0.32918,3.6099
0.33018,3.5965
0.33118,3.5833
0.33218,3.5701
0.33318,3.557
0.33418,3.5441
0.33518,3.5312
0.33618,3.5184
0.33718,3.5057
0.33818,3.4931
0.33918,3.4807
0.34018,3.4682
0.34118,3.4559
0.34218,3.4437
0.34318,3.4316
0.34418,3.4195
0.34518,3.4076
0.34618,3.3957
0.34718,3.3839
0.34818,3.3722
0.34918,3.3606
0.35018,3.349
0.35118,3.3376
0.35218,3.3262
0.35318,3.3149
0.35418,3.3037
0.35518,3.2926
0.35618,3.2815
0.35718,3.2706
0.35818,3.2597
0.35918,3.2488
0.36018,3.2381
0.36118,3.2274
0.36218,3.2169
0.36318,3.2063
0.36418,3.1959
0.36518,3.1855
0.36618,3.1753
0.36718,3.165
0.36818,3.1549
0.36918,3.1448
0.37018,3.1348
0.37118,3.1249
0.37218,3.115
0.37318,3.1052
0.37418,3.0955
0.37518,3.0858
0.37618,3.0762
0.37718,3.0667
0.37818,3.0572
0.37918,3.0479
0.38018,3.0385
0.38118,3.0293
0.38218,3.0201
0.38318,3.0109
0.38418,3.0019
0.38518,2.9928
0.38618,2.9839
0.38718,2.975
0.38818,2.9662
0.38918,2.9574
0.39018,2.9487
0.39118,2.9401
0.39218,2.9315
0.39318,2.923
0.39418,2.9145
0.39518,2.9061
0.39618,2.8977
0.39718,2.8894
0.39818,2.8812
0.39918,2.873
0.40018,2.8649
0.40118,2.8568
0.40218,2.8488
0.40318,2.8408
0.40418,2.8329
0.40518,2.825
0.40618,2.8172
0.40718,2.8095
0.40818,2.8018
0.40918,2.7941
0.41018,2.7865
0.41118,2.779
0.41218,2.7715
0.41318,2.7641
0.41418,2.7567
0.41518,2.7493
0.41618,2.742
0.41718,2.7348
0.41818,2.7276
0.41918,2.7204
0.42018,2.7133
0.42118,2.7063
0.42218,2.6993
0.42318,2.6923
0.42418,2.6854
0.42518,2.6785
0.42618,2.6717
0.42718,2.6649
0.42818,2.6582
0.42918,2.6515
0.43018,2.6449
0.43118,2.6383
0.43218,2.6317
0.43318,2.6252
0.43418,2.6187
0.43518,2.6123
0.43618,2.6059
0.43718,2.5996
0.43818,2.5933
0.43918,2.587
0.44018,2.5808
0.44118,2.5746
0.44218,2.5685
0.44318,2.5624
0.44418,2.5563
0.44518,2.5503
0.44618,2.5444
0.44718,2.5384
0.44818,2.5325
0.44918,2.5267
0.45018,2.5209
0.45118,2.5151
0.45218,2.5093
0.45318,2.5036
0.45418,2.498
0.45518,2.4923
0.45618,2.4867
0.45718,2.4812
0.45818,2.4757
0.45918,2.4702
0.46018,2.4647
0.46118,2.4593
0.46218,2.4539
0.46318,2.4486
0.46418,2.4433
0.46518,2.438
0.46618,2.4328
0.46718,2.4276
0.46818,2.4224
0.46918,2.4173
0.47018,2.4122
0.47118,2.4072
0.47218,2.4022
0.47318,2.3972
0.47418,2.3922
0.47518,2.3873
0.47618,2.3825
0.47718,2.3776
0.47818,2.3728
0.47918,2.368
0.48018,2.3633
0.48118,2.3586
0.48218,2.3539
0.48318,2.3493
0.48418,2.3447
0.48518,2.3401
0.48618,2.3355
0.48718,2.331
0.48818,2.3266
0.48918,2.3221
0.49018,2.3177
0.49118,2.3133
0.49218,2.309
0.49318,2.3046
0.49418,2.3004
0.49518,2.2961
0.49618,2.2919
0.49718,2.2877
0.49818,2.2835
0.49918,2.2794
0.50018,2.2752
0.50118,2.2712
0.50218,2.2671
0.50318,2.2631
0.50418,2.2591
0.50518,2.2551
0.50618,2.2512
0.50718,2.2473
0.50818,2.2434
0.50918,2.2396
0.51018,2.2357
0.51118,2.2319
0.51218,2.2282
0.51318,2.2244
0.51418,2.2207
0.51518,2.217
0.51618,2.2134
0.51718,2.2097
0.51818,2.2061
0.51918,2.2025
0.52018,2.199
0.52118,2.1954
0.52218,2.1919
0.52318,2.1885
0.52418,2.185
0.52518,2.1816
0.52618,2.1782
0.52718,2.1748
0.52818,2.1715
0.52918,2.1681
0.53018,2.1648
0.53118,2.1616
0.53218,2.1583
0.53318,2.1551
0.53418,2.1519
0.53518,2.1487
0.53618,2.1455
0.53718,2.1424
0.53818,2.1393
0.53918,2.1362
0.54018,2.1331
0.54118,2.1301
0.54218,2.1271
0.54318,2.1241
0.54418,2.1211
0.54518,2.1182
0.54618,2.1152
0.54718,2.1123
0.54818,2.1095
0.54918,2.1066
0.55018,2.1038
0.55118,2.101
0.55218,2.0982
0.55318,2.0954
0.55418,2.0926
0.55518,2.0899
0.55618,2.0872
0.55718,2.0845
0.55818,2.0819
0.55918,2.0792
0.56018,2.0766
0.56118,2.074
0.56218,2.0714
0.56318,2.0689
0.56418,2.0663
0.56518,2.0638
0.56618,2.0613
0.56718,2.0588
0.56818,2.0564
0.56918,2.0539
0.57018,2.0515
0.57118,2.0491
0.57218,2.0467
0.57318,2.0444
0.57418,2.042
0.57518,2.0397
0.57618,2.0374
0.57718,2.0351
0.57818,2.0328
0.57918,2.0305
0.58018,2.0282
0.58118,2.026
0.58218,2.0238
0.58318,2.0215
0.58418,2.0193
0.58518,2.0171
0.58618,2.015
0.58718,2.0128
0.58818,2.0106
0.58918,2.0085
0.59018,2.0063
0.59118,2.0042
0.59218,2.0021
0.59318,2
0.59418,1.998
0.59518,1.9959
0.59618,1.9938
0.59718,1.9918
0.59818,1.9898
0.59918,1.9877
0.60018,1.9857
0.60118,1.9837
0.60218,1.9818
0.60318,1.9798
0.60418,1.9778
0.60518,1.9759
0.60618,1.974
0.60718,1.972
0.60818,1.9701
0.60918,1.9682
0.61018,1.9663
0.61118,1.9645
0.61218,1.9626
0.61318,1.9608
0.61418,1.9589
0.61518,1.9571
0.61618,1.9553
0.61718,1.9535
0.61818,1.9517
0.61918,1.9499
0.62018,1.9481
0.62118,1.9464
0.62218,1.9446
0.62318,1.9429
0.62418,1.9412
0.62518,1.9395
0.62618,1.9378
0.62718,1.9361
0.62818,1.9344
0.62918,1.9327
0.63018,1.9311
0.63118,1.9294
0.63218,1.9278
0.63318,1.9262
0.63418,1.9246
0.63518,1.923
0.63618,1.9214
0.63718,1.9198
0.63818,1.9182
0.63918,1.9167
0.64018,1.9151
0.64118,1.9136
0.64218,1.9121
0.64318,1.9106
0.64418,1.9091
0.64518,1.9076
0.64618,1.9061
0.64718,1.9046
0.64818,1.9032
0.64918,1.9017
0.65018,1.9003
0.65118,1.8988
0.65218,1.8974
0.65318,1.896
0.65418,1.8946
0.65518,1.8932
0.65618,1.8918
0.65718,1.8905
0.65818,1.8891
0.65918,1.8878
0.66018,1.8864
0.66118,1.8851
0.66218,1.8838
0.66318,1.8825
0.66418,1.8812
0.66518,1.8799
0.66618,1.8786
0.66718,1.8773
0.66818,1.8761
0.66918,1.8748
0.67018,1.8736
0.67118,1.8723
0.67218,1.8711
0.67318,1.8699
0.67418,1.8687
0.67518,1.8675
0.67618,1.8663
0.67718,1.8651
0.67818,1.864
0.67918,1.8628
0.68018,1.8617
0.68118,1.8605
0.68218,1.8594
0.68318,1.8583
0.68418,1.8572
0.68518,1.8561
0.68618,1.855
0.68718,1.8539
0.68818,1.8529
0.68918,1.8518
0.69018,1.8507
0.69118,1.8497
0.69218,1.8487
0.69318,1.8476
0.69418,1.8466
0.69518,1.8456
0.69618,1.8446
0.69718,1.8436
0.69818,1.8427
0.69918,1.8417
0.70018,1.8407
0.70118,1.8398
0.70218,1.8388
0.70318,1.8379
0.70418,1.837
0.70518,1.836
0.70618,1.8351
0.70718,1.8342
0.70818,1.8333
0.70918,1.8325
0.71018,1.8316
0.71118,1.8307
0.71218,1.8299
0.71318,1.829
0.71418,1.8282
0.71518,1.8273
0.71618,1.8265
0.71718,1.8257
0.71818,1.8249
0.71918,1.8241
0.72018,1.8233
0.72118,1.8225
0.72218,1.8218
0.72318,1.821
0.72418,1.8202
0.72518,1.8195
0.72618,1.8187
0.72718,1.818
0.72818,1.8173
0.72918,1.8166
0.73018,1.8159
0.73118,1.8152
0.73218,1.8145
0.73318,1.8138
0.73418,1.8131
0.73518,1.8125
0.73618,1.8118
0.73718,1.8112
0.73818,1.8105
0.73918,1.8099
0.74018,1.8093
0.74118,1.8086
0.74218,1.808
0.74318,1.8074
0.74418,1.8068
0.74518,1.8063
0.74618,1.8057
0.74718,1.8051
0.74818,1.8045
0.74918,1.804
0.75018,1.8034
0.75118,1.8029
0.75218,1.8024
0.75318,1.8019
0.75418,1.8013
0.75518,1.8008
0.75618,1.8003
0.75718,1.7998
0.75818,1.7994
0.75918,1.7989
0.76018,1.7984
0.76118,1.798
0.76218,1.7975
0.76318,1.7971
0.76418,1.7966
0.76518,1.7962
0.76618,1.7958
0.76718,1.7953
0.76818,1.7949
0.76918,1.7945
0.77018,1.7941
0.77118,1.7938
0.77218,1.7934
0.77318,1.793
0.77418,1.7926
0.77518,1.7923
0.77618,1.7919
0.77718,1.7916
0.77818,1.7913
0.77918,1.7909
0.78018,1.7906
0.78118,1.7903
0.78218,1.79
0.78318,1.7897
0.78418,1.7894
0.78518,1.7891
0.78618,1.7889
0.78718,1.7886
0.78818,1.7883
0.78918,1.7881
0.79018,1.7878
0.79118,1.7876
0.79218,1.7874
0.79318,1.7871
0.79418,1.7869
0.79518,1.7867
0.79618,1.7865
0.79718,1.7863
0.79818,1.7861
0.79918,1.7859
0.80018,1.7857
0.80118,1.7856
0.80218,1.7854
0.80318,1.7853
0.80418,1.7851
0.80518,1.785
0.80618,1.7848
0.80718,1.7847
0.80818,1.7846
0.80918,1.7845
0.81018,1.7843
0.81118,1.7842
0.81218,1.7841
0.81318,1.7841
0.81418,1.784
0.81518,1.7839
0.81618,1.7838
0.81718,1.7838
0.81818,1.7837
0.81918,1.7837
0.82018,1.7836
0.82118,1.7836
0.82218,1.7835
0.82318,1.7835
0.82418,1.7835
0.82518,1.7835
0.82618,1.7835
0.82718,1.7835
0.82818,1.7835
0.82918,1.7835
0.83018,1.7835
0.83118,1.7836
0.83218,1.7836
0.83318,1.7836
0.83418,1.7837
0.83518,1.7837
0.83618,1.7838
0.83718,1.7839
0.83818,1.7839
0.83918,1.784
0.84018,1.7841
0.84118,1.7842
0.84218,1.7843
0.84318,1.7844
0.84418,1.7845
0.84518,1.7846
0.84618,1.7848
0.84718,1.7849
0.84818,1.785
0.84918,1.7852
0.85018,1.7853
0.85118,1.7855
0.85218,1.7857
0.85318,1.7858
0.85418,1.786
0.85518,1.7862
0.85618,1.7864
0.85718,1.7866
0.85818,1.7868
0.85918,1.787
0.86018,1.7872
0.86118,1.7874
0.86218,1.7876
0.86318,1.7879
0.86418,1.7881
0.86518,1.7884
0.86618,1.7886
0.86718,1.7889
0.86818,1.7891
0.86918,1.7894
0.87018,1.7897
0.87118,1.79
0.87218,1.7903
0.87318,1.7906
0.87418,1.7909
0.87518,1.7912
0.87618,1.7915
0.87718,1.7918
0.87818,1.7921
0.87918,1.7925
0.88018,1.7928
0.88118,1.7931
0.88218,1.7935
0.88318,1.7938
0.88418,1.7942
0.88518,1.7946
0.88618,1.795
0.88718,1.7953
0.88818,1.7957
0.88918,1.7961
0.89018,1.7965
0.89118,1.7969
0.89218,1.7973
0.89318,1.7978
0.89418,1.7982
0.89518,1.7986
0.89618,1.799
0.89718,1.7995
0.89818,1.7999
0.89918,1.8004
0.90018,1.8008
0.90118,1.8013
0.90218,1.8018
0.90318,1.8023
0.90418,1.8028
0.90518,1.8032
0.90618,1.8037
0.90718,1.8042
0.90818,1.8048
0.90918,1.8053
0.91018,1.8058
0.91118,1.8063
0.91218,1.8068
0.91318,1.8074
0.91418,1.8079
0.91518,1.8085
0.91618,1.809
0.91718,1.8096
0.91818,1.8102
0.91918,1.8107
0.92018,1.8113
0.92118,1.8119
0.92218,1.8125
0.92318,1.8131
0.92418,1.8137
0.92518,1.8143
0.92618,1.8149
0.92718,1.8156
0.92818,1.8162
0.92918,1.8168
0.93018,1.8175
0.93118,1.8181
0.93218,1.8188
0.93318,1.8194
0.93418,1.8201
0.93518,1.8208
0.93618,1.8214
0.93718,1.8221
0.93818,1.8228
0.93918,1.8235
0.94018,1.8242
0.94118,1.8249
0.94218,1.8256
0.94318,1.8263
0.94418,1.8271
0.94518,1.8278
0.94618,1.8285
0.94718,1.8293
0.94818,1.83
0.94918,1.8308
0.95018,1.8315
0.95118,1.8323
0.95218,1.833
0.95318,1.8338
0.95418,1.8346
0.95518,1.8354
0.95618,1.8362
0.95718,1.837
0.95818,1.8378
0.95918,1.8386
0.96018,1.8394
0.96118,1.8402
0.96218,1.8411
0.96318,1.8419
0.96418,1.8427
0.96518,1.8436
0.96618,1.8444
0.96718,1.8453
0.96818,1.8462
0.96918,1.847
0.97018,1.8479
0.97118,1.8488
0.97218,1.8497
0.97318,1.8506
0.97418,1.8515
0.97518,1.8524
0.97618,1.8533
0.97718,1.8542
0.97818,1.8551
0.97918,1.856
0.98018,1.857
0.98118,1.8579
0.98218,1.8589
0.98318,1.8598
0.98418,1.8608
0.98518,1.8617
0.98618,1.8627
0.98718,1.8637
0.98818,1.8647
0.98918,1.8656
0.99018,1.8666
0.99118,1.8676
0.99218,1.8686
0.99318,1.8696
0.99418,1.8707
0.99518,1.8717
0.99618,1.8727
0.99718,1.8737
0.99818,1.8748
0.99918,1.8758
1.0002,1.8769
1.0012,1.8779
1.0022,1.879
1.0032,1.88
1.0042,1.8811
1.0052,1.8822
1.0062,1.8833
1.0072,1.8844
1.0082,1.8855
1.0092,1.8866
1.0102,1.8877
1.0112,1.8888
1.0122,1.8899
1.0132,1.891
1.0142,1.8922
1.0152,1.8933
1.0162,1.8944
1.0172,1.8956
1.0182,1.8967
1.0192,1.8979
1.0202,1.899
1.0212,1.9002
1.0222,1.9014
1.0232,1.9026
1.0242,1.9038
1.0252,1.905
1.0262,1.9062
1.0272,1.9074
1.0282,1.9086
1.0292,1.9098
1.0302,1.911
1.0312,1.9122
1.0322,1.9135
1.0332,1.9147
1.0342,1.9159
1.0352,1.9172
1.0362,1.9185
1.0372,1.9197
1.0382,1.921
1.0392,1.9223
1.0402,1.9235
1.0412,1.9248
1.0422,1.9261
1.0432,1.9274
1.0442,1.9287
1.0452,1.93
1.0462,1.9313
1.0472,1.9327
1.0482,1.934
1.0492,1.9353
1.0502,1.9366
1.0512,1.938
1.0522,1.9393
1.0532,1.9407
1.0542,1.942
1.0552,1.9434
1.0562,1.9448
1.0572,1.9462
1.0582,1.9475
1.0592,1.9489
1.0602,1.9503
1.0612,1.9517
1.0622,1.9531
1.0632,1.9545
1.0642,1.956
1.0652,1.9574
1.0662,1.9588
1.0672,1.9602
1.0682,1.9617
1.0692,1.9631
1.0702,1.9646
1.0712,1.966
1.0722,1.9675
1.0732,1.969
1.0742,1.9704
1.0752,1.9719
1.0762,1.9734
1.0772,1.9748
1.0782,1.9763
1.0792,1.9778
1.0802,1.9793
1.0812,1.9808
1.0822,1.9823
1.0832,1.9838
1.0842,1.9853
1.0852,1.9869
1.0862,1.9884
1.0872,1.9899
1.0882,1.9914
1.0892,1.993
1.0902,1.9945
1.0912,1.9961
1.0922,1.9976
1.0932,1.9992
1.0942,2.0007
1.0952,2.0023
1.0962,2.0039
1.0972,2.0054
1.0982,2.007
1.0992,2.0086
1.1002,2.0102
1.1012,2.0118
1.1022,2.0134
1.1032,2.015
1.1042,2.0166
1.1052,2.0182
1.1062,2.0198
1.1072,2.0214
1.1082,2.023
1.1092,2.0247
1.1102,2.0263
1.1112,2.0279
1.1122,2.0296
1.1132,2.0312
1.1142,2.0329
1.1152,2.0345
1.1162,2.0362
1.1172,2.0379
1.1182,2.0395
1.1192,2.0412
1.1202,2.0429
1.1212,2.0446
1.1222,2.0463
1.1232,2.048
1.1242,2.0497
1.1252,2.0514
1.1262,2.0531
1.1272,2.0548
1.1282,2.0565
1.1292,2.0582
1.1302,2.0599
1.1312,2.0617
1.1322,2.0634
1.1332,2.0651
1.1342,2.0669
1.1352,2.0686
1.1362,2.0704
1.1372,2.0722
1.1382,2.0739
1.1392,2.0757
1.1402,2.0775
1.1412,2.0792
1.1422,2.081
1.1432,2.0828
1.1442,2.0846
1.1452,2.0864
1.1462,2.0882
1.1472,2.09
1.1482,2.0918
1.1492,2.0936
1.1502,2.0954
1.1512,2.0973
1.1522,2.0991
1.1532,2.1009
1.1542,2.1028
1.1552,2.1046
1.1562,2.1065
1.1572,2.1083
1.1582,2.1102
1.1592,2.112
1.1602,2.1139
1.1612,2.1158
1.1622,2.1176
1.1632,2.1195
1.1642,2.1214
1.1652,2.1233
1.1662,2.1252
1.1672,2.1271
1.1682,2.129
1.1692,2.1309
1.1702,2.1328
1.1712,2.1347
1.1722,2.1367
1.1732,2.1386
1.1742,2.1405
1.1752,2.1425
1.1762,2.1444
1.1772,2.1464
1.1782,2.1483
1.1792,2.1503
1.1802,2.1522
1.1812,2.1542
1.1822,2.1562
1.1832,2.1581
1.1842,2.1601
1.1852,2.1621
1.1862,2.1641
1.1872,2.1661
1.1882,2.1681
1.1892,2.1701
1.1902,2.1721
1.1912,2.1741
1.1922,2.1761
1.1932,2.1782
1.1942,2.1802
1.1952,2.1822
1.1962,2.1843
1.1972,2.1863
1.1982,2.1884
1.1992,2.1904
1.2002,2.1925
1.2012,2.1945
1.2022,2.1966
1.2032,2.1987
1.2042,2.2008
1.2052,2.2028
1.2062,2.2049
1.2072,2.207
1.2082,2.2091
1.2092,2.2112
1.2102,2.2133
1.2112,2.2154
1.2122,2.2175
1.2132,2.2197
1.2142,2.2218
1.2152,2.2239
1.2162,2.226
1.2172,2.2282
1.2182,2.2303
1.2192,2.2325
1.2202,2.2346
1.2212,2.2368
1.2222,2.239
1.2232,2.2411
1.2242,2.2433
1.2252,2.2455
1.2262,2.2477
1.2272,2.2498
1.2282,2.252
1.2292,2.2542
1.2302,2.2564
1.2312,2.2586
1.2322,2.2609
1.2332,2.2631
1.2342,2.2653
1.2352,2.2675
1.2362,2.2698
1.2372,2.272
1.2382,2.2742
1.2392,2.2765
1.2402,2.2787
1.2412,2.281
1.2422,2.2832
1.2432,2.2855
1.2442,2.2878
1.2452,2.2901
1.2462,2.2923
1.2472,2.2946
1.2482,2.2969
1.2492,2.2992
1.2502,2.3015
1.2512,2.3038
1.2522,2.3061
1.2532,2.3084
1.2542,2.3107
1.2552,2.3131
1.2562,2.3154
1.2572,2.3177
1.2582,2.3201
1.2592,2.3224
1.2602,2.3248
1.2612,2.3271
1.2622,2.3295
1.2632,2.3318
1.2642,2.3342
1.2652,2.3366
1.2662,2.339
1.2672,2.3413
1.2682,2.3437
1.2692,2.3461
1.2702,2.3485
1.2712,2.3509
1.2722,2.3533
1.2732,2.3557
1.2742,2.3582
1.2752,2.3606
1.2762,2.363
1.2772,2.3654
1.2782,2.3679
1.2792,2.3703
1.2802,2.3728
1.2812,2.3752
1.2822,2.3777
1.2832,2.3801
1.2842,2.3826
1.2852,2.3851
1.2862,2.3875
1.2872,2.39
1.2882,2.3925
1.2892,2.395
1.2902,2.3975
1.2912,2.4
1.2922,2.4025
1.2932,2.405
1.2942,2.4075
1.2952,2.41
1.2962,2.4126
1.2972,2.4151
1.2982,2.4176
1.2992,2.4202
1.3002,2.4227
1.3012,2.4253
1.3022,2.4278
1.3032,2.4304
1.3042,2.433
1.3052,2.4355
1.3062,2.4381
1.3072,2.4407
1.3082,2.4433
1.3092,2.4459
1.3102,2.4484
1.3112,2.451
1.3122,2.4537
1.3132,2.4563
1.3142,2.4589
1.3152,2.4615
1.3162,2.4641
1.3172,2.4667
1.3182,2.4694
1.3192,2.472
1.3202,2.4747
1.3212,2.4773
1.3222,2.48
1.3232,2.4826
1.3242,2.4853
1.3252,2.488
1.3262,2.4906
1.3272,2.4933
1.3282,2.496
1.3292,2.4987
1.3302,2.5014
1.3312,2.5041
1.3322,2.5068
1.3332,2.5095
1.3342,2.5122
1.3352,2.5149
1.3362,2.5176
1.3372,2.5204
1.3382,2.5231
1.3392,2.5258
1.3402,2.5286
1.3412,2.5313
1.3422,2.5341
1.3432,2.5368
1.3442,2.5396
1.3452,2.5424
1.3462,2.5451
1.3472,2.5479
1.3482,2.5507
1.3492,2.5535
1.3502,2.5563
1.3512,2.5591
1.3522,2.5619
1.3532,2.5647
1.3542,2.5675
1.3552,2.5703
1.3562,2.5731
1.3572,2.576
1.3582,2.5788
1.3592,2.5816
1.3602,2.5845
1.3612,2.5873
1.3622,2.5902
1.3632,2.593
1.3642,2.5959
1.3652,2.5988
1.3662,2.6016
1.3672,2.6045
1.3682,2.6074
1.3692,2.6103
1.3702,2.6132
1.3712,2.6161
1.3722,2.619
1.3732,2.6219
1.3742,2.6248
1.3752,2.6277
1.3762,2.6306
1.3772,2.6336
1.3782,2.6365
1.3792,2.6394
1.3802,2.6424
1.3812,2.6453
1.3822,2.6483
1.3832,2.6512
1.3842,2.6542
1.3852,2.6572
1.3862,2.6601
1.3872,2.6631
1.3882,2.6661
1.3892,2.6691
1.3902,2.6721
1.3912,2.6751
1.3922,2.6781
1.3932,2.6811
1.3942,2.6841
1.3952,2.6871
1.3962,2.6901
1.3972,2.6931
1.3982,2.6962
1.3992,2.6992
1.4002,2.7022
1.4012,2.7053
1.4022,2.7083
1.4032,2.7114
1.4042,2.7145
1.4052,2.7175
1.4062,2.7206
1.4072,2.7237
1.4082,2.7268
1.4092,2.7299
1.4102,2.733
1.4112,2.7361
1.4122,2.7392
1.4132,2.7423
1.4142,2.7454
1.4152,2.7485
1.4162,2.7516
1.4172,2.7548
1.4182,2.7579
1.4192,2.761
1.4202,2.7642
1.4212,2.7673
1.4222,2.7705
1.4232,2.7736
1.4242,2.7768
1.4252,2.78
1.4262,2.7832
1.4272,2.7863
1.4282,2.7895
1.4292,2.7927
1.4302,2.7959
1.4312,2.7991
1.4322,2.8023
1.4332,2.8055
1.4342,2.8087
1.4352,2.812
1.4362,2.8152
1.4372,2.8184
1.4382,2.8217
1.4392,2.8249
1.4402,2.8282
1.4412,2.8314
1.4422,2.8347
1.4432,2.8379
1.4442,2.8412
1.4452,2.8445
1.4462,2.8478
1.4472,2.851
1.4482,2.8543
1.4492,2.8576
1.4502,2.8609
1.4512,2.8642
1.4522,2.8675
1.4532,2.8709
1.4542,2.8742
1.4552,2.8775
1.4562,2.8808
1.4572,2.8842
1.4582,2.8875
1.4592,2.8909
1.4602,2.8942
1.4612,2.8976
1.4622,2.9009
1.4632,2.9043
1.4642,2.9077
1.4652,2.911
1.4662,2.9144
1.4672,2.9178
1.4682,2.9212
1.4692,2.9246
1.4702,2.928
1.4712,2.9314
1.4722,2.9348
1.4732,2.9382
1.4742,2.9417
1.4752,2.9451
1.4762,2.9485
1.4772,2.952
1.4782,2.9554
1.4792,2.9588
1.4802,2.9623
1.4812,2.9658
1.4822,2.9692
1.4832,2.9727
1.4842,2.9762
1.4852,2.9796
1.4862,2.9831
1.4872,2.9866
1.4882,2.9901
1.4892,2.9936
1.4902,2.9971
1.4912,3.0006
1.4922,3.0041
1.4932,3.0077
1.4942,3.0112
1.4952,3.0147
1.4962,3.0182
1.4972,3.0218
1.4982,3.0253
1.4992,3.0289
1.5002,3.0324
1.5012,3.036
1.5022,3.0395
1.5032,3.0431
1.5042,3.0467
1.5052,3.0503
1.5062,3.0539
1.5072,3.0574
1.5082,3.061
1.5092,3.0646
1.5102,3.0682
1.5112,3.0719
1.5122,3.0755
1.5132,3.0791
1.5142,3.0827
1.5152,3.0863
1.5162,3.09
1.5172,3.0936
1.5182,3.0973
1.5192,3.1009
1.5202,3.1046
1.5212,3.1082
1.5222,3.1119
1.5232,3.1156
1.5242,3.1192
1.5252,3.1229
1.5262,3.1266
1.5272,3.1303
1.5282,3.134
1.5292,3.1377
1.5302,3.1414
1.5312,3.1451
1.5322,3.1488
1.5332,3.1525
1.5342,3.1562
1.5352,3.16
1.5362,3.1637
1.5372,3.1674
1.5382,3.1712
1.5392,3.1749
1.5402,3.1787
1.5412,3.1824
1.5422,3.1862
1.5432,3.19
1.5442,3.1938
1.5452,3.1975
1.5462,3.2013
1.5472,3.2051
1.5482,3.2089
1.5492,3.2127
1.5502,3.2165
1.5512,3.2203
1.5522,3.2241
1.5532,3.2279
1.5542,3.2317
1.5552,3.2356
1.5562,3.2394
1.5572,3.2432
1.5582,3.2471
1.5592,3.2509
1.5602,3.2548
1.5612,3.2586
1.5622,3.2625
1.5632,3.2663
1.5642,3.2702
1.5652,3.2741
1.5662,3.278
1.5672,3.2819
1.5682,3.2857
1.5692,3.2896
1.5702,3.2935
1.5712,3.2974
1.5722,3.3013
1.5732,3.3053
1.5742,3.3092
1.5752,3.3131
1.5762,3.317
1.5772,3.3209
1.5782,3.3249
1.5792,3.3288
1.5802,3.3328
1.5812,3.3367
1.5822,3.3407
1.5832,3.3446
1.5842,3.3486
1.5852,3.3526
1.5862,3.3565
1.5872,3.3605
1.5882,3.3645
1.5892,3.3685
1.5902,3.3725
1.5912,3.3765
1.5922,3.3805
1.5932,3.3845
1.5942,3.3885
1.5952,3.3925
1.5962,3.3965
1.5972,3.4005
1.5982,3.4046
1.5992,3.4086
1.6002,3.4126
1.6012,3.4167
1.6022,3.4207
1.6032,3.4248
1.6042,3.4288
1.6052,3.4329
1.6062,3.4369
1.6072,3.441
1.6082,3.4451
1.6092,3.4492
1.6102,3.4532
1.6112,3.4573
1.6122,3.4614
1.6132,3.4655
1.6142,3.4696
1.6152,3.4737
1.6162,3.4778
1.6172,3.4819
1.6182,3.4861
1.6192,3.4902
1.6202,3.4943
1.6212,3.4984
1.6222,3.5026
1.6232,3.5067
1.6242,3.5109
1.6252,3.515
1.6262,3.5192
1.6272,3.5233
1.6282,3.5275
1.6292,3.5316
1.6302,3.5358
1.6312,3.54
1.6322,3.5442
1.6332,3.5484
1.6342,3.5525
1.6352,3.5567
1.6362,3.5609
1.6372,3.5651
1.6382,3.5693
1.6392,3.5735
1.6402,3.5778
1.6412,3.582
1.6422,3.5862
1.6432,3.5904
1.6442,3.5947
1.6452,3.5989
1.6462,3.6031
1.6472,3.6074
1.6482,3.6116
1.6492,3.6159
1.6502,3.6201
1.6512,3.6244
1.6522,3.6286
1.6532,3.6329
1.6542,3.6372
1.6552,3.6415
1.6562,3.6457
1.6572,3.65
1.6582,3.6543
1.6592,3.6586
1.6602,3.6629
1.6612,3.6672
1.6622,3.6715
1.6632,3.6758
1.6642,3.6801
1.6652,3.6844
1.6662,3.6888
1.6672,3.6931
1.6682,3.6974
1.6692,3.7018
1.6702,3.7061
1.6712,3.7104
1.6722,3.7148
1.6732,3.7191
1.6742,3.7235
1.6752,3.7278
1.6762,3.7322
1.6772,3.7366
1.6782,3.7409
1.6792,3.7453
1.6802,3.7497
1.6812,3.7541
1.6822,3.7584
1.6832,3.7628
1.6842,3.7672
1.6852,3.7716
1.6862,3.776
1.6872,3.7804
1.6882,3.7848
1.6892,3.7892
1.6902,3.7936
1.6912,3.7981
1.6922,3.8025
1.6932,3.8069
1.6942,3.8113
1.6952,3.8158
1.6962,3.8202
1.6972,3.8247
1.6982,3.8291
1.6992,3.8335
1.7002,3.838
1.7012,3.8425
1.7022,3.8469
1.7032,3.8514
1.7042,3.8558
1.7052,3.8603
1.7062,3.8648
1.7072,3.8693
1.7082,3.8737
1.7092,3.8782
1.7102,3.8827
1.7112,3.8872
1.7122,3.8917
1.7132,3.8962
1.7142,3.9007
1.7152,3.9052
1.7162,3.9097
1.7172,3.9142
1.7182,3.9187
1.7192,3.9233
1.7202,3.9278
1.7212,3.9323
1.7222,3.9368
1.7232,3.9414
1.7242,3.9459
1.7252,3.9504
1.7262,3.955
1.7272,3.9595
1.7282,3.964
1.7292,3.9686
1.7302,3.9731
1.7312,3.9777
1.7322,3.9822
1.7332,3.9868
1.7342,3.9913
1.7352,3.9959
1.7362,4.0005
1.7372,4.005
1.7382,4.0096
1.7392,4.0141
1.7402,4.0187
1.7412,4.0233
1.7422,4.0279
1.7432,4.0324
1.7442,4.037
1.7452,4.0416
1.7462,4.0462
1.7472,4.0508
1.7482,4.0553
1.7492,4.0599
1.7502,4.0645
1.7512,4.0691
1.7522,4.0737
1.7532,4.0783
1.7542,4.0829
1.7552,4.0875
1.7562,4.0921
1.7572,4.0967
1.7582,4.1013
1.7592,4.1059
1.7602,4.1105
1.7612,4.1151
1.7622,4.1198
1.7632,4.1244
1.7642,4.129
1.7652,4.1336
1.7662,4.1382
1.7672,4.1429
1.7682,4.1475
1.7692,4.1521
1.7702,4.1567
1.7712,4.1614
1.7722,4.166
1.7732,4.1706
1.7742,4.1753
1.7752,4.1799
1.7762,4.1846
1.7772,4.1892
1.7782,4.1938
1.7792,4.1985
1.7802,4.2031
1.7812,4.2078
1.7822,4.2124
1.7832,4.2171
1.7842,4.2217
1.7852,4.2264
1.7862,4.231
1.7872,4.2357
1.7882,4.2404
1.7892,4.245
1.7902,4.2497
1.7912,4.2543
1.7922,4.259
1.7932,4.2637
1.7942,4.2684
1.7952,4.273
1.7962,4.2777
1.7972,4.2824
1.7982,4.287
1.7992,4.2917
1.8002,4.2964
1.8012,4.3011
1.8022,4.3058
1.8032,4.3104
1.8042,4.3151
1.8052,4.3198
1.8062,4.3245
1.8072,4.3292
1.8082,4.3339
1.8092,4.3385
1.8102,4.3432
1.8112,4.3479
1.8122,4.3526
1.8132,4.3573
1.8142,4.362
1.8152,4.3667
1.8162,4.3714
1.8172,4.3761
1.8182,4.3808
1.8192,4.3855
1.8202,4.3902
1.8212,4.3949
1.8222,4.3996
1.8232,4.4043
1.8242,4.409
1.8252,4.4137
1.8262,4.4184
1.8272,4.4232
1.8282,4.4279
1.8292,4.4326
1.8302,4.4373
1.8312,4.442
1.8322,4.4467
1.8332,4.4514
1.8342,4.4561
1.8352,4.4609
1.8362,4.4656
1.8372,4.4703
1.8382,4.475
1.8392,4.4797
1.8402,4.4845
1.8412,4.4892
1.8422,4.4939
1.8432,4.4986
1.8442,4.5034
1.8452,4.5081
1.8462,4.5128
1.8472,4.5175
1.8482,4.5223
1.8492,4.527
1.8502,4.5317
1.8512,4.5364
1.8522,4.5412
1.8532,4.5459
1.8542,4.5506
1.8552,4.5554
1.8562,4.5601
1.8572,4.5648
1.8582,4.5696
1.8592,4.5743
1.8602,4.579
1.8612,4.5838
1.8622,4.5885
1.8632,4.5932
1.8642,4.598
1.8652,4.6027
1.8662,4.6074
1.8672,4.6122
1.8682,4.6169
1.8692,4.6217
1.8702,4.6264
1.8712,4.6311
1.8722,4.6359
1.8732,4.6406
1.8742,4.6454
1.8752,4.6501
1.8762,4.6548
1.8772,4.6596
1.8782,4.6643
1.8792,4.6691
1.8802,4.6738
1.8812,4.6785
1.8822,4.6833
1.8832,4.688
1.8842,4.6928
1.8852,4.6975
1.8862,4.7023
1.8872,4.707
1.8882,4.7117
1.8892,4.7165
1.8902,4.7212
1.8912,4.726
1.8922,4.7307
1.8932,4.7355
1.8942,4.7402
1.8952,4.7449
1.8962,4.7497
1.8972,4.7544
1.8982,4.7592
1.8992,4.7639
1.9002,4.7687
1.9012,4.7734
1.9022,4.7781
1.9032,4.7829
1.9042,4.7876
1.9052,4.7924
1.9062,4.7971
1.9072,4.8018
1.9082,4.8066
1.9092,4.8113
1.9102,4.8161
1.9112,4.8208
1.9122,4.8256
1.9132,4.8303
1.9142,4.835
1.9152,4.8398
1.9162,4.8445
1.9172,4.8493
1.9182,4.854
1.9192,4.8587
1.9202,4.8635
1.9212,4.8682
1.9222,4.873
1.9232,4.8777
1.9242,4.8824
1.9252,4.8872
1.9262,4.8919
1.9272,4.8966
1.9282,4.9014
1.9292,4.9061
1.9302,4.9108
1.9312,4.9156
1.9322,4.9203
1.9332,4.925
1.9342,4.9298
1.9352,4.9345
1.9362,4.9392
1.9372,4.944
1.9382,4.9487
1.9392,4.9534
1.9402,4.9582
1.9412,4.9629
1.9422,4.9676
1.9432,4.9723
1.9442,4.9771
1.9452,4.9818
1.9462,4.9865
1.9472,4.9913
1.9482,4.996
1.9492,5.0007
1.9502,5.0054
1.9512,5.0101
1.9522,5.0149
1.9532,5.0196
1.9542,5.0243
1.9552,5.029
1.9562,5.0337
1.9572,5.0385
1.9582,5.0432
1.9592,5.0479
1.9602,5.0526
1.9612,5.0573
1.9622,5.062
1.9632,5.0668
1.9642,5.0715
1.9652,5.0762
1.9662,5.0809
1.9672,5.0856
1.9682,5.0903
1.9692,5.095
1.9702,5.0997
1.9712,5.1044
1.9722,5.1091
1.9732,5.1138
1.9742,5.1185
1.9752,5.1232
1.9762,5.1279
1.9772,5.1326
1.9782,5.1373
1.9792,5.142
1.9802,5.1467
1.9812,5.1514
1.9822,5.1561
1.9832,5.1608
1.9842,5.1655
1.9852,5.1702
1.9862,5.1749
1.9872,5.1796
1.9882,5.1843
1.9892,5.1889
1.9902,5.1936
1.9912,5.1983
1.9922,5.203
1.9932,5.2077
1.9942,5.2124
1.9952,5.217
1.9962,5.2217
1.9972,5.2264
1.9982,5.2311
1.9992,5.2358
2.0002,5.2404
2.0012,5.2451
2.0022,5.2498
2.0032,5.2544
2.0042,5.2591
2.0052,5.2638
2.0062,5.2684
2.0072,5.2731
2.0082,5.2778
2.0092,5.2824
2.0102,5.2871
2.0112,5.2918
2.0122,5.2964
2.0132,5.3011
2.0142,5.3057
2.0152,5.3104
2.0162,5.315
2.0172,5.3197
2.0182,5.3244
2.0192,5.329
2.0202,5.3337
2.0212,5.3383
2.0222,5.3429
2.0232,5.3476
2.0242,5.3522
2.0252,5.3569
2.0262,5.3615
2.0272,5.3662
2.0282,5.3708
2.0292,5.3754
2.0302,5.3801
2.0312,5.3847
2.0322,5.3893
2.0332,5.394
2.0342,5.3986
2.0352,5.4032
2.0362,5.4078
2.0372,5.4125
2.0382,5.4171
2.0392,5.4217
2.0402,5.4263
2.0412,5.431
2.0422,5.4356
2.0432,5.4402
2.0442,5.4448
2.0452,5.4494
2.0462,5.454
2.0472,5.4586
2.0482,5.4632
2.0492,5.4679
2.0502,5.4725
2.0512,5.4771
2.0522,5.4817
2.0532,5.4863
2.0542,5.4909
2.0552,5.4955
2.0562,5.5001
2.0572,5.5047
2.0582,5.5093
2.0592,5.5138
2.0602,5.5184
2.0612,5.523
2.0622,5.5276
2.0632,5.5322
2.0642,5.5368
2.0652,5.5414
2.0662,5.546
2.0672,5.5505
2.0682,5.5551
2.0692,5.5597
2.0702,5.5643
2.0712,5.5688
2.0722,5.5734
2.0732,5.578
2.0742,5.5826
2.0752,5.5871
2.0762,5.5917
2.0772,5.5963
2.0782,5.6008
2.0792,5.6054
2.0802,5.61
2.0812,5.6145
2.0822,5.6191
2.0832,5.6236
2.0842,5.6282
2.0852,5.6327
2.0862,5.6373
2.0872,5.6418
2.0882,5.6464
2.0892,5.6509
2.0902,5.6555
2.0912,5.66
2.0922,5.6646
2.0932,5.6691
2.0942,5.6737
2.0952,5.6782
2.0962,5.6827
2.0972,5.6873
2.0982,5.6918
2.0992,5.6963
2.1002,5.7009
2.1012,5.7054
2.1022,5.7099
2.1032,5.7145
2.1042,5.719
2.1052,5.7235
2.1062,5.728
2.1072,5.7326
2.1082,5.7371
2.1092,5.7416
2.1102,5.7461
2.1112,5.7506
2.1122,5.7552
2.1132,5.7597
2.1142,5.7642
2.1152,5.7687
2.1162,5.7732
2.1172,5.7777
2.1182,5.7822
2.1192,5.7867
2.1202,5.7912
2.1212,5.7957
2.1222,5.8002
2.1232,5.8047
2.1242,5.8092
2.1252,5.8137
2.1262,5.8182
2.1272,5.8227
2.1282,5.8272
2.1292,5.8317
2.1302,5.8362
2.1312,5.8407
2.1322,5.8452
2.1332,5.8497
2.1342,5.8542
2.1352,5.8587
2.1362,5.8631
2.1372,5.8676
2.1382,5.8721
2.1392,5.8766
2.1402,5.8811
2.1412,5.8856
2.1422,5.89
2.1432,5.8945
2.1442,5.899
2.1452,5.9035
2.1462,5.9079
2.1472,5.9124
2.1482,5.9169
2.1492,5.9214
2.1502,5.9258
2.1512,5.9303
2.1522,5.9348
2.1532,5.9392
2.1542,5.9437
2.1552,5.9482
2.1562,5.9526
2.1572,5.9571
2.1582,5.9616
2.1592,5.966
2.1602,5.9705
2.1612,5.975
2.1622,5.9794
2.1632,5.9839
2.1642,5.9883
2.1652,5.9928
2.1662,5.9972
2.1672,6.0017
2.1682,6.0062
2.1692,6.0106
2.1702,6.015
2.1712,6.0195
2.1722,6.0239
2.1732,6.0284
2.1742,6.0328
2.1752,6.0372
2.1762,6.0417
2.1772,6.0461
2.1782,6.0505
2.1792,6.055
2.1802,6.0594
2.1812,6.0638
2.1822,6.0682
2.1832,6.0726
2.1842,6.077
2.1852,6.0814
2.1862,6.0858
2.1872,6.0902
2.1882,6.0946
2.1892,6.099
2.1902,6.1034
2.1912,6.1078
2.1922,6.1122
2.1932,6.1166
2.1942,6.121
2.1952,6.1254
2.1962,6.1298
2.1972,6.1341
2.1982,6.1385
2.1992,6.1429
2.2002,6.1473
2.2012,6.1516
2.2022,6.156
2.2032,6.1604
2.2042,6.1647
2.2052,6.1691
2.2062,6.1735
2.2072,6.1778
2.2082,6.1822
2.2092,6.1865
2.2102,6.1909
2.2112,6.1952
2.2122,6.1996
2.2132,6.2039
2.2142,6.2083
2.2152,6.2126
2.2162,6.217
2.2172,6.2213
2.2182,6.2256
2.2192,6.23
2.2202,6.2343
2.2212,6.2387
2.2222,6.243
2.2232,6.2473
2.2242,6.2516
2.2252,6.256
2.2262,6.2603
2.2272,6.2646
2.2282,6.2689
2.2292,6.2733
2.2302,6.2776
2.2312,6.2819
2.2322,6.2862
2.2332,6.2905
2.2342,6.2949
2.2352,6.2992
2.2362,6.3035
2.2372,6.3078
2.2382,6.3121
2.2392,6.3164
2.2402,6.3207
2.2412,6.325
2.2422,6.3293
2.2432,6.3336
2.2442,6.3379
2.2452,6.3423
2.2462,6.3466
2.2472,6.3509
2.2482,6.3552
2.2492,6.3595
2.2502,6.3638
2.2512,6.3681
2.2522,6.3724
2.2532,6.3767
2.2542,6.381
2.2552,6.3853
2.2562,6.3895
2.2572,6.3938
2.2582,6.3981
2.2592,6.4024
2.2602,6.4067
2.2612,6.411
2.2622,6.4153
2.2632,6.4196
2.2642,6.4239
2.2652,6.4282
2.2662,6.4325
2.2672,6.4368
2.2682,6.4411
2.2692,6.4454
2.2702,6.4497
2.2712,6.454
2.2722,6.4583
2.2732,6.4626
2.2742,6.4669
2.2752,6.4711
2.2762,6.4754
2.2772,6.4797
2.2782,6.484
2.2792,6.4883
2.2802,6.4926
2.2812,6.4969
2.2822,6.5012
2.2832,6.5055
2.2842,6.5098
2.2852,6.5141
2.2862,6.5184
2.2872,6.5227
2.2882,6.527
2.2892,6.5313
2.2902,6.5356
2.2912,6.5399
2.2922,6.5442
2.2932,6.5486
2.2942,6.5529
2.2952,6.5572
2.2962,6.5615
2.2972,6.5658
2.2982,6.5701
2.2992,6.5744
2.3002,6.5787
2.3012,6.5831
2.3022,6.5874
2.3032,6.5917
2.3042,6.596
2.3052,6.6003
2.3062,6.6047
2.3072,6.609
2.3082,6.6133
2.3092,6.6177
2.3102,6.622
2.3112,6.6263
2.3122,6.6307
2.3132,6.635
2.3142,6.6393
2.3152,6.6437
2.3162,6.648
2.3172,6.6524
2.3182,6.6567
2.3192,6.6611
2.3202,6.6654
2.3212,6.6698
2.3222,6.6742
2.3232,6.6785
2.3242,6.6829
2.3252,6.6872
2.3262,6.6916
2.3272,6.696
2.3282,6.7004
2.3292,6.7047
2.3302,6.7091
2.3312,6.7135
2.3322,6.7179
2.3332,6.7223
2.3342,6.7267
2.3352,6.7311
2.3362,6.7355
2.3372,6.7399
2.3382,6.7443
2.3392,6.7487
2.3402,6.7531
2.3412,6.7575
2.3422,6.762
2.3432,6.7664
2.3442,6.7708
2.3452,6.7752
2.3462,6.7797
2.3472,6.7841
2.3482,6.7886
2.3492,6.793
2.3502,6.7975
2.3512,6.8019
2.3522,6.8064
2.3532,6.8109
2.3542,6.8153
2.3552,6.8198
2.3562,6.8243
2.3572,6.8288
2.3582,6.8332
2.3592,6.8377
2.3602,6.8422
2.3612,6.8467
2.3622,6.8512
2.3632,6.8558
2.3642,6.8603
2.3652,6.8648
2.3662,6.8693
2.3672,6.8739
2.3682,6.8784
2.3692,6.8829
2.3702,6.8875
2.3712,6.892
2.3722,6.8966
2.3732,6.9012
2.3742,6.9057
2.3752,6.9103
2.3762,6.9149
2.3772,6.9195
2.3782,6.9241
2.3792,6.9287
2.3802,6.9333
2.3812,6.9379
2.3822,6.9425
2.3832,6.9471
2.3842,6.9517
2.3852,6.9564
2.3862,6.961
2.3872,6.9657
2.3882,6.9703
2.3892,6.975
2.3902,6.9797
2.3912,6.9843
2.3922,6.989
2.3932,6.9937
2.3942,6.9984
2.3952,7.0031
2.3962,7.0078
2.3972,7.0125
2.3982,7.0173
2.3992,7.022
2.4002,7.0267
2.4012,7.0315
2.4022,7.0362
2.4032,7.041
2.4042,7.0458
2.4052,7.0505
2.4062,7.0553
2.4072,7.0601
2.4082,7.0649
2.4092,7.0697
2.4102,7.0746
2.4112,7.0794
2.4122,7.0842
2.4132,7.0891
2.4142,7.0939
2.4152,7.0988
2.4162,7.1036
2.4172,7.1085
2.4182,7.1134
2.4192,7.1183
2.4202,7.1232
2.4212,7.1281
2.4222,7.133
2.4232,7.138
2.4242,7.1429
2.4252,7.1479
2.4262,7.1528
2.4272,7.1578
2.4282,7.1628
2.4292,7.1677
2.4302,7.1727
2.4312,7.1777
2.4322,7.1828
2.4332,7.1878
2.4342,7.1928
2.4352,7.1979
2.4362,7.2029
2.4372,7.208
2.4382,7.2131
2.4392,7.2181
2.4402,7.2232
2.4412,7.2283
2.4422,7.2335
2.4432,7.2386
2.4442,7.2437
2.4452,7.2489
2.4462,7.254
2.4472,7.2592
2.4482,7.2644
2.4492,7.2696
2.4502,7.2748
2.4512,7.28
2.4522,7.2852
2.4532,7.2905
2.4542,7.2957
2.4552,7.301
2.4562,7.3063
2.4572,7.3115
2.4582,7.3168
2.4592,7.3222
2.4602,7.3275
2.4612,7.3328
2.4622,7.3382
2.4632,7.3435
2.4642,7.3489
2.4652,7.3543
2.4662,7.3597
2.4672,7.3651
2.4682,7.3705
2.4692,7.3759
2.4702,7.3814
2.4712,7.3868
2.4722,7.3923
2.4732,7.3978
2.4742,7.4033
2.4752,7.4088
2.4762,7.4143
2.4772,7.4199
2.4782,7.4254
2.4792,7.431
2.4802,7.4366
2.4812,7.4421
2.4822,7.4478
2.4832,7.4534
2.4842,7.459
2.4852,7.4647
2.4862,7.4703
2.4872,7.476
2.4882,7.4817
2.4892,7.4874
2.4902,7.4931
2.4912,7.4989
2.4922,7.5046
2.4932,7.5104
2.4942,7.5161
2.4952,7.5219
2.4962,7.5278
2.4972,7.5336
2.4982,7.5394
2.4992,7.5453
2.5002,7.5511
2.5012,7.557
2.5022,7.5629
2.5032,7.5689
2.5042,7.5748
2.5052,7.5807
2.5062,7.5867
2.5072,7.5927
2.5082,7.5987
2.5092,7.6047
2.5102,7.6107
2.5112,7.6168
2.5122,7.6228
2.5132,7.6289
2.5142,7.635
2.5152,7.6411
2.5162,7.6472
2.5172,7.6534
2.5182,7.6596
2.5192,7.6657
2.5202,7.6719
2.5212,7.6781
2.5222,7.6844
2.5232,7.6906
2.5242,7.6969
2.5252,7.7032
2.5262,7.7095
2.5272,7.7158
2.5282,7.7221
2.5292,7.7285
2.5302,7.7349
2.5312,7.7413
2.5322,7.7477
2.5332,7.7541
2.5342,7.7606
2.5352,7.767
2.5362,7.7735
2.5372,7.78
2.5382,7.7865
2.5392,7.7931
2.5402,7.7996
2.5412,7.8062
2.5422,7.8128
2.5432,7.8194
2.5442,7.8261
2.5452,7.8327
2.5462,7.8394
2.5472,7.8461
2.5482,7.8528
2.5492,7.8595
2.5502,7.8663
2.5512,7.8731
2.5522,7.8799
2.5532,7.8867
2.5542,7.8935
2.5552,7.9004
2.5562,7.9072
2.5572,7.9141
2.5582,7.9211
2.5592,7.928
2.5602,7.935
2.5612,7.9419
2.5622,7.9489
2.5632,7.956
2.5642,7.963
2.5652,7.9701
2.5662,7.9772
2.5672,7.9843
2.5682,7.9914
2.5692,7.9985
2.5702,8.0057
2.5712,8.0129
2.5722,8.0201
2.5732,8.0274
2.5742,8.0346
2.5752,8.0419
2.5762,8.0492
2.5772,8.0565
2.5782,8.0639
2.5792,8.0713
2.5802,8.0787
2.5812,8.0861
2.5822,8.0935
2.5832,8.101
2.5842,8.1085
2.5852,8.116
2.5862,8.1235
2.5872,8.1311
2.5882,8.1386
2.5892,8.1462
2.5902,8.1539
2.5912,8.1615
2.5922,8.1692
2.5932,8.1769
2.5942,8.1846
2.5952,8.1924
2.5962,8.2001
2.5972,8.2079
2.5982,8.2157
2.5992,8.2236
2.6002,8.2315
2.6012,8.2394
2.6022,8.2473
2.6032,8.2552
2.6042,8.2632
2.6052,8.2712
2.6062,8.2792
2.6072,8.2872
2.6082,8.2953
2.6092,8.3034
2.6102,8.3115
2.6112,8.3196
2.6122,8.3278
2.6132,8.336
2.6142,8.3442
2.6152,8.3525
2.6162,8.3608
2.6172,8.3691
2.6182,8.3774
2.6192,8.3857
2.6202,8.3941
2.6212,8.4025
2.6222,8.4109
2.6232,8.4194
2.6242,8.4279
2.6252,8.4364
2.6262,8.4449
2.6272,8.4535
2.6282,8.4621
2.6292,8.4707
2.6302,8.4794
2.6312,8.488
2.6322,8.4967
2.6332,8.5055
2.6342,8.5142
2.6352,8.523
2.6362,8.5318
2.6372,8.5407
2.6382,8.5495
2.6392,8.5584
2.6402,8.5674
2.6412,8.5763
2.6422,8.5853
2.6432,8.5943
2.6442,8.6033
2.6452,8.6124
2.6462,8.6215
2.6472,8.6306
2.6482,8.6398
2.6492,8.649
2.6502,8.6582
2.6512,8.6674
2.6522,8.6767
2.6532,8.686
2.6542,8.6953
2.6552,8.7047
2.6562,8.7141
2.6572,8.7235
2.6582,8.7329
2.6592,8.7424
2.6602,8.7519
2.6612,8.7615
2.6622,8.771
2.6632,8.7806
2.6642,8.7903
2.6652,8.7999
2.6662,8.8096
2.6672,8.8193
2.6682,8.8291
2.6692,8.8389
2.6702,8.8487
2.6712,8.8585
2.6722,8.8684
2.6732,8.8783
2.6742,8.8883
2.6752,8.8982
2.6762,8.9082
2.6772,8.9183
2.6782,8.9283
2.6792,8.9384
2.6802,8.9486
2.6812,8.9587
2.6822,8.9689
2.6832,8.9791
2.6842,8.9894
2.6852,8.9997
2.6862,9.01
2.6872,9.0203
2.6882,9.0307
2.6892,9.0411
2.6902,9.0516
2.6912,9.0621
2.6922,9.0726
2.6932,9.0831
2.6942,9.0937
2.6952,9.1043
2.6962,9.115
2.6972,9.1257
2.6982,9.1364
2.6992,9.1471
2.7002,9.1579
2.7012,9.1687
2.7022,9.1795
2.7032,9.1904
2.7042,9.2013
2.7052,9.2123
2.7062,9.2233
2.7072,9.2343
2.7082,9.2453
2.7092,9.2564
2.7102,9.2675
2.7112,9.2787
2.7122,9.2898
2.7132,9.3011
2.7142,9.3123
2.7152,9.3236
2.7162,9.3349
2.7172,9.3463
2.7182,9.3577
2.7192,9.3691
2.7202,9.3805
2.7212,9.392
2.7222,9.4036
2.7232,9.4151
2.7242,9.4267
2.7252,9.4384
2.7262,9.45
2.7272,4.6884
2.7282,4.6982
2.7292,4.7081
2.7302,4.7181
2.7312,4.728
2.7322,4.738
2.7332,4.748
2.7342,4.758
2.7352,4.7681
2.7362,4.7782
2.7372,4.7883
2.7382,4.7985
2.7392,4.8087
2.7402,4.8189
2.7412,4.8291
2.7422,4.8394
2.7432,4.8497
2.7442,4.86
2.7452,4.8704
2.7462,4.8808
2.7472,4.8912
2.7482,4.9016
2.7492,4.9121
2.7502,4.9226
2.7512,4.9331
2.7522,4.9437
2.7532,4.9543
2.7542,4.9649
2.7552,4.9756
2.7562,4.9863
2.7572,4.997
2.7582,5.0077
2.7592,5.0185
2.7602,5.0293
2.7612,5.0401
2.7622,5.051
2.7632,5.0619
2.7642,5.0728
2.7652,5.0838
2.7662,5.0948
2.7672,5.1058
2.7682,5.1169
2.7692,5.1279
2.7702,5.1391
2.7712,5.1502
2.7722,5.1614
2.7732,5.1726
2.7742,5.1838
2.7752,5.1951
2.7762,5.2064
2.7772,5.2177
2.7782,5.2291
2.7792,5.2405
2.7802,5.2519
2.7812,5.2634
2.7822,5.2749
2.7832,5.2864
2.7842,5.298
2.7852,5.3095
2.7862,5.3212
2.7872,5.3328
2.7882,5.3445
2.7892,5.3562
2.7902,5.368
2.7912,5.3798
2.7922,5.3916
2.7932,5.4034
2.7942,5.4153
2.7952,5.4272
2.7962,5.4392
2.7972,5.4511
2.7982,5.4631
2.7992,5.4752
2.8002,5.4873
2.8012,5.4994
2.8022,5.5115
2.8032,5.5237
2.8042,5.5359
2.8052,5.5481
2.8062,5.5604
2.8072,5.5727
2.8082,5.5851
2.8092,5.5974
2.8102,5.6098
2.8112,5.6223
2.8122,5.6348
2.8132,5.6473
2.8142,5.6598
2.8152,5.6724
2.8162,5.685
2.8172,5.6976
2.8182,5.7103
2.8192,5.723
2.8202,5.7358
2.8212,5.7485
2.8222,5.7613
2.8232,5.7742
2.8242,5.7871
2.8252,5.8
2.8262,5.8129
2.8272,5.8259
2.8282,5.8389
2.8292,5.852
2.8302,5.865
2.8312,5.8782
2.8322,5.8913
2.8332,5.9045
2.8342,5.9177
2.8352,5.931
2.8362,5.9442
2.8372,5.9576
2.8382,5.9709
2.8392,5.9843
2.8402,5.9977
2.8412,6.0112
2.8422,6.0247
2.8432,6.0382
2.8442,6.0518
2.8452,6.0653
2.8462,6.079
2.8472,6.0926
2.8482,6.1063
2.8492,6.1201
2.8502,6.1338
2.8512,6.1476
2.8522,6.1615
2.8532,6.1753
2.8542,6.1892
2.8552,6.2032
2.8562,6.2171
2.8572,6.2311
2.8582,6.2452
2.8592,6.2593
2.8602,6.2734
2.8612,6.2875
2.8622,6.3017
2.8632,6.3159
2.8642,6.3301
2.8652,6.3444
2.8662,6.3587
2.8672,6.3731
2.8682,6.3875
2.8692,6.4019
2.8702,6.4163
2.8712,6.4308
2.8722,6.4454
2.8732,6.4599
2.8742,6.4745
2.8752,6.4891
2.8762,6.5038
2.8772,6.5185
2.8782,6.5332
2.8792,6.548
2.8802,6.5628
2.8812,6.5776
2.8822,6.5924
2.8832,6.6073
2.8842,6.6223
2.8852,6.6372
2.8862,6.6522
2.8872,6.6673
2.8882,6.6823
2.8892,6.6974
2.8902,6.7126
2.8912,6.7277
2.8922,6.7429
2.8932,6.7582
2.8942,6.7734
2.8952,6.7887
2.8962,6.8041
2.8972,6.8194
2.8982,6.8348
2.8992,6.8503
2.9002,6.8657
2.9012,6.8812
2.9022,6.8968
2.9032,6.9123
2.9042,6.9279
2.9052,6.9436
2.9062,6.9592
2.9072,6.9749
2.9082,6.9907
2.9092,7.0064
2.9102,7.0222
2.9112,7.038
2.9122,7.0539
2.9132,7.0698
2.9142,7.0857
2.9152,7.1017
2.9162,7.1177
2.9172,7.1337
2.9182,7.1497
2.9192,7.1658
2.9202,7.1819
2.9212,7.1981
2.9222,7.2143
2.9232,7.2305
2.9242,7.2467
2.9252,7.263
2.9262,7.2793
2.9272,7.2956
2.9282,7.312
2.9292,7.3284
2.9302,7.3448
2.9312,7.3613
2.9322,7.3778
2.9332,7.3943
2.9342,7.4108
2.9352,7.4274
2.9362,7.444
2.9372,7.4607
2.9382,7.4773
2.9392,7.494
2.9402,7.5107
2.9412,7.5275
2.9422,7.5443
2.9432,7.5611
2.9442,7.5779
2.9452,7.5948
2.9462,7.6117
2.9472,7.6286
2.9482,7.6456
2.9492,7.6626
2.9502,7.6796
2.9512,7.6966
2.9522,7.7137
2.9532,7.7308
2.9542,7.7479
2.9552,7.7651
2.9562,7.7822
2.9572,7.7994
2.9582,7.8167
2.9592,7.8339
2.9602,7.8512
2.9612,7.8685
2.9622,7.8858
2.9632,7.9032
2.9642,7.9206
2.9652,7.938
2.9662,7.9554
2.9672,7.9729
2.9682,7.9904
2.9692,8.0079
2.9702,8.0254
2.9712,8.0429
2.9722,8.0605
2.9732,8.0781
2.9742,8.0958
2.9752,8.1134
2.9762,8.1311
2.9772,8.1488
2.9782,8.1665
2.9792,8.1842
2.9802,8.202
2.9812,8.2198
2.9822,8.2376
2.9832,8.2554
2.9842,8.2732
2.9852,8.2911
2.9862,8.309
2.9872,8.3269
2.9882,8.3448
2.9892,8.3628
2.9902,8.3807
2.9912,8.3987
2.9922,8.4167
2.9932,8.4347
2.9942,8.4528
2.9952,8.4708
2.9962,8.4889
2.9972,8.507
2.9982,8.5251
2.9992,8.5432
3.0002,8.5614
3.0012,8.5795
3.0022,8.5977
3.0032,8.6159
3.0042,8.6341
3.0052,8.6523
3.0062,8.6705
3.0072,8.6888
3.0082,8.707
3.0092,8.7253
3.0102,8.7436
3.0112,8.7619
3.0122,8.7802
3.0132,8.7985
3.0142,8.8169
3.0152,8.8352
3.0162,8.8536
3.0172,8.872
3.0182,8.8903
3.0192,8.9087
3.0202,8.9271
3.0212,8.9455
3.0222,8.964
3.0232,8.9824
3.0242,9.0008
3.0252,9.0193
3.0262,9.0377
3.0272,9.0562
3.0282,9.0746
3.0292,9.0931
3.0302,9.1116
3.0312,9.1301
3.0322,9.1486
3.0332,9.167
3.0342,9.1855
3.0352,9.204
3.0362,9.2225
3.0372,9.241
3.0382,9.2596
3.0392,9.2781
3.0402,9.2966
3.0412,9.3151
3.0422,9.3336
3.0432,9.3521
3.0442,9.3706
3.0452,9.3891
3.0462,9.4076
3.0472,9.4262
3.0482,9.4447
3.0492,9.4632
3.0502,9.4817
3.0512,9.5002
3.0522,9.5187
3.0532,9.5372
3.0542,9.5556
3.0552,9.5741
3.0562,9.5926
3.0572,9.6111
3.0582,9.6295
3.0592,9.648
3.0602,9.6664
3.0612,9.6848
3.0622,9.7033
3.0632,9.7217
3.0642,9.7401
3.0652,9.7585
3.0662,9.7769
3.0672,9.7952
3.0682,9.8136
3.0692,9.8319
3.0702,9.8503
3.0712,9.8686
3.0722,9.8869
3.0732,9.9052
3.0742,9.9235
3.0752,9.9417
3.0762,9.96
3.0772,9.9782
3.0782,9.9964
3.0792,10.015
3.0802,10.033
3.0812,10.051
3.0822,10.069
3.0832,10.087
3.0842,10.105
3.0852,10.123
3.0862,10.141
3.0872,10.159
3.0882,10.177
3.0892,10.195
3.0902,10.213
3.0912,10.231
3.0922,10.249
3.0932,10.267
3.0942,10.285
3.0952,10.302
3.0962,10.32
3.0972,10.338
3.0982,10.356
3.0992,10.373
3.1002,10.391
3.1012,10.409
3.1022,10.426
3.1032,10.444
3.1042,10.461
3.1052,10.479
3.1062,10.496
3.1072,10.514
3.1082,10.531
3.1092,10.548
3.1102,10.566
3.1112,10.583
3.1122,10.6
3.1132,10.617
3.1142,10.634
3.1152,10.651
3.1162,10.668
3.1172,10.685
3.1182,10.702
3.1192,10.719
3.1202,10.736
3.1212,10.753
3.1222,10.77
3.1232,10.786
3.1242,10.803
3.1252,10.82
3.1262,10.836
3.1272,10.853
3.1282,10.869
3.1292,10.886
3.1302,10.902
3.1312,10.918
3.1322,10.934
3.1332,10.951
3.1342,10.967
3.1352,10.983
3.1362,10.999
3.1372,11.015
3.1382,11.031
3.1392,11.046
3.1402,11.062
3.1412,11.078
3.1422,11.094
3.1432,11.109
3.1442,11.125
3.1452,11.14
3.1462,11.155
3.1472,11.171
3.1482,11.186
3.1492,11.201
3.1502,11.216
3.1512,11.231
3.1522,11.246
3.1532,11.261
3.1542,11.276
3.1552,11.291
3.1562,11.305
3.1572,11.32
3.1582,11.334
3.1592,11.349
3.1602,11.363
3.1612,11.377
3.1622,11.391
3.1632,11.406
3.1642,11.42
3.1652,11.433
3.1662,11.447
3.1672,11.461
3.1682,11.475
3.1692,11.488
3.1702,11.502
3.1712,11.515
3.1722,11.528
3.1732,11.542
3.1742,11.555
3.1752,11.568
3.1762,11.581
3.1772,11.594
3.1782,11.606
3.1792,11.619
3.1802,11.631
3.1812,11.644
3.1822,11.656
3.1832,11.669
3.1842,11.681
3.1852,11.693
3.1862,11.705
3.1872,11.717
3.1882,11.728
3.1892,11.74
3.1902,11.751
3.1912,11.763
3.1922,11.774
3.1932,11.785
3.1942,11.796
3.1952,11.807
3.1962,11.818
3.1972,11.829
3.1982,11.84
3.1992,11.85
3.2002,11.86
3.2012,11.871
3.2022,11.881
3.2032,11.891
3.2042,11.901
3.2052,11.911
3.2062,11.92
3.2072,11.93
3.2082,11.939
3.2092,11.949
3.2102,11.958
3.2112,11.967
3.2122,11.976
3.2132,11.984
3.2142,11.993
3.2152,12.002
3.2162,12.01
3.2172,12.018
3.2182,12.026
3.2192,12.034
3.2202,12.042
3.2212,12.05
3.2222,12.058
3.2232,12.065
3.2242,12.072
3.2252,12.079
3.2262,12.087
3.2272,12.093
3.2282,12.1
3.2292,12.107
3.2302,12.113
3.2312,12.119
3.2322,12.126
3.2332,12.132
3.2342,12.137
3.2352,12.143
3.2362,12.149
3.2372,12.154
3.2382,12.159
3.2392,12.165
3.2402,12.169
3.2412,12.174
3.2422,12.179
3.2432,12.183
3.2442,12.188
3.2452,12.192
3.2462,12.196
3.2472,12.2
3.2482,12.203
3.2492,12.207
3.2502,12.21
3.2512,12.213
3.2522,12.216
3.2532,12.219
3.2542,12.222
3.2552,12.225
3.2562,12.227
3.2572,12.229
3.2582,12.231
3.2592,12.233
3.2602,12.235
3.2612,12.236
3.2622,12.237
3.2632,12.239
3.2642,12.24
3.2652,12.24
3.2662,12.241
3.2672,12.241
3.2682,12.242
3.2692,12.242
3.2702,12.242
3.2712,12.241
3.2722,12.241
3.2732,12.24
3.2742,12.24
3.2752,12.239
3.2762,12.237
3.2772,12.236
3.2782,12.234
3.2792,12.233
3.2802,12.231
3.2812,12.229
3.2822,12.226
3.2832,12.224
3.2842,12.221
3.2852,12.218
3.2862,12.215
3.2872,12.212
3.2882,12.209
3.2892,12.205
3.2902,12.201
3.2912,12.197
3.2922,12.193
3.2932,12.189
3.2942,12.184
3.2952,12.179
3.2962,12.174
3.2972,12.169
3.2982,12.163
3.2992,12.158
3.3002,12.152
3.3012,12.146
3.3022,12.14
3.3032,12.133
3.3042,12.127
3.3052,12.12
3.3062,12.113
3.3072,12.106
3.3082,12.098
3.3092,12.091
3.3102,12.083
3.3112,12.075
3.3122,12.067
3.3132,12.058
3.3142,12.05
3.3152,12.041
3.3162,12.032
3.3172,12.022
3.3182,12.013
3.3192,12.003
3.3202,11.993
3.3212,11.983
3.3222,11.973
3.3232,11.962
3.3242,11.952
3.3252,11.941
3.3262,11.93
3.3272,11.918
3.3282,11.907
3.3292,11.895
3.3302,11.883
3.3312,11.871
3.3322,11.858
3.3332,11.846
3.3342,11.833
3.3352,11.82
3.3362,11.807
3.3372,11.793
3.3382,11.779
3.3392,11.765
3.3402,11.751
3.3412,11.737
3.3422,11.722
3.3432,11.708
3.3442,11.693
3.3452,11.678
3.3462,11.662
3.3472,11.647
3.3482,11.631
3.3492,11.615
3.3502,11.598
3.3512,11.582
3.3522,11.565
3.3532,11.548
3.3542,11.531
3.3552,11.514
3.3562,11.497
3.3572,11.479
3.3582,11.461
3.3592,11.443
3.3602,11.424
3.3612,11.406
3.3622,11.387
3.3632,11.368
3.3642,11.349
3.3652,11.329
3.3662,11.31
3.3672,11.29
3.3682,11.27
3.3692,11.249
3.3702,11.229
3.3712,11.208
3.3722,11.187
3.3732,11.166
3.3742,11.145
3.3752,11.123
3.3762,11.102
3.3772,11.08
3.3782,11.058
3.3792,11.035
3.3802,11.013
3.3812,10.99
3.3822,10.967
3.3832,10.944
3.3842,10.92
3.3852,10.897
3.3862,10.873
3.3872,10.849
3.3882,10.825
3.3892,10.801
3.3902,10.776
3.3912,10.751
3.3922,10.726
3.3932,10.701
3.3942,10.676
3.3952,10.65
3.3962,10.624
3.3972,10.598
3.3982,10.572
3.3992,10.546
3.4002,10.519
3.4012,10.493
3.4022,10.466
3.4032,10.439
3.4042,10.411
3.4052,10.384
3.4062,10.356
3.4072,10.328
3.4082,10.3
3.4092,10.272
3.4102,10.244
3.4112,10.215
3.4122,10.186
3.4132,10.157
3.4142,10.128
3.4152,10.099
3.4162,10.069
3.4172,10.04
3.4182,10.01
3.4192,9.9798
3.4202,9.9496
3.4212,9.9192
3.4222,9.8887
3.4232,9.858
3.4242,9.8271
3.4252,9.796
3.4262,9.7648
3.4272,9.7334
3.4282,9.7018
3.4292,9.6701
3.4302,9.6382
3.4312,9.6062
3.4322,9.574
3.4332,9.5416
3.4342,9.5091
3.4352,9.4764
3.4362,9.4436
3.4372,9.4106
3.4382,9.3774
3.4392,9.3442
3.4402,9.3107
3.4412,9.2771
3.4422,9.2434
3.4432,9.2095
3.4442,9.1755
3.4452,9.1413
3.4462,9.107
3.4472,9.0725
3.4482,9.0379
3.4492,9.0032
3.4502,8.9683
3.4512,8.9333
3.4522,8.8982
3.4532,8.8629
3.4542,8.8276
3.4552,8.792
3.4562,8.7564
3.4572,8.7206
3.4582,8.6847
3.4592,8.6487
3.4602,8.6126
3.4612,8.5763
3.4622,8.5399
3.4632,8.5034
3.4642,8.4668
3.4652,8.4301
3.4662,8.3933
3.4672,8.3563
3.4682,8.3193
3.4692,8.2821
3.4702,8.2449
3.4712,8.2075
3.4722,8.17
3.4732,8.1325
3.4742,8.0948
3.4752,8.0571
3.4762,8.0192
3.4772,7.9813
3.4782,7.9432
3.4792,7.9051
3.4802,7.8669
3.4812,7.8286
3.4822,7.7902
3.4832,7.7518
3.4842,7.7132
3.4852,7.6746
3.4862,7.6359
3.4872,7.5972
3.4882,7.5583
3.4892,7.5194
3.4902,7.4804
3.4912,7.4414
3.4922,7.4023
3.4932,7.3631
3.4942,7.3238
3.4952,7.2845
3.4962,7.2452
3.4972,7.2058
3.4982,7.1663
3.4992,7.1268
3.5002,7.0872
3.5012,7.0476
3.5022,7.0079
3.5032,6.9682
3.5042,6.9284
3.5052,6.8886
3.5062,6.8488
3.5072,6.8089
3.5082,6.769
3.5092,6.729
3.5102,6.6891
3.5112,6.6491
3.5122,6.609
3.5132,6.569
3.5142,6.5289
3.5152,6.4888
3.5162,6.4486
3.5172,6.4085
3.5182,6.3683
3.5192,6.3282
3.5202,6.288
3.5212,6.2478
3.5222,6.2076
3.5232,6.1673
3.5242,6.1271
3.5252,6.0869
3.5262,6.0467
3.5272,6.0064
3.5282,5.9662
3.5292,5.926
3.5302,5.8858
3.5312,5.8456
3.5322,5.8054
3.5332,5.7652
3.5342,5.7251
3.5352,5.6849
3.5362,5.6448
3.5372,5.6047
3.5382,5.5646
3.5392,5.5245
3.5402,5.4845
3.5412,5.4445
3.5422,5.4045
3.5432,5.3646
3.5442,5.3246
3.5452,5.2848
3.5462,5.2449
3.5472,5.2051
3.5482,5.1654
3.5492,5.1256
3.5502,5.086
3.5512,5.0463
3.5522,5.0068
3.5532,4.9672
3.5542,4.9278
3.5552,4.8884
3.5562,4.849
3.5572,4.8097
3.5582,4.7704
3.5592,4.7313
3.5602,4.6921
3.5612,4.6531
3.5622,4.6141
3.5632,4.5752
3.5642,4.5363
3.5652,4.4975
3.5662,4.4588
3.5672,4.4202
3.5682,4.3817
3.5692,4.3432
3.5702,4.3048
3.5712,4.2665
3.5722,4.2283
3.5732,4.1902
3.5742,4.1521
3.5752,4.1142
3.5762,4.0763
3.5772,4.0385
3.5782,4.0009
3.5792,3.9633
3.5802,3.9258
3.5812,3.8884
3.5822,3.8512
3.5832,3.814
3.5842,3.7769
3.5852,3.74
3.5862,3.7031
3.5872,3.6664
3.5882,3.6298
3.5892,3.5932
3.5902,3.5569
3.5912,3.5206
3.5922,3.4844
3.5932,3.4484
3.5942,3.4124
3.5952,3.3766
3.5962,3.341
3.5972,3.3054
3.5982,3.27
3.5992,3.2347
3.6002,3.1995
3.6012,3.1645
3.6022,3.1296
3.6032,3.0949
3.6042,3.0602
3.6052,3.0257
3.6062,2.9914
3.6072,2.9572
3.6082,2.9231
3.6092,2.8892
3.6102,2.8554
3.6112,2.8218
3.6122,2.7883
3.6132,2.755
3.6142,2.7218
3.6152,2.6887
3.6162,2.6559
3.6172,2.6231
3.6182,2.5906
3.6192,2.5582
3.6202,2.5259
3.6212,2.4938
3.6222,2.4619
3.6232,2.4301
3.6242,2.3985
3.6252,2.367
3.6262,2.3357
3.6272,2.3046
3.6282,2.2737
3.6292,2.2429
3.6302,2.2123
3.6312,2.1818
3.6322,2.1516
3.6332,2.1215
3.6342,2.0916
3.6352,2.0618
3.6362,2.0322
3.6372,2.0028
3.6382,1.9736
3.6392,1.9445
3.6402,1.9157
3.6412,1.8869
3.6422,1.8584
3.6432,1.8301
3.6442,1.8019
3.6452,1.7739
3.6462,1.7461
3.6472,1.7184
3.6482,1.691
3.6492,1.6637
3.6502,1.6366
3.6512,1.6097
3.6522,1.5829
3.6532,1.5564
3.6542,1.53
3.6552,1.5038
3.6562,1.4778
3.6572,1.452
3.6582,1.4264
3.6592,1.4009
3.6602,1.3757
3.6612,1.3506
3.6622,1.3257
3.6632,1.301
3.6642,1.2765
3.6652,1.2522
3.6662,1.228
3.6672,1.2041
3.6682,1.1804
3.6692,1.1568
3.6702,1.1334
3.6712,1.1103
3.6722,1.0873
3.6732,1.0645
3.6742,1.0419
3.6752,1.0195
3.6762,0.99735
3.6772,0.97536
3.6782,0.95357
3.6792,0.93198
3.6802,0.91059
3.6812,0.88939
3.6822,0.8684
3.6832,0.84762
3.6842,0.82703
3.6852,0.80666
3.6862,0.78648
3.6872,0.76651
3.6882,0.74675
3.6892,0.7272
3.6902,0.70786
3.6912,0.68872
3.6922,0.66979
3.6932,0.65108
3.6942,0.63258
3.6952,0.61429
3.6962,0.59621
3.6972,0.57834
3.6982,0.56069
3.6992,0.54326
3.7002,0.52604
3.7012,0.50904
3.7022,0.49226
3.7032,0.4757
3.7042,0.45936
3.7052,0.44323
3.7062,0.42733
3.7072,0.41165
3.7082,0.3962
3.7092,0.38097
3.7102,0.36596
3.7112,0.35117
3.7122,0.33662
3.7132,0.32229
3.7142,0.30819
3.7152,0.29431
3.7162,0.28067
3.7172,0.26726
3.7182,0.25408
3.7192,0.24112
3.7202,0.22841
3.7212,0.21592
3.7222,0.20367
3.7232,0.19165
3.7242,0.17987
3.7252,0.16833
3.7262,0.15702
3.7272,0.14595
3.7282,0.13512
3.7292,0.12453
3.7302,0.11418
3.7312,0.10407
3.7322,0.094198
3.7332,0.084571
3.7342,0.075187
3.7352,0.066046
3.7362,0.057149
3.7372,0.048497
3.7382,0.04009
3.7392,0.03193
3.7402,0.024016
3.7412,0.01635
3.7422,0.0089326
3.7432,0.0017689
3.7442,0.0053048
3.7452,0.012609
3.7462,0.020173
3.7472,0.027996
3.7482,0.036079
3.7492,0.044422
3.7502,0.053024
3.7512,0.061886
3.7522,0.071008
3.7532,0.08039
3.7542,0.090033
3.7552,0.099936
3.7562,0.1101
3.7572,0.12052
3.7582,0.13121
3.7592,0.14215
3.7602,0.15336
3.7612,0.16482
3.7622,0.17655
3.7632,0.18853
3.7642,0.20078
3.7652,0.21328
3.7662,0.22605
3.7672,0.23907
3.7682,0.25235
3.7692,0.26589
3.7702,0.27968
3.7712,0.29374
3.7722,0.30805
3.7732,0.32261
3.7742,0.33744
3.7752,0.35251
3.7762,0.36785
3.7772,0.38343
3.7782,0.39927
3.7792,0.41537
3.7802,0.43171
3.7812,0.44831
3.7822,0.46515
3.7832,0.48225
3.7842,0.49959
3.7852,0.51718
3.7862,0.53502
3.7872,0.5531
3.7882,0.57143
3.7892,0.59
3.7902,0.60882
3.7912,0.62787
3.7922,0.64717
3.7932,0.6667
3.7942,0.68647
3.7952,0.70648
3.7962,0.72673
3.7972,0.7472
3.7982,0.76791
3.7992,0.78885
3.8002,0.81002
3.8012,0.83142
3.8022,0.85304
3.8032,0.87488
3.8042,0.89695
3.8052,0.91925
3.8062,0.94176
3.8072,0.96448
3.8082,0.98743
3.8092,1.0106
3.8102,1.034
3.8112,1.0575
3.8122,1.0813
3.8132,1.1053
3.8142,1.1295
3.8152,1.1539
3.8162,1.1785
3.8172,1.2033
3.8182,1.2283
3.8192,1.2535
3.8202,1.2789
3.8212,1.3045
3.8222,1.3303
3.8232,1.3562
3.8242,1.3823
3.8252,1.4087
3.8262,1.4352
3.8272,1.4618
3.8282,1.4887
3.8292,1.5157
3.8302,1.5429
3.8312,1.5702
3.8322,1.5977
3.8332,1.6254
3.8342,1.6532
3.8352,1.6812
3.8362,1.7093
3.8372,1.7376
3.8382,1.766
3.8392,1.7946
3.8402,1.8233
3.8412,1.8522
3.8422,1.8812
3.8432,1.9103
3.8442,1.9396
3.8452,1.969
3.8462,1.9985
3.8472,2.0281
3.8482,2.0579
3.8492,2.0878
3.8502,2.1178
3.8512,2.1479
3.8522,2.1781
3.8532,2.2085
3.8542,2.2389
3.8552,2.2695
3.8562,2.3002
3.8572,2.331
3.8582,2.3619
3.8592,2.3928
3.8602,2.4239
3.8612,2.4551
3.8622,2.4864
3.8632,2.5177
3.8642,2.5492
3.8652,2.5807
3.8662,2.6124
3.8672,2.6441
3.8682,2.6759
3.8692,2.7078
3.8702,2.7397
3.8712,2.7718
3.8722,2.8039
3.8732,2.836
3.8742,2.8683
3.8752,2.9006
3.8762,2.933
3.8772,2.9655
3.8782,2.998
3.8792,3.0306
3.8802,3.0632
3.8812,3.0959
3.8822,3.1286
3.8832,3.1614
3.8842,3.1943
3.8852,3.2272
3.8862,3.2602
3.8872,3.2932
3.8882,3.3262
3.8892,3.3593
3.8902,3.3924
3.8912,3.4256
3.8922,3.4588
3.8932,3.492
3.8942,3.5253
3.8952,3.5586
3.8962,3.5919
3.8972,3.6253
3.8982,3.6587
3.8992,3.6921
3.9002,3.7256
3.9012,3.759
3.9022,3.7925
3.9032,3.826
3.9042,3.8595
3.9052,3.893
3.9062,3.9266
3.9072,3.9601
3.9082,3.9937
3.9092,4.0272
3.9102,4.0608
3.9112,4.0944
3.9122,4.128
3.9132,4.1616
3.9142,4.1952
3.9152,4.2287
3.9162,4.2623
3.9172,4.2959
3.9182,4.3295
3.9192,4.363
3.9202,4.3966
3.9212,4.4301
3.9222,4.4636
3.9232,4.4972
3.9242,4.5307
3.9252,4.5641
3.9262,4.5976
3.9272,4.6311
3.9282,4.6645
3.9292,4.6979
3.9302,4.7313
3.9312,4.7646
3.9322,4.7979
3.9332,4.8312
3.9342,4.8645
3.9352,4.8977
3.9362,4.931
3.9372,4.9641
3.9382,4.9973
3.9392,5.0304
3.9402,5.0634
3.9412,5.0965
3.9422,5.1295
3.9432,5.1624
3.9442,5.1953
3.9452,5.2282
3.9462,5.261
3.9472,5.2938
3.9482,5.3265
3.9492,5.3592
3.9502,5.3918
3.9512,5.4244
3.9522,5.4569
3.9532,5.4894
3.9542,5.5218
3.9552,5.5542
3.9562,5.5865
3.9572,5.6187
3.9582,5.6509
3.9592,5.6831
3.9602,5.7152
3.9612,5.7472
3.9622,5.7791
3.9632,5.811
3.9642,5.8428
3.9652,5.8746
3.9662,5.9063
3.9672,5.9379
3.9682,5.9695
3.9692,6.001
3.9702,6.0324
3.9712,6.0638
3.9722,6.0951
3.9732,6.1263
3.9742,6.1574
3.9752,6.1885
3.9762,6.2195
3.9772,6.2504
3.9782,6.2812
3.9792,6.312
3.9802,6.3427
3.9812,6.3733
3.9822,6.4038
3.9832,6.4342
3.9842,6.4646
3.9852,6.4949
3.9862,6.5251
3.9872,6.5552
3.9882,6.5852
3.9892,6.6152
3.9902,6.6451
3.9912,6.6748
3.9922,6.7045
3.9932,6.7341
3.9942,6.7636
3.9952,6.7931
3.9962,6.8224
3.9972,6.8517
3.9982,6.8808
3.9992,6.9099
4.0002,6.9389
4.0012,6.9678
4.0022,6.9966
4.0032,7.0253
4.0042,7.0539
4.0052,7.0824
4.0062,7.1108
4.0072,7.1391
4.0082,7.1674
4.0092,7.1955
4.0102,7.2235
4.0112,7.2515
4.0122,7.2793
4.0132,7.3071
4.0142,7.3347
4.0152,7.3623
4.0162,7.3897
4.0172,7.4171
4.0182,7.4443
4.0192,7.4715
4.0202,7.4985
4.0212,7.5255
4.0222,7.5523
4.0232,7.5791
4.0242,7.6058
4.0252,7.6323
4.0262,7.6587
4.0272,7.6851
4.0282,7.7113
4.0292,7.7375
4.0302,7.7635
4.0312,7.7894
4.0322,7.8153
4.0332,7.841
4.0342,7.8666
4.0352,7.8921
4.0362,7.9175
4.0372,7.9429
4.0382,7.9681
4.0392,7.9932
4.0402,8.0181
4.0412,8.043
4.0422,8.0678
4.0432,8.0925
4.0442,8.1171
4.0452,8.1415
4.0462,8.1659
4.0472,8.1901
4.0482,8.2143
4.0492,8.2383
4.0502,8.2622
4.0512,8.2861
4.0522,8.3098
4.0532,8.3334
4.0542,8.3569
4.0552,8.3803
4.0562,8.4036
4.0572,8.4268
4.0582,8.4499
4.0592,8.4728
4.0602,8.4957
4.0612,8.5184
4.0622,8.5411
4.0632,8.5636
4.0642,8.5861
4.0652,8.6084
4.0662,8.6306
4.0672,8.6527
4.0682,8.6747
4.0692,8.6966
4.0702,8.7184
4.0712,8.7401
4.0722,8.7617
4.0732,8.7831
4.0742,8.8045
4.0752,8.8258
4.0762,8.8469
4.0772,8.8679
4.0782,8.8889
4.0792,8.9097
4.0802,8.9304
4.0812,8.951
4.0822,8.9716
4.0832,8.992
4.0842,9.0123
4.0852,9.0324
4.0862,9.0525
4.0872,9.0725
4.0882,9.0924
4.0892,9.1122
4.0902,9.1318
4.0912,9.1514
4.0922,9.1708
4.0932,9.1902
4.0942,9.2094
4.0952,9.2286
4.0962,9.2476
4.0972,9.2665
4.0982,9.2854
4.0992,9.3041
4.1002,9.3227
4.1012,9.3412
4.1022,9.3597
4.1032,9.378
4.1042,9.3962
4.1052,9.4143
4.1062,9.4323
4.1072,9.4502
4.1082,9.468
4.1092,9.4857
4.1102,9.5033
4.1112,9.5208
4.1122,9.5382
4.1132,9.5555
4.1142,9.5727
4.1152,9.5897
4.1162,9.6067
4.1172,9.6236
4.1182,9.6404
4.1192,9.6571
4.1202,9.6737
4.1212,9.6902
4.1222,9.7066
4.1232,9.7229
4.1242,9.7391
4.1252,9.7552
4.1262,9.7712
4.1272,9.7871
4.1282,9.8029
4.1292,9.8186
4.1302,9.8342
4.1312,9.8498
4.1322,9.8652
4.1332,9.8805
4.1342,9.8957
4.1352,9.9109
4.1362,9.9259
4.1372,9.9408
4.1382,9.9557
4.1392,9.9705
4.1402,9.9851
4.1412,9.9997
4.1422,10.014
4.1432,10.029
4.1442,10.043
4.1452,10.057
4.1462,10.071
4.1472,10.085
4.1482,10.099
4.1492,10.113
4.1502,10.127
4.1512,10.14
4.1522,10.154
4.1532,10.167
4.1542,10.181
4.1552,10.194
4.1562,10.207
4.1572,10.22
4.1582,10.233
4.1592,10.246
4.1602,10.259
4.1612,10.272
4.1622,10.285
4.1632,10.297
4.1642,10.31
4.1652,10.322
4.1662,10.334
4.1672,10.347
4.1682,10.359
4.1692,10.371
4.1702,10.383
4.1712,10.395
4.1722,10.407
4.1732,10.418
4.1742,10.43
4.1752,10.441
4.1762,10.453
4.1772,10.464
4.1782,10.476
4.1792,10.487
4.1802,10.498
4.1812,10.509
4.1822,10.52
4.1832,10.531
4.1842,10.542
4.1852,10.553
4.1862,10.563
4.1872,10.574
4.1882,10.584
4.1892,10.595
4.1902,10.605
4.1912,10.615
4.1922,10.626
4.1932,10.636
4.1942,10.646
4.1952,10.656
4.1962,10.666
4.1972,10.675
4.1982,10.685
4.1992,10.695
4.2002,10.704
4.2012,10.714
4.2022,10.723
4.2032,10.733
4.2042,10.742
4.2052,10.751
4.2062,10.76
4.2072,10.769
4.2082,10.778
4.2092,10.787
4.2102,10.796
4.2112,10.805
4.2122,10.814
4.2132,10.822
4.2142,10.831
4.2152,10.839
4.2162,10.848
4.2172,10.856
4.2182,10.864
4.2192,10.872
4.2202,10.88
4.2212,10.889
4.2222,10.897
4.2232,10.904
4.2242,10.912
4.2252,10.92
4.2262,10.928
4.2272,10.935
4.2282,10.943
4.2292,10.951
4.2302,10.958
4.2312,10.965
4.2322,10.973
4.2332,10.98
4.2342,10.987
4.2352,10.994
4.2362,11.001
4.2372,11.008
4.2382,11.015
4.2392,11.022
4.2402,11.029
4.2412,11.035
4.2422,11.042
4.2432,11.049
4.2442,11.055
4.2452,11.062
4.2462,11.068
4.2472,11.074
4.2482,11.081
4.2492,11.087
4.2502,11.093
4.2512,11.099
4.2522,11.105
4.2532,11.111
4.2542,11.117
4.2552,11.123
4.2562,11.128
4.2572,11.134
4.2582,11.14
4.2592,11.145
4.2602,11.151
4.2612,11.156
4.2622,11.162
4.2632,11.167
4.2642,11.172
4.2652,11.177
4.2662,11.183
4.2672,11.188
4.2682,11.193
4.2692,11.198
4.2702,11.203
4.2712,11.207
4.2722,11.212
4.2732,11.217
4.2742,11.222
4.2752,11.226
4.2762,11.231
4.2772,11.235
4.2782,11.24
4.2792,11.244
4.2802,11.248
4.2812,11.253
4.2822,11.257
4.2832,11.261
4.2842,11.265
4.2852,11.269
4.2862,11.273
4.2872,11.277
4.2882,11.281
4.2892,11.285
4.2902,11.289
4.2912,11.292
4.2922,11.296
4.2932,11.299
4.2942,11.303
4.2952,11.306
4.2962,11.31
4.2972,11.313
4.2982,11.316
4.2992,11.32
4.3002,11.323
4.3012,11.326
4.3022,11.329
4.3032,11.332
4.3042,11.335
4.3052,11.338
4.3062,11.341
4.3072,11.344
4.3082,11.346
4.3092,11.349
4.3102,11.352
4.3112,11.354
4.3122,11.357
4.3132,11.359
4.3142,11.362
4.3152,11.364
4.3162,11.366
4.3172,11.369
4.3182,11.371
4.3192,11.373
4.3202,11.375
4.3212,11.377
4.3222,11.379
4.3232,11.381
4.3242,11.383
4.3252,11.384
4.3262,11.386
4.3272,11.388
4.3282,11.389
4.3292,11.391
4.3302,11.393
4.3312,11.394
4.3322,11.395
4.3332,11.397
4.3342,11.398
4.3352,11.399
4.3362,11.401
4.3372,11.402
4.3382,11.403
4.3392,11.404
4.3402,11.405
4.3412,11.406
4.3422,11.406
4.3432,11.407
4.3442,11.408
4.3452,11.409
4.3462,11.409
4.3472,11.41
4.3482,11.41
4.3492,11.411
4.3502,11.411
4.3512,11.412
4.3522,11.412
4.3532,11.412
4.3542,11.412
4.3552,11.412
4.3562,11.412
4.3572,11.412
4.3582,11.412
4.3592,11.412
4.3602,11.412
4.3612,11.412
4.3622,11.412
4.3632,11.411
4.3642,11.411
4.3652,11.41
4.3662,11.41
4.3672,11.409
4.3682,11.409
4.3692,11.408
4.3702,11.407
4.3712,11.406
4.3722,11.406
4.3732,11.405
4.3742,11.404
4.3752,11.403
4.3762,11.401
4.3772,11.4
4.3782,11.399
4.3792,11.398
4.3802,11.396
4.3812,11.395
4.3822,11.394
4.3832,11.392
4.3842,11.39
4.3852,11.389
4.3862,11.387
4.3872,11.385
4.3882,11.384
4.3892,11.382
4.3902,11.38
4.3912,11.378
4.3922,11.376
4.3932,11.373
4.3942,11.371
4.3952,11.369
4.3962,11.367
4.3972,11.364
4.3982,11.362
4.3992,11.359
4.4002,11.357
4.4012,11.354
4.4022,11.351
4.4032,11.349
4.4042,11.346
4.4052,11.343
4.4062,11.34
4.4072,11.337
4.4082,11.334
4.4092,11.331
4.4102,11.327
4.4112,11.324
4.4122,11.321
4.4132,11.317
4.4142,11.314
4.4152,11.31
4.4162,11.307
4.4172,11.303
4.4182,11.299
4.4192,11.295
4.4202,11.291
4.4212,11.287
4.4222,11.283
4.4232,11.279
4.4242,11.275
4.4252,11.271
4.4262,11.266
4.4272,11.262
4.4282,11.258
4.4292,11.253
4.4302,11.249
4.4312,11.244
4.4322,11.239
4.4332,11.234
4.4342,11.229
4.4352,11.224
4.4362,11.219
4.4372,11.214
4.4382,11.209
4.4392,11.204
4.4402,11.199
4.4412,11.193
4.4422,11.188
4.4432,11.182
4.4442,11.177
4.4452,11.171
4.4462,11.165
4.4472,11.159
4.4482,11.153
4.4492,11.147
4.4502,11.141
4.4512,11.135
4.4522,11.129
4.4532,11.123
