# Time (s),Thrust (N)
0,0.1411
1.5e-4,0.47033
3.5e-4,0.8466
5.5e-4,1.2229
7.5e-4,1.5991
9.5e-4,1.9754
0.00115,2.3517
0.00135,2.7279
0.00155,3.1042
0.00175,3.4805
0.00195,3.8567
0.00215,4.233
0.00235,4.6093
0.00255,4.9855
0.00275,5.3618
0.00295,5.7381
0.00315,6.1143
0.00335,6.4906
0.00355,6.8669
0.00375,7.2431
0.00395,7.6194
0.00415,7.9957
0.00435,8.3719
0.00455,8.7482
0.00475,9.1245
0.00495,9.5007
0.00515,9.877
0.00535,10.253
0.00555,10.63
0.00575,11.1
0.00605,11.805
0.0065,12.864
0.007175,14.439
0.008175,16.321
0.009175,18.202
0.010175,20.083
0.011175,21.965
0.012175,23.846
0.013175,25.727
0.014175,27.579
0.015175,28.197
0.016175,28.162
0.017175,28.128
0.018175,28.093
0.019175,28.059
0.020175,28.024
0.021175,27.99
0.022175,27.955
0.023175,27.921
0.024175,27.886
0.025175,27.852
0.026175,27.817
0.027175,27.783
0.028175,27.748
0.029175,27.714
0.030175,27.679
0.031175,27.645
0.032175,27.61
0.033175,27.576
0.034175,27.542
0.035175,27.507
0.036175,27.473
0.037175,27.438
0.038175,27.404
0.039175,27.369
0.040175,27.335
0.041175,27.3
0.042175,27.266
0.043175,27.231
0.044175,27.197
0.045175,27.162
0.046175,27.128
0.047175,27.093
0.048175,27.059
0.049175,27.024
0.050175,26.99
0.051175,26.955
0.052175,26.921
0.053175,26.886
0.054175,26.852
0.055175,26.817
0.056175,26.783
0.057175,26.748
0.058175,26.714
0.059175,26.679
0.060175,26.645
0.061175,26.61
0.062175,26.576
0.063175,26.541
0.064175,26.507
0.065175,26.473
0.066175,26.438
0.067175,26.404
0.068175,26.369
0.069175,26.335
0.070175,26.3
0.071175,26.266
0.072175,26.231
0.073175,26.197
0.074175,26.162
0.075175,26.128
0.076175,26.094
0.077175,26.076
0.078175,26.066
0.079175,26.057
0.080175,26.048
0.081175,26.039
0.082175,26.029
0.083175,26.02
0.084175,26.011
0.085175,26.002
0.086175,25.992
0.087175,25.983
0.088175,25.974
0.089175,25.965
0.090175,25.955
0.091175,25.946
0.092175,25.937
0.093175,25.928
0.094175,25.918
0.095175,25.909
0.096175,25.9
0.097175,25.891
0.098175,25.881
0.099175,25.872
0.10018,25.863
0.10118,25.854
0.10218,25.844
0.10318,25.835
0.10418,25.826
0.10518,25.817
0.10618,25.807
0.10718,25.798
0.10818,25.789
0.10918,25.779
0.11018,25.77
0.11118,25.761
0.11218,25.752
0.11318,25.742
0.11418,25.733
0.11518,25.724
0.11618,25.715
0.11718,25.705
0.11818,25.696
0.11918,25.687
0.12018,25.678
0.12118,25.668
0.12218,25.659
0.12318,25.65
0.12418,25.641
0.12518,25.631
0.12618,25.622
0.12718,25.613
0.12818,25.604
0.12918,25.594
0.13018,25.585
0.13118,25.576
0.13218,25.567
0.13318,25.557
0.13418,25.548
0.13518,25.539
0.13618,25.53
0.13718,25.52
0.13818,25.511
0.13918,25.502
0.14018,25.492
0.14118,25.483
0.14218,25.474
0.14318,25.465
0.14418,25.455
0.14518,25.446
0.14618,25.437
0.14718,25.428
0.14818,25.418
0.14918,25.409
0.15018,25.4
0.15118,25.391
0.15218,25.381
0.15318,25.372
0.15418,25.363
0.15518,25.354
0.15618,25.344
0.15718,25.335
0.15818,25.326
0.15918,25.317
0.16018,25.307
0.16118,25.298
0.16218,25.289
0.16318,25.28
0.16418,25.27
0.16518,25.261
0.16618,25.252
0.16718,25.243
0.16818,25.233
0.16918,25.224
0.17018,25.215
0.17118,25.205
0.17218,25.196
0.17318,25.187
0.17418,25.178
0.17518,25.168
0.17618,25.159
0.17718,25.15
0.17818,25.141
0.17918,25.131
0.18018,25.122
0.18118,25.113
0.18218,25.104
0.18318,25.094
0.18418,25.085
0.18518,25.076
0.18618,25.067
0.18718,25.057
0.18818,25.048
0.18918,25.039
0.19018,25.03
0.19118,25.02
0.19218,25.011
0.19318,25.002
0.19418,24.993
0.19518,24.983
0.19618,24.974
0.19718,24.965
0.19818,24.956
0.19918,24.946
0.20018,24.937
0.20118,24.921
0.20218,24.901
0.20318,24.882
0.20418,24.862
0.20518,24.843
0.20618,24.823
0.20718,24.804
0.20818,24.784
0.20918,24.765
0.21018,24.745
0.21118,24.726
0.21218,24.706
0.21318,24.687
0.21418,24.667
0.21518,24.648
0.21618,24.628
0.21718,24.608
0.21818,24.589
0.21918,24.569
0.22018,24.55
0.22118,24.53
0.22218,24.511
0.22318,24.491
0.22418,24.472
0.22518,24.452
0.22618,24.433
0.22718,24.413
0.22818,24.394
0.22918,24.374
0.23018,24.355
0.23118,24.335
0.23218,24.316
0.23318,24.296
0.23418,24.277
0.23518,24.257
0.23618,24.238
0.23718,24.218
0.23818,24.198
0.23918,24.179
0.24018,24.159
0.24118,24.14
0.24218,24.12
0.24318,24.101
0.24418,24.081
0.24518,24.062
0.24618,24.042
0.24718,24.023
0.24818,24.003
0.24918,23.984
0.25018,23.964
0.25118,23.945
0.25218,23.925
0.25318,23.906
0.25418,23.886
0.25518,23.867
0.25618,23.847
0.25718,23.828
0.25818,23.808
0.25918,23.788
0.26018,23.769
0.26118,23.749
0.26218,23.73
0.26318,23.71
0.26418,23.691
0.26518,23.671
0.26618,23.652
0.26718,23.632
0.26818,23.613
0.26918,23.593
0.27018,23.574
0.27118,23.554
0.27218,23.535
0.27318,23.515
0.27418,23.496
0.27518,23.476
0.27618,23.457
0.27718,23.437
0.27818,23.418
0.27918,23.398
0.28018,23.379
0.28118,23.359
0.28218,23.339
0.28318,23.32
0.28418,23.3
0.28518,23.281
0.28618,23.261
0.28718,23.242
0.28818,23.222
0.28918,23.203
0.29018,23.183
0.29118,23.164
0.29218,23.144
0.29318,23.125
0.29418,23.105
0.29518,23.086
0.29618,23.066
0.29718,23.047
0.29818,23.027
0.29918,23.008
0.30018,22.988
0.30118,22.969
0.30218,22.949
0.30318,22.929
0.30418,22.91
0.30518,22.89
0.30618,22.871
0.30718,22.851
0.30818,22.832
0.30918,22.812
0.31018,22.795
0.31118,22.777
0.31218,22.76
0.31318,22.743
0.31418,22.726
0.31518,22.709
0.31618,22.692
0.31718,22.675
0.31818,22.658
0.31918,22.641
0.32018,22.624
0.32118,22.607
0.32218,22.59
0.32318,22.573
0.32418,22.556
0.32518,22.539
0.32618,22.522
0.32718,22.505
0.32818,22.488
0.32918,22.471
0.33018,22.454
0.33118,22.437
0.33218,22.42
0.33318,22.403
0.33418,22.386
0.33518,22.369
0.33618,22.352
0.33718,22.335
0.33818,22.318
0.33918,22.301
0.34018,22.284
0.34118,22.266
0.34218,22.249
0.34318,22.232
0.34418,22.215
0.34518,22.198
0.34618,22.181
0.34718,22.164
0.34818,22.147
0.34918,22.13
0.35018,22.113
0.35118,22.096
0.35218,22.079
0.35318,22.062
0.35418,22.045
0.35518,22.028
0.35618,22.011
0.35718,21.994
0.35818,21.977
0.35918,21.96
0.36018,21.943
0.36118,21.926
0.36218,21.909
0.36318,21.892
0.36418,21.875
0.36518,21.858
0.36618,21.841
0.36718,21.824
0.36818,21.807
0.36918,21.79
0.37018,21.773
0.37118,21.756
0.37218,21.738
0.37318,21.721
0.37418,21.704
0.37518,21.687
0.37618,21.67
0.37718,21.653
0.37818,21.636
0.37918,21.619
0.38018,21.602
0.38118,21.585
0.38218,21.568
0.38318,21.551
0.38418,21.534
0.38518,21.517
0.38618,21.5
0.38718,21.483
0.38818,21.466
0.38918,21.449
0.39018,21.432
0.39118,21.415
0.39218,21.398
0.39318,21.381
0.39418,21.364
0.39518,21.347
0.39618,21.33
0.39718,21.313
0.39818,21.296
0.39918,21.279
0.40018,21.262
0.40118,21.245
0.40218,21.228
0.40318,21.21
0.40418,21.193
0.40518,21.176
0.40618,21.159
0.40718,21.142
0.40818,21.125
0.40918,21.108
0.41018,21.091
0.41118,21.074
0.41218,21.057
0.41318,21.04
0.41418,21.023
0.41518,21.006
0.41618,20.989
0.41718,20.972
0.41818,20.955
0.41918,20.938
0.42018,20.921
0.42118,20.904
0.42218,20.887
0.42318,20.87
0.42418,20.853
0.42518,20.836
0.42618,20.819
0.42718,20.802
0.42818,20.785
0.42918,20.768
0.43018,20.751
0.43118,20.734
0.43218,20.717
0.43318,20.7
0.43418,20.682
0.43518,20.665
0.43618,20.648
0.43718,20.631
0.43818,20.614
0.43918,20.597
0.44018,20.58
0.44118,20.563
0.44218,20.546
0.44318,20.529
0.44418,20.512
0.44518,20.495
0.44618,20.478
0.44718,20.461
0.44818,20.444
0.44918,20.427
0.45018,20.41
0.45118,20.393
0.45218,20.376
0.45318,20.359
0.45418,20.342
0.45518,20.325
0.45618,20.308
0.45718,20.291
0.45818,20.274
0.45918,20.257
0.46018,20.24
0.46118,20.223
0.46218,20.206
0.46318,20.188
0.46418,20.169
0.46518,20.148
0.46618,20.127
0.46718,20.106
0.46818,20.084
0.46918,20.063
0.47018,20.042
0.47118,20.021
0.47218,20
0.47318,19.979
0.47418,19.958
0.47518,19.937
0.47618,19.916
0.47718,19.895
0.47818,19.874
0.47918,19.853
0.48018,19.832
0.48118,19.811
0.48218,19.789
0.48318,19.768
0.48418,19.747
0.48518,19.726
0.48618,19.705
0.48718,19.684
0.48818,19.663
0.48918,19.642
0.49018,19.621
0.49118,19.6
0.49218,19.579
0.49318,19.558
0.49418,19.537
0.49518,19.516
0.49618,19.494
0.49718,19.473
0.49818,19.452
0.49918,19.431
0.50018,19.41
0.50118,19.389
0.50218,19.368
0.50318,19.347
0.50418,19.326
0.50518,19.305
0.50618,19.284
0.50718,19.263
0.50818,19.242
0.50918,19.22
0.51018,19.199
0.51118,19.178
0.51218,19.157
0.51318,19.136
0.51418,19.115
0.51518,19.094
0.51618,19.073
0.51718,19.052
0.51818,19.031
0.51918,19.01
0.52018,18.989
0.52118,18.968
0.52218,18.947
0.52318,18.925
0.52418,18.904
0.52518,18.883
0.52618,18.862
0.52718,18.841
0.52818,18.82
0.52918,18.799
0.53018,18.778
0.53118,18.757
0.53218,18.736
0.53318,18.715
0.53418,18.694
0.53518,18.673
0.53618,18.651
0.53718,18.63
0.53818,18.609
0.53918,18.588
0.54018,18.567
0.54118,18.546
0.54218,18.525
0.54318,18.504
0.54418,18.483
0.54518,18.462
0.54618,18.441
0.54718,18.42
0.54818,18.399
0.54918,18.378
0.55018,18.356
0.55118,18.335
0.55218,18.314
0.55318,18.293
0.55418,18.272
0.55518,18.251
0.55618,18.23
0.55718,18.209
0.55818,18.188
0.55918,18.167
0.56018,18.146
0.56118,18.125
0.56218,18.104
0.56318,18.083
0.56418,18.061
0.56518,18.04
0.56618,18.019
0.56718,17.998
0.56818,17.977
0.56918,17.956
0.57018,17.935
0.57118,17.914
0.57218,17.893
0.57318,17.88
0.57418,17.872
0.57518,17.864
0.57618,17.855
0.57718,17.847
0.57818,17.838
0.57918,17.83
0.58018,17.822
0.58118,17.813
0.58218,17.805
0.58318,17.796
0.58418,17.788
0.58518,17.78
0.58618,17.771
0.58718,17.763
0.58818,17.755
0.58918,17.746
0.59018,17.738
0.59118,17.729
0.59218,17.721
0.59318,17.713
0.59418,17.704
0.59518,17.696
0.59618,17.688
0.59718,17.679
0.59818,17.671
0.59918,17.662
0.60018,17.654
0.60118,17.646
0.60218,17.637
0.60318,17.629
0.60418,17.62
0.60518,17.612
0.60618,17.604
0.60718,17.595
0.60818,17.587
0.60918,17.579
0.61018,17.57
0.61118,17.562
0.61218,17.553
0.61318,17.545
0.61418,17.537
0.61518,17.528
0.61618,17.52
0.61718,17.511
0.61818,17.503
0.61918,17.495
0.62018,17.486
0.62118,17.478
0.62218,17.47
0.62318,17.461
0.62418,17.453
0.62518,17.444
0.62618,17.436
0.62718,17.428
0.62818,17.419
0.62918,17.411
0.63018,17.402
0.63118,17.394
0.63218,17.386
0.63318,17.377
0.63418,17.369
0.63518,17.361
0.63618,17.352
0.63718,17.344
0.63818,17.335
0.63918,17.327
0.64018,17.319
0.64118,17.31
0.64218,17.302
0.64318,17.293
0.64418,17.285
0.64518,17.277
0.64618,17.268
0.64718,17.26
0.64818,17.252
0.64918,17.243
0.65018,17.235
0.65118,17.226
0.65218,17.218
0.65318,17.21
0.65418,17.201
0.65518,17.193
0.65618,17.184
0.65718,17.176
0.65818,17.168
0.65918,17.159
0.66018,17.151
0.66118,17.143
0.66218,17.134
0.66318,17.126
0.66418,17.117
0.66518,17.109
0.66618,17.101
0.66718,17.092
0.66818,17.084
0.66918,17.075
0.67018,17.067
0.67118,17.059
0.67218,17.05
0.67318,17.042
0.67418,17.034
0.67518,17.025
0.67618,17.017
0.67718,17.008
0.67818,17
0.67918,16.992
0.68018,16.983
0.68118,16.975
0.68218,16.966
0.68318,16.958
0.68418,16.95
0.68518,16.941
0.68618,16.933
0.68718,16.925
0.68818,16.916
0.68918,16.908
0.69018,16.899
0.69118,16.891
0.69218,16.883
0.69318,16.874
0.69418,16.866
0.69518,16.857
0.69618,16.849
0.69718,16.841
0.69818,16.832
0.69918,16.824
0.70018,16.816
0.70118,16.807
0.70218,16.799
0.70318,16.79
0.70418,16.782
0.70518,16.774
0.70618,16.765
0.70718,16.757
0.70818,16.748
0.70918,16.74
0.71018,16.732
0.71118,16.723
0.71218,16.715
0.71318,16.707
0.71418,16.698
0.71518,16.69
0.71618,16.681
0.71718,16.673
0.71818,16.665
0.71918,16.656
0.72018,16.648
0.72118,16.639
0.72218,16.631
0.72318,16.623
0.72418,16.614
0.72518,16.606
0.72618,16.598
0.72718,16.589
0.72818,16.581
0.72918,16.572
0.73018,16.564
0.73118,16.556
0.73218,16.547
0.73318,16.539
0.73418,16.53
0.73518,16.522
0.73618,16.514
0.73718,16.505
0.73818,16.497
0.73918,16.489
0.74018,16.48
0.74118,16.472
0.74218,16.463
0.74318,16.455
0.74418,16.447
0.74518,16.438
0.74618,16.43
0.74718,16.421
0.74818,16.413
0.74918,16.405
0.75018,16.396
0.75118,16.388
0.75218,16.38
0.75318,16.371
0.75418,16.363
0.75518,16.354
0.75618,16.346
0.75718,16.338
0.75818,16.329
0.75918,16.321
0.76018,16.312
0.76118,16.304
0.76218,16.296
0.76318,16.287
0.76418,16.279
0.76518,16.271
0.76618,16.262
0.76718,16.254
0.76818,16.245
0.76918,16.237
0.77018,16.229
0.77118,16.22
0.77218,16.212
0.77318,16.203
0.77418,16.195
0.77518,16.187
0.77618,16.178
0.77718,16.17
0.77818,16.162
0.77918,16.153
0.78018,16.145
0.78118,16.136
0.78218,16.128
0.78318,16.12
0.78418,16.111
0.78518,16.103
0.78618,16.094
0.78718,16.086
0.78818,16.078
0.78918,16.07
0.79018,16.062
0.79118,16.055
0.79218,16.047
0.79318,16.039
0.79418,16.032
0.79518,16.024
0.79618,16.016
0.79718,16.009
0.79818,16.001
0.79918,15.994
0.80018,15.986
0.80118,15.978
0.80218,15.971
0.80318,15.963
0.80418,15.955
0.80518,15.948
0.80618,15.94
0.80718,15.932
0.80818,15.925
0.80918,15.917
0.81018,15.91
0.81118,15.902
0.81218,15.894
0.81318,15.887
0.81418,15.879
0.81518,15.871
0.81618,15.864
0.81718,15.856
0.81818,15.849
0.81918,15.841
0.82018,15.833
0.82118,15.826
0.82218,15.818
0.82318,15.81
0.82418,15.803
0.82518,15.795
0.82618,15.788
0.82718,15.78
0.82818,15.772
0.82918,15.765
0.83018,15.757
0.83118,15.749
0.83218,15.742
0.83318,15.734
0.83418,15.726
0.83518,15.719
0.83618,15.711
0.83718,15.704
0.83818,15.696
0.83918,15.688
0.84018,15.681
0.84118,15.673
0.84218,15.665
0.84318,15.658
0.84418,15.65
0.84518,15.643
0.84618,15.635
0.84718,15.627
0.84818,15.62
0.84918,15.612
0.85018,15.604
0.85118,15.597
0.85218,15.589
0.85318,15.581
0.85418,15.574
0.85518,15.566
0.85618,15.559
0.85718,15.551
0.85818,15.543
0.85918,15.536
0.86018,15.528
0.86118,15.52
0.86218,15.513
0.86318,15.505
0.86418,15.498
0.86518,15.49
0.86618,15.482
0.86718,15.475
0.86818,15.467
0.86918,15.459
0.87018,15.452
0.87118,15.444
0.87218,15.436
0.87318,15.429
0.87418,15.421
0.87518,15.414
0.87618,15.406
0.87718,15.398
0.87818,15.391
0.87918,15.383
0.88018,15.375
0.88118,15.368
0.88218,15.36
0.88318,15.353
0.88418,15.345
0.88518,15.337
0.88618,15.33
0.88718,15.322
0.88818,15.314
0.88918,15.307
0.89018,15.299
0.89118,15.292
0.89218,15.284
0.89318,15.276
0.89418,15.269
0.89518,15.261
0.89618,15.253
0.89718,15.246
0.89818,15.238
0.89918,15.23
0.90018,15.223
0.90118,15.215
0.90218,15.208
0.90318,15.2
0.90418,15.192
0.90518,15.185
0.90618,15.177
0.90718,15.169
0.90818,15.162
0.90918,15.154
0.91018,15.147
0.91118,15.139
0.91218,15.131
0.91318,15.124
0.91418,15.116
0.91518,15.108
0.91618,15.101
0.91718,15.093
0.91818,15.085
0.91918,15.078
0.92018,15.07
0.92118,15.063
0.92218,15.055
0.92318,15.047
0.92418,15.04
0.92518,15.032
0.92618,15.024
0.92718,15.017
0.92818,15.009
0.92918,15.002
0.93018,14.994
0.93118,14.986
0.93218,14.979
0.93318,14.971
0.93418,14.963
0.93518,14.956
0.93618,14.948
0.93718,14.94
0.93818,14.933
0.93918,14.925
0.94018,14.918
0.94118,14.91
0.94218,14.902
0.94318,14.895
0.94418,14.887
0.94518,14.879
0.94618,14.872
0.94718,14.864
0.94818,14.857
0.94918,14.849
0.95018,14.841
0.95118,14.834
0.95218,14.826
0.95318,14.818
0.95418,14.811
0.95518,14.803
0.95618,14.796
0.95718,14.788
0.95818,14.78
0.95918,14.773
0.96018,14.765
0.96118,14.757
0.96218,14.75
0.96318,14.742
0.96418,14.734
0.96518,14.727
0.96618,14.719
0.96718,14.712
0.96818,14.704
0.96918,14.696
0.97018,14.689
0.97118,14.681
0.97218,14.673
0.97318,14.666
0.97418,14.658
0.97518,14.651
0.97618,14.643
0.97718,14.635
0.97818,14.628
0.97918,14.62
0.98018,14.612
0.98118,14.605
0.98218,14.597
0.98318,14.589
0.98418,14.582
0.98518,14.574
0.98618,14.567
0.98718,14.559
0.98818,14.551
0.98918,14.544
0.99018,14.536
0.99118,14.528
0.99218,14.521
0.99318,14.513
0.99418,14.506
0.99518,14.498
0.99618,14.49
0.99718,14.483
0.99818,14.475
0.99918,14.467
1.0002,14.46
1.0012,14.452
1.0022,14.444
1.0032,14.437
1.0042,14.429
1.0052,14.422
1.0062,14.414
1.0072,14.406
1.0082,14.399
1.0092,14.391
1.0102,14.383
1.0112,14.376
1.0122,14.368
1.0132,14.361
1.0142,14.353
1.0152,14.345
1.0162,14.338
1.0172,14.33
1.0182,14.322
1.0192,14.315
1.0202,14.307
1.0212,14.299
1.0222,14.292
1.0232,14.284
1.0242,14.277
1.0252,14.269
1.0262,14.261
1.0272,14.254
1.0282,14.246
1.0292,14.238
1.0302,14.231
1.0312,14.223
1.0322,14.216
1.0332,14.208
1.0342,14.2
1.0352,14.193
1.0362,14.185
1.0372,14.177
1.0382,14.17
1.0392,14.162
1.0402,14.155
1.0412,14.147
1.0422,14.139
1.0432,14.132
1.0442,14.124
1.0452,14.116
1.0462,14.109
1.0472,14.101
1.0482,14.093
1.0492,14.086
1.0502,14.078
1.0512,14.071
1.0522,14.063
1.0532,14.055
1.0542,14.048
1.0552,14.04
1.0562,14.032
1.0572,14.025
1.0582,14.017
1.0592,14.01
1.0602,14.002
1.0612,13.994
1.0622,13.987
1.0632,13.979
1.0642,13.971
1.0652,13.964
1.0662,13.956
1.0672,13.949
1.0682,13.943
1.0692,13.939
1.0702,13.935
1.0712,13.931
1.0722,13.927
1.0732,13.923
1.0742,13.919
1.0752,13.915
1.0762,13.911
1.0772,13.907
1.0782,13.903
1.0792,13.899
1.0802,13.895
1.0812,13.891
1.0822,13.887
1.0832,13.883
1.0842,13.878
1.0852,13.874
1.0862,13.87
1.0872,13.866
1.0882,13.862
1.0892,13.858
1.0902,13.854
1.0912,13.85
1.0922,13.846
1.0932,13.842
1.0942,13.838
1.0952,13.834
1.0962,13.83
1.0972,13.826
1.0982,13.822
1.0992,13.818
1.1002,13.814
1.1012,13.81
1.1022,13.806
1.1032,13.802
1.1042,13.797
1.1052,13.793
1.1062,13.789
1.1072,13.785
1.1082,13.781
1.1092,13.777
1.1102,13.773
1.1112,13.769
1.1122,13.765
1.1132,13.761
1.1142,13.757
1.1152,13.753
1.1162,13.749
1.1172,13.745
1.1182,13.741
1.1192,13.737
1.1202,13.733
1.1212,13.729
1.1222,13.725
1.1232,13.721
1.1242,13.717
1.1252,13.712
1.1262,13.708
1.1272,13.704
1.1282,13.7
1.1292,13.696
1.1302,13.692
1.1312,13.688
1.1322,13.684
1.1332,13.68
1.1342,13.676
1.1352,13.672
1.1362,13.668
1.1372,13.664
1.1382,13.66
1.1392,13.656
1.1402,13.652
1.1412,13.648
1.1422,13.644
1.1432,13.64
1.1442,13.636
1.1452,13.631
1.1462,13.627
1.1472,13.623
1.1482,13.619
1.1492,13.615
1.1502,13.611
1.1512,13.607
1.1522,13.603
1.1532,13.599
1.1542,13.595
1.1552,13.591
1.1562,13.587
1.1572,13.583
1.1582,13.579
1.1592,13.575
1.1602,13.571
1.1612,13.567
1.1622,13.563
1.1632,13.559
1.1642,13.555
1.1652,13.55
1.1662,13.546
1.1672,13.542
1.1682,13.538
1.1692,13.534
1.1702,13.53
1.1712,13.526
1.1722,13.522
1.1732,13.518
1.1742,13.514
1.1752,13.51
1.1762,13.506
1.1772,13.502
1.1782,13.498
1.1792,13.494
1.1802,13.49
1.1812,13.486
1.1822,13.482
1.1832,13.478
1.1842,13.474
1.1852,13.47
1.1862,13.465
1.1872,13.461
1.1882,13.457
1.1892,13.453
1.1902,13.449
1.1912,13.445
1.1922,13.441
1.1932,13.437
1.1942,13.433
1.1952,13.429
1.1962,13.425
1.1972,13.421
1.1982,13.417
1.1992,13.413
1.2002,13.409
1.2012,13.405
1.2022,13.401
1.2032,13.397
1.2042,13.393
1.2052,13.389
1.2062,13.384
1.2072,13.38
1.2082,13.376
1.2092,13.372
1.2102,13.368
1.2112,13.364
1.2122,13.36
1.2132,13.356
1.2142,13.352
1.2152,13.348
1.2162,13.344
1.2172,13.34
1.2182,13.336
1.2192,13.332
1.2202,13.328
1.2212,13.324
1.2222,13.32
1.2232,13.316
1.2242,13.312
1.2252,13.308
1.2262,13.303
1.2272,13.299
1.2282,13.295
1.2292,13.291
1.2302,13.287
1.2312,13.283
1.2322,13.279
1.2332,13.275
1.2342,13.271
1.2352,13.267
1.2362,13.263
1.2372,13.259
1.2382,13.255
1.2392,13.251
1.2402,13.247
1.2412,13.243
1.2422,13.239
1.2432,13.235
1.2442,13.231
1.2452,13.227
1.2462,13.223
1.2472,13.218
1.2482,13.214
1.2492,13.21
1.2502,13.206
1.2512,13.202
1.2522,13.198
1.2532,13.194
1.2542,13.19
1.2552,13.186
1.2562,13.182
1.2572,13.178
1.2582,13.174
1.2592,13.17
1.2602,13.166
1.2612,13.162
1.2622,13.158
1.2632,13.154
1.2642,13.15
1.2652,13.146
1.2662,13.142
1.2672,13.137
1.2682,13.133
1.2692,13.129
1.2702,13.125
1.2712,13.121
1.2722,13.117
1.2732,13.113
1.2742,13.109
1.2752,13.105
1.2762,13.101
1.2772,13.097
1.2782,13.093
1.2792,13.089
1.2802,13.085
1.2812,13.081
1.2822,13.077
1.2832,13.073
1.2842,13.069
1.2852,13.065
1.2862,13.061
1.2872,13.056
1.2882,13.052
1.2892,13.048
1.2902,13.044
1.2912,13.04
1.2922,13.036
1.2932,13.032
1.2942,13.028
1.2952,13.024
1.2962,13.02
1.2972,13.016
1.2982,13.012
1.2992,13.008
1.3002,13.004
1.3012,13
1.3022,12.996
1.3032,12.992
1.3042,12.988
1.3052,12.984
1.3062,12.98
1.3072,12.976
1.3082,12.971
1.3092,12.967
1.3102,12.963
1.3112,12.959
1.3122,12.955
1.3132,12.951
1.3142,12.947
1.3152,12.943
1.3162,12.939
1.3172,12.935
1.3182,12.931
1.3192,12.927
1.3202,12.923
1.3212,12.919
1.3222,12.915
1.3232,12.911
1.3242,12.907
1.3252,12.903
1.3262,12.899
1.3272,12.895
1.3282,12.89
1.3292,12.886
1.3302,12.882
1.3312,12.878
1.3322,12.874
1.3332,12.87
1.3342,12.866
1.3352,12.862
1.3362,12.858
1.3372,12.854
1.3382,12.85
1.3392,12.846
1.3402,12.842
1.3412,12.838
1.3422,12.834
1.3432,12.83
1.3442,12.826
1.3452,12.822
1.3462,12.818
1.3472,12.814
1.3482,12.809
1.3492,12.805
1.3502,12.801
1.3512,12.797
1.3522,12.793
1.3532,12.789
1.3542,12.785
1.3552,12.781
1.3562,12.777
1.3572,12.773
1.3582,12.769
1.3592,12.765
1.3602,12.761
1.3612,12.757
1.3622,12.753
1.3632,12.749
1.3642,12.745
1.3652,12.741
1.3662,12.737
1.3672,12.733
1.3682,12.728
1.3692,12.724
1.3702,12.72
1.3712,12.716
1.3722,12.712
1.3732,12.708
1.3742,12.704
1.3752,12.7
1.3762,12.696
1.3772,12.692
1.3782,12.688
1.3792,12.684
1.3802,12.68
1.3812,12.676
1.3822,12.672
1.3832,12.668
1.3842,12.664
1.3852,12.66
1.3862,12.656
1.3872,12.652
1.3882,12.648
1.3892,12.643
1.3902,12.639
1.3912,12.635
1.3922,12.631
1.3932,12.627
1.3942,12.622
1.3952,12.618
1.3962,12.613
1.3972,12.609
1.3982,12.604
1.3992,12.6
1.4002,12.595
1.4012,12.591
1.4022,12.586
1.4032,12.582
1.4042,12.577
1.4052,12.572
1.4062,12.568
1.4072,12.563
1.4082,12.559
1.4092,12.554
1.4102,12.55
1.4112,12.545
1.4122,12.541
1.4132,12.536
1.4142,12.532
1.4152,12.527
1.4162,12.523
1.4172,12.518
1.4182,12.513
1.4192,12.509
1.4202,12.504
1.4212,12.5
1.4222,12.495
1.4232,12.491
1.4242,12.486
1.4252,12.482
1.4262,12.477
1.4272,12.473
1.4282,12.468
1.4292,12.464
1.4302,12.459
1.4312,12.454
1.4322,12.45
1.4332,12.445
1.4342,12.441
1.4352,12.436
1.4362,12.432
1.4372,12.427
1.4382,12.423
1.4392,12.418
1.4402,12.414
1.4412,12.409
1.4422,12.405
1.4432,12.4
1.4442,12.395
1.4452,12.391
1.4462,12.386
1.4472,12.382
1.4482,12.377
1.4492,12.373
1.4502,12.368
1.4512,12.364
1.4522,12.359
1.4532,12.355
1.4542,12.35
1.4552,12.346
1.4562,12.341
1.4572,12.336
1.4582,12.332
1.4592,12.327
1.4602,12.323
1.4612,12.318
1.4622,12.314
1.4632,12.309
1.4642,12.305
1.4652,12.3
1.4662,12.296
1.4672,12.291
1.4682,12.287
1.4692,12.282
1.4702,12.277
1.4712,12.273
1.4722,12.268
1.4732,12.264
1.4742,12.259
1.4752,12.255
1.4762,12.25
1.4772,12.246
1.4782,12.241
1.4792,12.237
1.4802,12.232
1.4812,12.228
1.4822,12.223
1.4832,12.218
1.4842,12.214
1.4852,12.209
1.4862,12.205
1.4872,12.2
1.4882,12.196
1.4892,12.191
1.4902,12.187
1.4912,12.182
1.4922,12.178
1.4932,12.173
1.4942,12.169
1.4952,12.164
1.4962,12.159
1.4972,12.155
1.4982,12.15
1.4992,12.146
1.5002,12.141
1.5012,12.137
1.5022,12.132
1.5032,12.128
1.5042,12.123
1.5052,12.119
1.5062,12.114
1.5072,12.11
1.5082,12.105
1.5092,12.1
1.5102,12.096
1.5112,12.091
1.5122,12.087
1.5132,12.082
1.5142,12.078
1.5152,12.073
1.5162,12.069
1.5172,12.064
1.5182,12.06
1.5192,12.055
1.5202,12.051
1.5212,12.046
1.5222,12.041
1.5232,12.037
1.5242,12.032
1.5252,12.028
1.5262,12.023
1.5272,12.019
1.5282,12.014
1.5292,12.01
1.5302,12.005
1.5312,12.001
1.5322,11.996
1.5332,11.992
1.5342,11.987
1.5352,11.982
1.5362,11.978
1.5372,11.973
1.5382,11.969
1.5392,11.964
1.5402,11.96
1.5412,11.955
1.5422,11.951
1.5432,11.946
1.5442,11.942
1.5452,11.937
1.5462,11.933
1.5472,11.928
1.5482,11.923
1.5492,11.919
1.5502,11.914
1.5512,11.91
1.5522,11.905
1.5532,11.901
1.5542,11.896
1.5552,11.892
1.5562,11.887
1.5572,11.883
1.5582,11.878
1.5592,11.874
1.5602,11.869
1.5612,11.864
1.5622,11.86
1.5632,11.855
1.5642,11.851
1.5652,11.846
1.5662,11.842
1.5672,11.837
1.5682,11.833
1.5692,11.828
1.5702,11.824
1.5712,11.819
1.5722,11.815
1.5732,11.81
1.5742,11.805
1.5752,11.801
1.5762,11.796
1.5772,11.792
1.5782,11.787
1.5792,11.783
1.5802,11.778
1.5812,11.774
1.5822,11.769
1.5832,11.765
1.5842,11.76
1.5852,11.756
1.5862,11.751
1.5872,11.746
1.5882,11.742
1.5892,11.737
1.5902,11.733
1.5912,11.728
1.5922,11.724
1.5932,11.719
1.5942,11.715
1.5952,11.71
1.5962,11.706
1.5972,11.701
1.5982,11.697
1.5992,11.692
1.6002,11.687
1.6012,11.683
1.6022,11.678
1.6032,11.674
1.6042,11.669
1.6052,11.665
1.6062,11.66
1.6072,11.656
1.6082,11.651
1.6092,11.647
1.6102,11.642
1.6112,11.638
1.6122,11.633
1.6132,11.628
1.6142,11.624
1.6152,11.619
1.6162,11.615
1.6172,11.61
1.6182,11.606
1.6192,11.601
1.6202,11.597
1.6212,11.592
1.6222,11.588
1.6232,11.583
1.6242,11.579
1.6252,11.574
1.6262,11.569
1.6272,11.565
1.6282,11.56
1.6292,11.556
1.6302,11.551
1.6312,11.547
1.6322,11.542
1.6332,11.538
1.6342,11.533
1.6352,11.529
1.6362,11.524
1.6372,11.52
1.6382,11.515
1.6392,11.51
1.6402,11.506
1.6412,11.501
1.6422,11.497
1.6432,11.492
1.6442,11.488
1.6452,11.483
1.6462,11.479
1.6472,11.474
1.6482,11.47
1.6492,11.465
1.6502,11.461
1.6512,11.456
1.6522,11.451
1.6532,11.447
1.6542,11.442
1.6552,11.438
1.6562,11.433
1.6572,11.429
1.6582,11.424
1.6592,11.42
1.6602,11.415
1.6612,11.411
1.6622,11.406
1.6632,11.402
1.6642,11.397
1.6652,11.392
1.6662,11.388
1.6672,11.383
1.6682,11.379
1.6692,11.374
1.6702,11.37
1.6712,11.365
1.6722,11.361
1.6732,11.356
1.6742,11.352
1.6752,11.347
1.6762,11.343
1.6772,11.338
1.6782,11.333
1.6792,11.329
1.6802,11.324
1.6812,11.32
1.6822,11.315
1.6832,11.311
1.6842,11.306
1.6852,11.302
1.6862,11.297
1.6872,11.293
1.6882,11.288
1.6892,11.284
1.6902,11.279
1.6912,11.274
1.6922,11.27
1.6932,11.265
1.6942,11.261
1.6952,11.256
1.6962,11.252
1.6972,11.247
1.6982,11.243
1.6992,11.238
1.7002,11.234
1.7012,11.229
1.7022,11.225
1.7032,11.22
1.7042,11.215
1.7052,11.211
1.7062,11.206
1.7072,11.202
1.7082,11.197
1.7092,11.193
1.7102,11.188
1.7112,11.184
1.7122,11.179
1.7132,11.175
1.7142,11.17
1.7152,11.166
1.7162,11.161
1.7172,11.156
1.7182,11.153
1.7192,11.15
1.7202,11.147
1.7212,11.144
1.7222,11.141
1.7232,11.138
1.7242,11.135
1.7252,11.133
1.7262,11.13
1.7272,11.127
1.7282,11.124
1.7292,11.121
1.7302,11.118
1.7312,11.115
1.7322,11.112
1.7332,11.109
1.7342,11.106
1.7352,11.103
1.7362,11.1
1.7372,11.097
1.7382,11.094
1.7392,11.092
1.7402,11.089
1.7412,11.086
1.7422,11.083
1.7432,11.08
1.7442,11.077
1.7452,11.074
1.7462,11.071
1.7472,11.068
1.7482,11.065
1.7492,11.062
1.7502,11.059
1.7512,11.056
1.7522,11.054
1.7532,11.051
1.7542,11.048
1.7552,11.045
1.7562,11.042
1.7572,11.039
1.7582,11.036
1.7592,11.033
1.7602,11.03
1.7612,11.027
1.7622,11.024
1.7632,11.021
1.7642,11.018
1.7652,11.015
1.7662,11.013
1.7672,11.01
1.7682,11.007
1.7692,11.004
1.7702,11.001
1.7712,10.998
1.7722,10.995
1.7732,10.992
1.7742,10.989
1.7752,10.986
1.7762,10.983
1.7772,10.98
1.7782,10.977
1.7792,10.975
1.7802,10.972
1.7812,10.969
1.7822,10.966
1.7832,10.963
1.7842,10.96
1.7852,10.957
1.7862,10.954
1.7872,10.951
1.7882,10.948
1.7892,10.945
1.7902,10.942
1.7912,10.939
1.7922,10.936
1.7932,10.934
1.7942,10.931
1.7952,10.928
1.7962,10.925
1.7972,10.922
1.7982,10.919
1.7992,10.916
1.8002,10.913
1.8012,10.91
1.8022,10.907
1.8032,10.904
1.8042,10.901
1.8052,10.898
1.8062,10.896
1.8072,10.893
1.8082,10.89
1.8092,10.887
1.8102,10.884
1.8112,10.881
1.8122,10.878
1.8132,10.875
1.8142,10.872
1.8152,10.869
1.8162,10.866
1.8172,10.863
1.8182,10.86
1.8192,10.857
1.8202,10.855
1.8212,10.852
1.8222,10.849
1.8232,10.846
1.8242,10.843
1.8252,10.84
1.8262,10.837
1.8272,10.834
1.8282,10.831
1.8292,10.828
1.8302,10.825
1.8312,10.822
1.8322,10.819
1.8332,10.816
1.8342,10.814
1.8352,10.811
1.8362,10.808
1.8372,10.805
1.8382,10.802
1.8392,10.799
1.8402,10.796
1.8412,10.793
1.8422,10.79
1.8432,10.787
1.8442,10.784
1.8452,10.781
1.8462,10.778
1.8472,10.776
1.8482,10.773
1.8492,10.77
1.8502,10.767
1.8512,10.764
1.8522,10.761
1.8532,10.758
1.8542,10.755
1.8552,10.752
1.8562,10.749
1.8572,10.746
1.8582,10.743
1.8592,10.74
1.8602,10.737
1.8612,10.735
1.8622,10.732
1.8632,10.729
1.8642,10.726
1.8652,10.723
1.8662,10.72
1.8672,10.717
1.8682,10.714
1.8692,10.711
1.8702,10.708
1.8712,10.705
1.8722,10.702
1.8732,10.699
1.8742,10.697
1.8752,10.694
1.8762,10.691
1.8772,10.688
1.8782,10.685
1.8792,10.682
1.8802,10.679
1.8812,10.676
1.8822,10.673
1.8832,10.67
1.8842,10.667
1.8852,10.664
1.8862,10.661
1.8872,10.658
1.8882,10.656
1.8892,10.653
1.8902,10.65
1.8912,10.647
1.8922,10.644
1.8932,10.641
1.8942,10.638
1.8952,10.635
1.8962,10.632
1.8972,10.629
1.8982,10.626
1.8992,10.623
1.9002,10.62
1.9012,10.618
1.9022,10.615
1.9032,10.612
1.9042,10.609
1.9052,10.606
1.9062,10.603
1.9072,10.6
1.9082,10.597
1.9092,10.594
1.9102,10.591
1.9112,10.588
1.9122,10.585
1.9132,10.582
1.9142,10.579
1.9152,10.577
1.9162,10.574
1.9172,10.571
1.9182,10.568
1.9192,10.565
1.9202,10.562
1.9212,10.559
1.9222,10.556
1.9232,10.553
1.9242,10.55
1.9252,10.547
1.9262,10.544
1.9272,10.541
1.9282,10.538
1.9292,10.536
1.9302,10.533
1.9312,10.53
1.9322,10.527
1.9332,10.524
1.9342,10.521
1.9352,10.518
1.9362,10.515
1.9372,10.512
1.9382,10.509
1.9392,10.506
1.9402,10.503
1.9412,10.5
1.9422,10.498
1.9432,10.495
1.9442,10.492
1.9452,10.489
1.9462,10.486
1.9472,10.483
1.9482,10.48
1.9492,10.477
1.9502,10.474
1.9512,10.471
1.9522,10.468
1.9532,10.465
1.9542,10.462
1.9552,10.459
1.9562,10.457
1.9572,10.454
1.9582,10.451
1.9592,10.448
1.9602,10.445
1.9612,10.442
1.9622,10.439
1.9632,10.436
1.9642,10.433
1.9652,10.43
1.9662,10.427
1.9672,10.424
1.9682,10.421
1.9692,10.419
1.9702,10.416
1.9712,10.413
1.9722,10.41
1.9732,10.407
1.9742,10.404
1.9752,10.401
1.9762,10.398
1.9772,10.395
1.9782,10.392
1.9792,10.389
1.9802,10.386
1.9812,10.383
1.9822,10.38
1.9832,10.378
1.9842,10.375
1.9852,10.372
1.9862,10.369
1.9872,10.366
1.9882,10.363
1.9892,10.36
1.9902,10.357
1.9912,10.354
1.9922,10.351
1.9932,10.348
1.9942,10.345
1.9952,10.342
1.9962,10.34
1.9972,10.337
1.9982,10.334
1.9992,10.331
2.0002,10.328
2.0012,10.325
2.0022,10.322
2.0032,10.319
2.0042,10.316
2.0052,10.313
2.0062,10.31
2.0072,10.307
2.0082,10.304
2.0092,10.301
2.0102,10.299
2.0112,10.296
2.0122,10.293
2.0132,10.29
2.0142,10.287
2.0152,10.284
2.0162,10.281
2.0172,10.278
2.0182,10.275
2.0192,10.272
2.0202,10.269
2.0212,10.266
2.0222,10.263
2.0232,10.26
2.0242,10.258
2.0252,10.255
2.0262,10.252
2.0272,10.249
2.0282,10.246
2.0292,10.243
2.0302,10.24
2.0312,10.237
2.0322,10.234
2.0332,10.231
2.0342,10.228
2.0352,10.225
2.0362,10.222
2.0372,10.22
2.0382,10.217
2.0392,10.214
2.0402,10.211
2.0412,10.208
2.0422,10.205
2.0432,10.202
2.0442,10.199
2.0452,10.196
2.0462,10.193
2.0472,10.19
2.0482,10.187
2.0492,10.184
2.0502,10.181
2.0512,10.179
2.0522,10.176
2.0532,10.173
2.0542,10.17
2.0552,10.167
2.0562,10.164
2.0572,10.161
2.0582,10.158
2.0592,10.155
2.0602,10.152
2.0612,10.149
2.0622,10.146
2.0632,10.143
2.0642,10.141
2.0652,10.138
2.0662,10.135
2.0672,10.132
2.0682,10.129
2.0692,10.126
2.0702,10.123
2.0712,10.12
2.0722,10.117
2.0732,10.114
2.0742,10.111
2.0752,10.108
2.0762,10.105
2.0772,10.102
2.0782,10.1
2.0792,10.097
2.0802,10.094
2.0812,10.091
2.0822,10.088
2.0832,10.085
2.0842,10.082
2.0852,10.079
2.0862,10.076
2.0872,10.073
2.0882,10.07
2.0892,10.067
2.0902,10.064
2.0912,10.062
2.0922,10.059
2.0932,10.056
2.0942,10.053
2.0952,10.05
2.0962,10.047
2.0972,10.044
2.0982,10.041
2.0992,10.038
2.1002,10.035
2.1012,10.032
2.1022,10.029
2.1032,10.026
2.1042,10.023
2.1052,10.021
2.1062,10.018
2.1072,10.015
2.1082,10.012
2.1092,10.009
2.1102,10.006
2.1112,10.003
2.1122,10
2.1132,9.9971
2.1142,9.9942
2.1152,9.9913
2.1162,9.9883
2.1172,9.9854
2.1182,9.9825
2.1192,9.9796
2.1202,9.9766
2.1212,9.9737
2.1222,9.9708
2.1232,9.9679
2.1242,9.9649
2.1252,9.962
2.1262,9.9591
2.1272,9.9562
2.1282,9.9532
2.1292,9.9503
2.1302,9.9474
2.1312,9.9444
2.1322,9.9415
2.1332,9.9386
2.1342,9.9357
2.1352,9.9327
2.1362,9.9298
2.1372,9.9269
2.1382,9.924
2.1392,9.921
2.1402,9.9181
2.1412,9.9152
2.1422,9.9123
2.1432,9.9093
2.1442,9.9064
2.1452,9.9035
2.1462,9.9006
2.1472,9.8976
2.1482,9.8947
2.1492,9.8918
2.1502,9.8888
2.1512,9.8859
2.1522,9.883
2.1532,9.8801
2.1542,9.8771
2.1552,9.8742
2.1562,9.8713
2.1572,9.8684
2.1582,9.8654
2.1592,9.8625
2.1602,9.8596
2.1612,9.8567
2.1622,9.8537
2.1632,9.8508
2.1642,9.8479
2.1652,9.845
2.1662,9.8436
2.1672,9.8429
2.1682,9.8423
2.1692,9.8416
2.1702,9.841
2.1712,9.8403
2.1722,9.8397
2.1732,9.8391
2.1742,9.8384
2.1752,9.8378
2.1762,9.8371
2.1772,9.8365
2.1782,9.8358
2.1792,9.8352
2.1802,9.8346
2.1812,9.8339
2.1822,9.8333
2.1832,9.8326
2.1842,9.832
2.1852,9.8313
2.1862,9.8307
2.1872,9.83
2.1882,9.8294
2.1892,9.8288
2.1902,9.8281
2.1912,9.8275
2.1922,9.8268
2.1932,9.8262
2.1942,9.8255
2.1952,9.8249
2.1962,9.8243
2.1972,9.8236
2.1982,9.823
2.1992,9.8223
2.2002,9.8217
2.2012,9.821
2.2022,9.8204
2.2032,9.8197
2.2042,9.8191
2.2052,9.8185
2.2062,9.8178
2.2072,9.8172
2.2082,9.8165
2.2092,9.8159
2.2102,9.8152
2.2112,9.8146
2.2122,9.8139
2.2132,9.8133
2.2142,9.8127
2.2152,9.812
2.2162,9.8114
2.2172,9.8107
2.2182,9.8101
2.2192,9.8094
2.2202,9.8088
2.2212,9.8082
2.2222,9.8075
2.2232,9.8069
2.2242,9.8062
2.2252,9.8056
2.2262,9.8049
2.2272,9.8043
2.2282,9.8036
2.2292,9.803
2.2302,9.8024
2.2312,9.8017
2.2322,9.8011
2.2332,9.8004
2.2342,9.7998
2.2352,9.7991
2.2362,9.7985
2.2372,9.7979
2.2382,9.7972
2.2392,9.7966
2.2402,9.7959
2.2412,9.7953
2.2422,9.7946
2.2432,9.794
2.2442,9.7933
2.2452,9.7927
2.2462,9.7921
2.2472,9.7914
2.2482,9.7908
2.2492,9.7901
2.2502,9.7895
2.2512,9.7888
2.2522,9.7882
2.2532,9.7876
2.2542,9.7869
2.2552,9.7863
2.2562,9.7856
2.2572,9.785
2.2582,9.7843
2.2592,9.7837
2.2602,9.783
2.2612,9.7824
2.2622,9.7818
2.2632,9.7811
2.2642,9.7805
2.2652,9.7798
2.2662,9.7792
2.2672,9.7785
2.2682,9.7779
2.2692,9.7773
2.2702,9.7766
2.2712,9.776
2.2722,9.7753
2.2732,9.7747
2.2742,9.774
2.2752,9.7734
2.2762,9.7727
2.2772,9.7721
2.2782,9.7715
2.2792,9.7708
2.2802,9.7702
2.2812,9.7695
2.2822,9.7689
2.2832,9.7682
2.2842,9.7676
2.2852,9.7669
2.2862,9.7663
2.2872,9.7657
2.2882,9.765
2.2892,9.7644
2.2902,9.7637
2.2912,9.7631
2.2922,9.7624
2.2932,9.7618
2.2942,9.7612
2.2952,9.7605
2.2962,9.7599
2.2972,9.7592
2.2982,9.7586
2.2992,9.7579
2.3002,9.7573
2.3012,9.7566
2.3022,9.756
2.3032,9.7554
2.3042,9.7547
2.3052,9.7541
2.3062,9.7534
2.3072,9.7528
2.3082,9.7521
2.3092,9.7515
2.3102,9.7509
2.3112,9.7502
2.3122,9.7496
2.3132,9.7489
2.3142,9.7483
2.3152,9.7476
2.3162,9.747
2.3172,9.7463
2.3182,9.7457
2.3192,9.7451
2.3202,9.7444
2.3212,9.7438
2.3222,9.7431
2.3232,9.7425
2.3242,9.7418
2.3252,9.7412
2.3262,9.7406
2.3272,9.7399
2.3282,9.7393
2.3292,9.7386
2.3302,9.738
2.3312,9.7373
2.3322,9.7367
2.3332,9.736
2.3342,9.7354
2.3352,9.7348
2.3362,9.7341
2.3372,9.7335
2.3382,9.7328
2.3392,9.7322
2.3402,9.7315
2.3412,9.7309
2.3422,9.7303
2.3432,9.7296
2.3442,9.729
2.3452,9.7283
2.3462,9.7277
2.3472,9.727
2.3482,9.7264
2.3492,9.7257
2.3502,9.7251
2.3512,9.7245
2.3522,9.7238
2.3532,9.7232
2.3542,9.7225
2.3552,9.7219
2.3562,9.7212
2.3572,9.7206
2.3582,9.7199
2.3592,9.7193
2.3602,9.7187
2.3612,9.718
2.3622,9.7174
2.3632,9.7167
2.3642,9.7161
2.3652,9.7154
2.3662,9.7148
2.3672,9.7142
2.3682,9.7135
2.3692,9.7129
2.3702,9.7122
2.3712,9.7116
2.3722,9.7109
2.3732,9.7103
2.3742,9.7096
2.3752,9.709
2.3762,9.7084
2.3772,9.7077
2.3782,9.7071
2.3792,9.7064
2.3802,9.7058
2.3812,9.7051
2.3822,9.7045
2.3832,9.7039
2.3842,9.7032
2.3852,9.7026
2.3862,9.7019
2.3872,9.7013
2.3882,9.7006
2.3892,9.7
2.3902,9.6993
2.3912,9.6987
2.3922,9.6981
2.3932,9.6974
2.3942,9.6968
2.3952,9.6961
2.3962,9.6955
2.3972,9.6948
2.3982,9.6942
2.3992,9.6936
2.4002,9.6929
2.4012,9.6923
2.4022,9.6916
2.4032,9.691
2.4042,9.6903
2.4052,9.6897
2.4062,9.689
2.4072,9.6884
2.4082,9.6878
2.4092,9.6871
2.4102,9.6865
2.4112,9.6858
2.4122,9.6852
2.4132,9.6845
2.4142,9.6839
2.4152,9.6833
2.4162,9.6826
2.4172,9.682
2.4182,9.6813
2.4192,9.6807
2.4202,9.68
2.4212,9.6794
2.4222,9.6787
2.4232,9.6781
2.4242,9.6775
2.4252,9.6768
2.4262,9.6762
2.4272,9.6755
2.4282,9.6749
2.4292,9.6742
2.4302,9.6736
2.4312,9.6729
2.4322,9.6723
2.4332,9.6717
2.4342,9.671
2.4352,9.6704
2.4362,9.6697
2.4372,9.6691
2.4382,9.6684
2.4392,9.6678
2.4402,9.6672
2.4412,9.6665
2.4422,9.6659
2.4432,9.6652
2.4442,9.6646
2.4452,9.6639
2.4462,9.6633
2.4472,9.6626
2.4482,9.662
2.4492,9.6614
2.4502,9.6607
2.4512,9.6601
2.4522,9.6594
2.4532,9.6588
2.4542,9.6581
2.4552,9.6575
2.4562,9.6569
2.4572,9.6562
2.4582,9.6556
2.4592,9.6549
2.4602,9.6543
2.4612,9.6536
2.4622,9.653
2.4632,9.6523
2.4642,9.6517
2.4652,9.6511
2.4662,9.6504
2.4672,9.6498
2.4682,9.6491
2.4692,9.6485
2.4702,9.6478
2.4712,9.6472
2.4722,9.6466
2.4732,9.6459
2.4742,9.6453
2.4752,9.6446
2.4762,9.644
2.4772,9.6433
2.4782,9.6427
2.4792,9.642
2.4802,9.6414
2.4812,9.6408
2.4822,9.6401
2.4832,9.6395
2.4842,9.6388
2.4852,9.6382
2.4862,9.6375
2.4872,9.6369
2.4882,9.6363
2.4892,9.6356
2.4902,9.635
2.4912,9.6343
2.4922,9.6337
2.4932,9.633
2.4942,9.6324
2.4952,9.6317
2.4962,9.6311
2.4972,9.6305
2.4982,9.6298
2.4992,9.6292
2.5002,9.6285
2.5012,9.6279
2.5022,9.6272
2.5032,9.6266
2.5042,9.6259
2.5052,9.6253
2.5062,9.6247
2.5072,9.624
2.5082,9.6234
2.5092,9.6227
2.5102,9.6221
2.5112,9.6214
2.5122,9.6208
2.5132,9.6202
2.5142,9.6195
2.5152,9.6189
2.5162,9.6182
2.5172,9.6176
2.5182,9.6169
2.5192,9.6163
2.5202,9.6156
2.5212,9.615
2.5222,9.6144
2.5232,9.6137
2.5242,9.6131
2.5252,9.6124
2.5262,9.6118
2.5272,9.6111
2.5282,9.6105
2.5292,9.6099
2.5302,9.6092
2.5312,9.6086
2.5322,9.6079
2.5332,9.6073
2.5342,9.6066
2.5352,9.606
2.5362,9.6053
2.5372,9.6047
2.5382,9.6041
2.5392,9.6034
2.5402,9.6028
2.5412,9.6021
2.5422,9.6015
2.5432,9.6008
2.5442,9.6002
2.5452,9.5996
2.5462,9.5989
2.5472,9.5983
2.5482,9.5976
2.5492,9.597
2.5502,9.5963
2.5512,9.5957
2.5522,9.595
2.5532,9.5944
2.5542,9.5938
2.5552,9.5931
2.5562,9.5925
2.5572,9.5918
2.5582,9.5912
2.5592,9.5905
2.5602,9.5899
2.5612,9.5893
2.5622,9.5886
2.5632,9.588
2.5642,9.5873
2.5652,9.5867
2.5662,9.586
2.5672,9.5854
2.5682,9.5847
2.5692,9.5841
2.5702,9.5835
2.5712,9.5828
2.5722,9.5822
2.5732,9.5815
2.5742,9.5809
2.5752,9.5802
2.5762,9.5796
2.5772,9.5789
2.5782,9.5783
2.5792,9.5777
2.5802,9.577
2.5812,9.5764
2.5822,9.5757
2.5832,9.5751
2.5842,9.5744
2.5852,9.5738
2.5862,9.5732
2.5872,9.5725
2.5882,9.5719
2.5892,9.5712
2.5902,9.5706
2.5912,9.5699
2.5922,9.5693
2.5932,9.5686
2.5942,9.568
2.5952,9.5674
2.5962,9.5667
2.5972,9.5661
2.5982,9.5654
2.5992,9.5648
2.6002,9.5641
2.6012,9.5635
2.6022,9.5629
2.6032,9.5622
2.6042,9.5616
2.6052,9.5609
2.6062,9.5603
2.6072,9.5596
2.6082,9.559
2.6092,9.5583
2.6102,9.5577
2.6112,9.5571
2.6122,9.5564
2.6132,9.5558
2.6142,9.5551
2.6152,9.5545
2.6162,9.5538
2.6172,9.5532
2.6182,9.5526
2.6192,9.5519
2.6202,9.5513
2.6212,9.5506
2.6222,9.55
2.6232,9.5493
2.6242,9.5487
2.6252,9.548
2.6262,9.5474
2.6272,9.5468
2.6282,9.5461
2.6292,9.5455
2.6302,9.5448
2.6312,9.5442
2.6322,9.5435
2.6332,9.5429
2.6342,9.5423
2.6352,9.5416
2.6362,9.541
2.6372,9.5403
2.6382,9.5397
2.6392,9.539
2.6402,9.5384
2.6412,9.5377
2.6422,9.5371
2.6432,9.5365
2.6442,9.5358
2.6452,9.5352
2.6462,9.5345
2.6472,9.5339
2.6482,9.5332
2.6492,9.5326
2.6502,9.5319
2.6512,9.5313
2.6522,9.5307
2.6532,9.53
2.6542,9.5294
2.6552,9.5287
2.6562,9.5281
2.6572,9.5274
2.6582,9.5268
2.6592,9.5262
2.6602,9.5255
2.6612,9.5249
2.6622,9.5242
2.6632,9.5236
2.6642,9.5229
2.6652,9.5223
2.6662,9.5216
2.6672,9.521
2.6682,9.5204
2.6692,9.5197
2.6702,9.5191
2.6712,9.5184
2.6722,9.5178
2.6732,9.5171
2.6742,9.5165
2.6752,9.5159
2.6762,9.5152
2.6772,9.5147
2.6782,9.5141
2.6792,9.5136
2.6802,9.5131
2.6812,9.5126
2.6822,9.5121
2.6832,9.5115
2.6842,9.511
2.6852,9.5105
2.6862,9.51
2.6872,9.5095
2.6882,9.509
2.6892,9.5084
2.6902,9.5079
2.6912,9.5074
2.6922,9.5069
2.6932,9.5064
2.6942,9.5059
2.6952,9.5053
2.6962,9.5048
2.6972,9.5043
2.6982,9.5038
2.6992,9.5033
2.7002,9.5028
2.7012,9.5022
2.7022,9.5017
2.7032,9.5012
2.7042,9.5007
2.7052,9.5002
2.7062,9.4996
2.7072,9.4991
2.7082,9.4986
2.7092,9.4981
2.7102,9.4976
2.7112,9.4971
2.7122,9.4965
2.7132,9.496
2.7142,9.4955
2.7152,9.495
2.7162,9.4945
2.7172,9.494
2.7182,9.4934
2.7192,9.4929
2.7202,9.4924
2.7212,9.4919
2.7222,9.4914
2.7232,9.4909
2.7242,9.4903
2.7252,9.4898
2.7262,9.4893
2.7272,9.4888
2.7282,9.4883
2.7292,9.4877
2.7302,9.4872
2.7312,9.4867
2.7322,9.4862
2.7332,9.4857
2.7342,9.4852
2.7352,9.4846
2.7362,9.4841
2.7372,9.4836
2.7382,9.4831
2.7392,9.4826
2.7402,9.4821
2.7412,9.4815
2.7422,9.481
2.7432,9.4805
2.7442,9.48
2.7452,9.4795
2.7462,9.479
2.7472,9.4784
2.7482,9.4779
2.7492,9.4774
2.7502,9.4769
2.7512,9.4764
2.7522,9.4758
2.7532,9.4753
2.7542,9.4748
2.7552,9.4743
2.7562,9.4738
2.7572,9.4733
2.7582,9.4727
2.7592,9.4722
2.7602,9.4717
2.7612,9.4712
2.7622,9.4707
2.7632,9.4702
2.7642,9.4696
2.7652,9.4691
2.7662,9.4686
2.7672,9.4681
2.7682,9.4676
2.7692,9.4671
2.7702,9.4665
2.7712,9.466
2.7722,9.4655
2.7732,9.465
2.7742,9.4645
2.7752,9.464
2.7762,9.4634
2.7772,9.4629
2.7782,9.4624
2.7792,9.4619
2.7802,9.4614
2.7812,9.4608
2.7822,9.4603
2.7832,9.4598
2.7842,9.4593
2.7852,9.4588
2.7862,9.4583
2.7872,9.4577
2.7882,9.4572
2.7892,9.4567
2.7902,9.4562
2.7912,9.4557
2.7922,9.4552
2.7932,9.4546
2.7942,9.4541
2.7952,9.4536
2.7962,9.4531
2.7972,9.4526
2.7982,9.4521
2.7992,9.4515
2.8002,9.451
2.8012,9.4505
2.8022,9.45
2.8032,9.4495
2.8042,9.4489
2.8052,9.4484
2.8062,9.4479
2.8072,9.4474
2.8082,9.4469
2.8092,9.4464
2.8102,9.4458
2.8112,9.4453
2.8122,9.4448
2.8132,9.4443
2.8142,9.4438
2.8152,9.4433
2.8162,9.4427
2.8172,9.4422
2.8182,9.4417
2.8192,9.4412
2.8202,9.4407
2.8212,9.4402
2.8222,9.4396
2.8232,9.4391
2.8242,9.4386
2.8252,9.4381
2.8262,9.4376
2.8272,9.437
2.8282,9.4365
2.8292,9.436
2.8302,9.4355
2.8312,9.435
2.8322,9.4345
2.8332,9.4339
2.8342,9.4334
2.8352,9.4329
2.8362,9.4324
2.8372,9.4319
2.8382,9.4314
2.8392,9.4308
2.8402,9.4303
2.8412,9.4298
2.8422,9.4293
2.8432,9.4288
2.8442,9.4283
2.8452,9.4277
2.8462,9.4272
2.8472,9.4267
2.8482,9.4262
2.8492,9.4257
2.8502,9.4251
2.8512,9.4246
2.8522,9.4241
2.8532,9.4236
2.8542,9.4231
2.8552,9.4226
2.8562,9.422
2.8572,9.4215
2.8582,9.421
2.8592,9.4205
2.8602,9.42
2.8612,9.4195
2.8622,9.4189
2.8632,9.4184
2.8642,9.4179
2.8652,9.4174
2.8662,9.4169
2.8672,9.4164
2.8682,9.4158
2.8692,9.4153
2.8702,9.4148
2.8712,9.4143
2.8722,9.4138
2.8732,9.4133
2.8742,9.4127
2.8752,9.4122
2.8762,9.4117
2.8772,9.4112
2.8782,9.4107
2.8792,9.4101
2.8802,9.4096
2.8812,9.4091
2.8822,9.4086
2.8832,9.4081
2.8842,9.4076
2.8852,9.407
2.8862,9.4065
2.8872,9.406
2.8882,9.4055
2.8892,9.405
2.8902,9.4045
2.8912,9.4039
2.8922,9.4034
2.8932,9.4029
2.8942,9.4024
2.8952,9.4019
2.8962,9.4014
2.8972,9.4008
2.8982,9.4003
2.8992,9.3998
2.9002,9.3993
2.9012,9.3988
2.9022,9.3982
2.9032,9.3977
2.9042,9.3972
2.9052,9.3967
2.9062,9.3962
2.9072,9.3957
2.9082,9.3951
2.9092,9.3946
2.9102,9.3941
2.9112,9.3936
2.9122,9.3931
2.9132,9.3926
2.9142,9.392
2.9152,9.3915
2.9162,9.391
2.9172,9.3905
2.9182,9.39
2.9192,9.3895
2.9202,9.3889
2.9212,9.3884
2.9222,9.3879
2.9232,9.3874
2.9242,9.3869
2.9252,9.3863
2.9262,9.3858
2.9272,9.3853
2.9282,9.3848
2.9292,9.3843
2.9302,9.3838
2.9312,9.3832
2.9322,9.3827
2.9332,9.3822
2.9342,9.3817
2.9352,9.3812
2.9362,9.3807
2.9372,9.3801
2.9382,9.3796
2.9392,9.3791
2.9402,9.3786
2.9412,9.3781
2.9422,9.3776
2.9432,9.377
2.9442,9.3765
2.9452,9.376
2.9462,9.3755
2.9472,9.375
2.9482,9.3744
2.9492,9.3739
2.9502,9.3734
2.9512,9.3729
2.9522,9.3724
2.9532,9.3719
2.9542,9.3713
2.9552,9.3708
2.9562,9.3703
2.9572,9.3698
2.9582,9.3693
2.9592,9.3688
2.9602,9.3682
2.9612,9.3677
2.9622,9.3672
2.9632,9.3667
2.9642,9.3662
2.9652,9.3657
2.9662,9.3651
2.9672,9.3646
2.9682,9.3641
2.9692,9.3636
2.9702,9.3631
2.9712,9.3625
2.9722,9.362
2.9732,9.3615
2.9742,9.361
2.9752,9.3605
2.9762,9.36
2.9772,9.3594
2.9782,9.3589
2.9792,9.3584
2.9802,9.3579
2.9812,9.3574
2.9822,9.3569
2.9832,9.3563
2.9842,9.3558
2.9852,9.3553
2.9862,9.3548
2.9872,9.3543
2.9882,9.3538
2.9892,9.3532
2.9902,9.3527
2.9912,9.3522
2.9922,9.3517
2.9932,9.3512
2.9942,9.3507
2.9952,9.3501
2.9962,9.3496
2.9972,9.3491
2.9982,9.3486
2.9992,9.3481
3.0002,9.3475
3.0012,9.347
3.0022,9.3465
3.0032,9.346
3.0042,9.3455
3.0052,9.345
3.0062,9.3444
3.0072,9.3439
3.0082,9.3434
3.0092,9.3429
3.0102,9.3424
3.0112,9.3419
3.0122,9.3413
3.0132,9.3408
3.0142,9.3403
3.0152,9.3398
3.0162,9.3393
3.0172,9.3388
3.0182,9.3382
3.0192,9.3377
3.0202,9.3372
3.0212,9.3367
3.0222,9.3362
3.0232,9.3356
3.0242,9.3351
3.0252,9.3346
3.0262,9.3341
3.0272,9.3336
3.0282,9.3331
3.0292,9.3325
3.0302,9.332
3.0312,9.3315
3.0322,9.331
3.0332,9.3305
3.0342,9.33
3.0352,9.3294
3.0362,9.3289
3.0372,9.3284
3.0382,9.3279
3.0392,9.3274
3.0402,9.3269
3.0412,9.3263
3.0422,9.3258
3.0432,9.3253
3.0442,9.3248
3.0452,9.3243
3.0462,9.3237
3.0472,9.3232
3.0482,9.3227
3.0492,9.3222
3.0502,9.3217
3.0512,9.3212
3.0522,9.3206
3.0532,9.3201
3.0542,9.3196
3.0552,9.3191
3.0562,9.3186
3.0572,9.3181
3.0582,9.3175
3.0592,9.317
3.0602,9.3165
3.0612,9.316
3.0622,9.3155
3.0632,9.315
3.0642,9.3144
3.0652,9.3139
3.0662,9.3134
3.0672,9.3129
3.0682,9.3124
3.0692,9.3118
3.0702,9.3113
3.0712,9.3108
3.0722,9.3103
3.0732,9.3098
3.0742,9.3093
3.0752,9.3087
3.0762,9.3082
3.0772,9.3077
3.0782,9.3072
3.0792,9.3067
3.0802,9.3062
3.0812,9.3056
3.0822,9.3051
3.0832,9.3046
3.0842,9.3041
3.0852,9.3036
3.0862,9.3031
3.0872,9.3025
3.0882,9.302
3.0892,9.3015
3.0902,9.301
3.0912,9.3005
3.0922,9.3
3.0932,9.2994
3.0942,9.2989
3.0952,9.2984
3.0962,9.2979
3.0972,9.2974
3.0982,9.2968
3.0992,9.2963
3.1002,9.2958
3.1012,9.2953
3.1022,9.2948
3.1032,9.2943
3.1042,9.2937
3.1052,9.2932
3.1062,9.2927
3.1072,9.2922
3.1082,9.2917
3.1092,9.2912
3.1102,9.2906
3.1112,9.2901
3.1122,9.2896
3.1132,9.2891
3.1142,9.2886
3.1152,9.2881
3.1162,9.2875
3.1172,9.287
3.1182,9.2865
3.1192,9.286
3.1202,9.2855
3.1212,9.2849
3.1222,9.2844
3.1232,9.2839
3.1242,9.2834
3.1252,9.2829
3.1262,9.2824
3.1272,9.2818
3.1282,9.2813
3.1292,9.2808
3.1302,9.2803
3.1312,9.2798
3.1322,9.2793
3.1332,9.2787
3.1342,9.2782
3.1352,9.2777
3.1362,9.2772
3.1372,9.2767
3.1382,9.2762
3.1392,9.2756
3.1402,9.2751
3.1412,9.2746
3.1422,9.2741
3.1432,9.2736
3.1442,9.273
3.1452,9.2725
3.1462,9.272
3.1472,9.2715
3.1482,9.271
3.1492,9.2705
3.1502,9.2699
3.1512,9.2694
3.1522,9.2689
3.1532,9.2684
3.1542,9.2679
3.1552,9.2674
3.1562,9.2668
3.1572,9.2663
3.1582,9.2658
3.1592,9.2653
3.1602,9.2648
3.1612,9.2643
3.1622,9.2637
3.1632,9.2632
3.1642,9.2627
3.1652,9.2622
3.1662,9.2617
3.1672,9.2611
3.1682,9.2606
3.1692,9.2601
3.1702,9.2596
3.1712,9.2591
3.1722,9.2586
3.1732,9.258
3.1742,9.2575
3.1752,9.257
3.1762,9.2565
3.1772,9.256
3.1782,9.2555
3.1792,9.2549
3.1802,9.2544
3.1812,9.2539
3.1822,9.2534
3.1832,9.2529
3.1842,9.2524
3.1852,9.2518
3.1862,9.2513
3.1872,9.2508
3.1882,9.2503
3.1892,9.2498
3.1902,9.2493
3.1912,9.2487
3.1922,9.2482
3.1932,9.2477
3.1942,9.2472
3.1952,9.2467
3.1962,9.2461
3.1972,9.2456
3.1982,9.2451
3.1992,9.2446
3.2002,9.2441
3.2012,9.2436
3.2022,9.243
3.2032,9.2425
3.2042,9.242
3.2052,9.2415
3.2062,9.241
3.2072,9.2405
3.2082,9.2399
3.2092,9.2394
3.2102,9.2389
3.2112,9.2384
3.2122,9.2379
3.2132,9.2374
3.2142,9.2368
3.2152,9.2363
3.2162,9.2358
3.2172,9.2353
3.2182,9.2348
3.2192,9.2342
3.2202,9.2337
3.2212,9.2332
3.2222,9.2327
3.2232,9.2322
3.2242,9.2317
3.2252,9.2311
3.2262,9.2306
3.2272,9.2301
3.2282,9.2296
3.2292,9.2291
3.2302,9.2286
3.2312,9.228
3.2322,9.2275
3.2332,9.227
3.2342,9.2265
3.2352,9.226
3.2362,9.2255
3.2372,9.2249
3.2382,9.2244
3.2392,9.2239
3.2402,9.2234
3.2412,9.2229
3.2422,9.2223
3.2432,9.2218
3.2442,9.2213
3.2452,9.2208
3.2462,9.2203
3.2472,9.2198
3.2482,9.2192
3.2492,9.2187
3.2502,9.2182
3.2512,9.2177
3.2522,9.2172
3.2532,9.2167
3.2542,9.2161
3.2552,9.2156
3.2562,9.2151
3.2572,9.2146
3.2582,9.2141
3.2592,9.2136
3.2602,9.213
3.2612,9.2125
3.2622,9.212
3.2632,9.2115
3.2642,9.211
3.2652,9.2104
3.2662,9.2099
3.2672,9.2094
3.2682,9.2089
3.2692,9.2084
3.2702,9.2079
3.2712,9.2073
3.2722,9.2068
3.2732,9.2063
3.2742,9.2058
3.2752,9.2053
3.2762,9.2048
3.2772,9.2042
3.2782,9.2037
3.2792,9.2032
3.2802,9.2027
3.2812,9.2022
3.2822,9.2017
3.2832,9.2011
3.2842,9.2006
3.2852,9.2001
3.2862,9.1996
3.2872,9.1991
3.2882,9.1985
3.2892,9.198
3.2902,9.1975
3.2912,9.197
3.2922,9.1965
3.2932,9.196
3.2942,9.1954
3.2952,9.1949
3.2962,9.1944
3.2972,9.1939
3.2982,9.1934
3.2992,9.1929
3.3002,9.1923
3.3012,9.1918
3.3022,9.1913
3.3032,9.1908
3.3042,9.1903
3.3052,9.1898
3.3062,9.1892
3.3072,9.1887
3.3082,9.1882
3.3092,9.1877
3.3102,9.1872
3.3112,9.1864
3.3122,9.1855
3.3132,9.1846
3.3142,9.1838
3.3152,9.1829
3.3162,9.182
3.3172,9.1811
3.3182,9.1802
3.3192,9.1794
3.3202,9.1785
3.3212,9.1776
3.3222,9.1767
3.3232,9.1758
3.3242,9.1749
3.3252,9.1741
3.3262,9.1732
3.3272,9.1723
3.3282,9.1714
3.3292,9.1705
3.3302,9.1697
3.3312,9.1688
3.3322,9.1679
3.3332,9.167
3.3342,9.1661
3.3352,9.1652
3.3362,9.1644
3.3372,9.1635
3.3382,9.1626
3.3392,9.1617
3.3402,9.1608
3.3412,9.16
3.3422,9.1591
3.3432,9.1582
3.3442,9.1573
3.3452,9.1564
3.3462,9.1555
3.3472,9.1547
3.3482,9.1538
3.3492,9.1529
3.3502,9.152
3.3512,9.1511
3.3522,9.1503
3.3532,9.1494
3.3542,9.1485
3.3552,9.1476
3.3562,9.1467
3.3572,9.1458
3.3582,9.145
3.3592,9.1441
3.3602,9.1432
3.3612,9.1423
3.3622,9.1414
3.3632,9.1406
3.3642,9.1397
3.3652,9.1388
3.3662,9.1379
3.3672,9.137
3.3682,9.1361
3.3692,9.1353
3.3702,9.1344
3.3712,9.1335
3.3722,9.1326
3.3732,9.1317
3.3742,9.1309
3.3752,9.13
3.3762,9.1291
3.3772,9.1282
3.3782,9.1273
3.3792,9.1264
3.3802,9.1256
3.3812,9.1247
3.3822,9.1238
3.3832,9.1229
3.3842,9.122
3.3852,9.1212
3.3862,9.1203
3.3872,9.1194
3.3882,9.1185
3.3892,9.1176
3.3902,9.1167
3.3912,9.1159
3.3922,9.115
3.3932,9.1141
3.3942,9.1132
3.3952,9.1123
3.3962,9.1115
3.3972,9.1106
3.3982,9.1097
3.3992,9.1088
3.4002,9.1079
3.4012,9.1071
3.4022,9.1062
3.4032,9.1053
3.4042,9.1044
3.4052,9.1035
3.4062,9.1026
3.4072,9.1018
3.4082,9.1009
3.4092,9.1
3.4102,9.0991
3.4112,9.0982
3.4122,9.0974
3.4132,9.0965
3.4142,9.0956
3.4152,9.0947
3.4162,9.0938
3.4172,9.0929
3.4182,9.0921
3.4192,9.0912
3.4202,9.0903
3.4212,9.0894
3.4222,9.0885
3.4232,9.0877
3.4242,9.0868
3.4252,9.0859
3.4262,9.085
3.4272,9.0841
3.4282,9.0832
3.4292,9.0824
3.4302,9.0815
3.4312,9.0806
3.4322,9.0797
3.4332,9.0788
3.4342,9.078
3.4352,9.0771
3.4362,9.0762
3.4372,9.0753
3.4382,9.0744
3.4392,9.0735
3.4402,9.0727
3.4412,9.0718
3.4422,9.0709
3.4432,9.07
3.4442,9.0691
3.4452,9.0683
3.4462,9.0674
3.4472,9.0665
3.4482,9.0656
3.4492,9.0647
3.4502,9.0638
3.4512,9.063
3.4522,9.0621
3.4532,9.0612
3.4542,9.0603
3.4552,9.0594
3.4562,9.0586
3.4572,9.0577
3.4582,9.0568
3.4592,9.0559
3.4602,9.055
3.4612,9.0541
3.4622,9.0533
3.4632,9.0524
3.4642,9.0515
3.4652,9.0506
3.4662,9.0497
3.4672,9.0489
3.4682,9.048
3.4692,9.0471
3.4702,9.0462
3.4712,9.0453
3.4722,9.0444
3.4732,9.0436
3.4742,9.0427
3.4752,9.0418
3.4762,9.0409
3.4772,9.04
3.4782,9.0392
3.4792,9.0383
3.4802,9.0374
3.4812,9.0365
3.4822,9.0356
3.4832,9.0347
3.4842,9.0339
3.4852,9.033
3.4862,9.0321
3.4872,9.0312
3.4882,9.0303
3.4892,9.0295
3.4902,9.0286
3.4912,9.0277
3.4922,9.0268
3.4932,9.0259
3.4942,9.0251
3.4952,9.0242
3.4962,9.0233
3.4972,9.0224
3.4982,9.0215
3.4992,9.0206
3.5002,9.0198
3.5012,9.0189
3.5022,9.018
3.5032,9.0171
3.5042,9.0162
3.5052,9.0154
3.5062,9.0145
3.5072,9.0136
3.5082,9.0127
3.5092,9.0118
3.5102,9.0109
3.5112,9.0101
3.5122,9.0092
3.5132,9.0083
3.5142,9.0074
3.5152,9.0065
3.5162,9.0057
3.5172,9.0048
3.5182,9.0039
3.5192,9.003
3.5202,9.0021
3.5212,9.0012
3.5222,9.0004
3.5232,8.9995
3.5242,8.9986
3.5252,8.9977
3.5262,8.9968
3.5272,8.996
3.5282,8.9951
3.5292,8.9942
3.5302,8.9933
3.5312,8.9924
3.5322,8.9915
3.5332,8.9907
3.5342,8.9898
3.5352,8.9889
3.5362,8.988
3.5372,8.9871
3.5382,8.9863
3.5392,8.9854
3.5402,8.9845
3.5412,8.9836
3.5422,8.9827
3.5432,8.9818
3.5442,8.981
3.5452,8.9801
3.5462,8.9792
3.5472,8.9783
3.5482,8.9774
3.5492,8.9766
3.5502,8.9757
3.5512,8.9748
3.5522,8.9739
3.5532,8.973
3.5542,8.9721
3.5552,8.9713
3.5562,8.9704
3.5572,8.9695
3.5582,8.9686
3.5592,8.9677
3.5602,8.9669
3.5612,8.966
3.5622,8.9651
3.5632,8.9642
3.5642,8.9633
3.5652,8.9624
3.5662,8.9616
3.5672,8.9607
3.5682,8.9598
3.5692,8.9589
3.5702,8.958
3.5712,8.9572
3.5722,8.9563
3.5732,8.9554
3.5742,8.9545
3.5752,8.9536
3.5762,8.9527
3.5772,8.9519
3.5782,8.951
3.5792,8.9501
3.5802,8.9492
3.5812,8.9483
3.5822,8.9475
3.5832,8.9466
3.5842,8.9457
3.5852,8.9448
3.5862,8.9439
3.5872,8.9431
3.5882,8.9422
3.5892,8.9413
3.5902,8.9404
3.5912,8.9395
3.5922,8.9386
3.5932,8.9378
3.5942,8.9369
3.5952,8.936
3.5962,8.9351
3.5972,8.9342
3.5982,8.9334
3.5992,8.9325
3.6002,8.9316
3.6012,8.9307
3.6022,8.9298
3.6032,8.9289
3.6042,8.9281
3.6052,8.9272
3.6062,8.9263
3.6072,8.9254
3.6082,8.9245
3.6092,8.9237
3.6102,8.9228
3.6112,8.9219
3.6122,8.921
3.6132,8.9201
3.6142,8.9192
3.6152,8.9184
3.6162,8.9175
3.6172,8.9166
3.6182,8.9157
3.6192,8.9148
3.6202,8.914
3.6212,8.9131
3.6222,8.9122
3.6232,8.9113
3.6242,8.9104
3.6252,8.9095
3.6262,8.9087
3.6272,8.9078
3.6282,8.9069
3.6292,8.906
3.6302,8.9051
3.6312,8.9043
3.6322,8.9034
3.6332,8.9025
3.6342,8.9016
3.6352,8.9007
3.6362,8.8998
3.6372,8.899
3.6382,8.8981
3.6392,8.8972
3.6402,8.8963
3.6412,8.8954
3.6422,8.8946
3.6432,8.8937
3.6442,8.8928
3.6452,8.8919
3.6462,8.891
3.6472,8.8901
3.6482,8.8893
3.6492,8.8884
3.6502,8.8875
3.6512,8.8866
3.6522,8.8857
3.6532,8.8849
3.6542,8.884
3.6552,8.8831
3.6562,8.8822
3.6572,8.8813
3.6582,8.8804
3.6592,8.8796
3.6602,8.8787
3.6612,8.8778
3.6622,8.8769
3.6632,8.876
3.6642,8.8752
3.6652,8.8743
3.6662,8.8734
3.6672,8.8725
3.6682,8.8716
3.6692,8.8707
3.6702,8.8699
3.6712,8.869
3.6722,8.8681
3.6732,8.8672
3.6742,8.8663
3.6752,8.8655
3.6762,8.8646
3.6772,8.8637
3.6782,8.8628
3.6792,8.8619
3.6802,8.8611
3.6812,8.8602
3.6822,8.8594
3.6832,8.8641
3.6842,8.8717
3.6852,8.8793
3.6862,8.8869
3.6872,8.8945
3.6882,8.9021
3.6892,8.9097
3.6902,8.9173
3.6912,8.9249
3.6922,8.9325
3.6932,8.9401
3.6942,8.9476
3.6952,8.9552
3.6962,8.9628
3.6972,8.9704
3.6982,8.978
3.6992,8.9856
3.7002,8.9932
3.7012,9.0008
3.7022,9.0084
3.7032,9.016
3.7042,9.0236
3.7052,9.0312
3.7062,9.0388
3.7072,9.0463
3.7082,9.0539
3.7092,9.0615
3.7102,9.0691
3.7112,9.0767
3.7122,9.0843
3.7132,9.0919
3.7142,9.0995
3.7152,9.1071
3.7162,9.1147
3.7172,9.1223
3.7182,9.1299
3.7192,9.1375
3.7202,9.1451
3.7212,9.1526
3.7222,9.1602
3.7232,9.1678
3.7242,9.1754
3.7252,9.183
3.7262,9.1906
3.7272,9.1982
3.7282,9.2058
3.7292,9.2134
3.7302,9.221
3.7312,9.2286
3.7322,9.2362
3.7332,9.2438
3.7342,9.2513
3.7352,9.2589
3.7362,9.2665
3.7372,9.2741
3.7382,9.2817
3.7392,9.2893
3.7402,9.2969
3.7412,9.3045
3.7422,9.3121
3.7432,9.3197
3.7442,9.3273
3.7452,9.3349
3.7462,9.3425
3.7472,9.3501
3.7482,9.3576
3.7492,9.3652
3.7502,9.3728
3.7512,9.3804
3.7522,9.388
3.7532,9.3956
3.7542,9.4032
3.7552,9.4108
3.7562,9.4184
3.7572,9.426
3.7582,9.4336
3.7592,9.4412
3.7602,9.4488
3.7612,9.4563
3.7622,9.4639
3.7632,9.4715
3.7642,9.4791
3.7652,9.4867
3.7662,9.4943
3.7672,9.5019
3.7682,9.5095
3.7692,9.5171
3.7702,9.5247
3.7712,9.5323
3.7722,9.5399
3.7732,9.5475
3.7742,9.5551
3.7752,9.5626
3.7762,9.5702
3.7772,9.5778
3.7782,9.5854
3.7792,9.593
3.7802,9.6006
3.7812,9.6082
3.7822,9.6158
3.7832,9.6234
3.7842,9.631
3.7852,9.6386
3.7862,9.6462
3.7872,9.6538
3.7882,9.6613
3.7892,9.6689
3.7902,9.6764
3.7912,9.679
3.7922,9.679
3.7932,9.679
3.7942,9.679
3.7952,9.679
3.7962,9.679
3.7972,9.679
3.7982,9.679
3.7992,9.679
3.8002,9.679
3.8012,9.679
3.8022,9.679
3.8032,9.679
3.8042,9.679
3.8052,9.679
3.8062,9.679
3.8072,9.679
3.8082,9.679
3.8092,9.679
3.8102,9.679
3.8112,9.679
3.8122,9.679
3.8132,9.679
3.8142,9.679
3.8152,9.679
3.8162,9.679
3.8172,9.679
3.8182,9.679
3.8192,9.679
3.8202,9.679
3.8212,9.679
3.8222,9.679
3.8232,9.679
3.8242,9.679
3.8252,9.679
3.8262,9.679
3.8272,9.679
3.8282,9.679
3.8292,9.679
3.8302,9.679
3.8312,9.679
3.8322,9.679
3.8332,9.679
3.8342,9.679
3.8352,9.679
3.8362,9.679
3.8372,9.679
3.8382,9.679
3.8392,9.679
3.8402,9.679
3.8412,9.679
3.8422,9.679
3.8432,9.679
3.8442,9.679
3.8452,9.679
3.8462,9.679
3.8472,9.679
3.8482,9.679
3.8492,9.679
3.8502,9.679
3.8512,9.679
3.8522,9.679
3.8532,9.679
3.8542,9.679
3.8552,9.679
3.8562,9.679
3.8572,9.679
3.8582,9.679
3.8592,9.679
3.8602,9.679
3.8612,9.679
3.8622,9.679
3.8632,9.679
3.8642,9.679
3.8652,9.679
3.8662,9.679
3.8672,9.679
3.8682,9.679
3.8692,9.679
3.8702,9.679
3.8712,9.679
3.8722,9.679
3.8732,9.679
3.8742,9.679
3.8752,9.679
3.8762,9.679
3.8772,9.679
3.8782,9.679
3.8792,9.679
3.8802,9.679
3.8812,9.679
3.8822,9.679
3.8832,9.679
3.8842,9.679
3.8852,9.679
3.8862,9.679
3.8872,9.679
3.8882,9.679
3.8892,9.679
3.8902,9.679
3.8912,9.679
3.8922,9.679
3.8932,9.679
3.8942,9.679
3.8952,9.679
3.8962,9.679
3.8972,9.679
3.8982,9.679
3.8992,9.679
3.9002,9.679
3.9012,9.679
3.9022,9.679
3.9032,9.679
3.9042,9.679
3.9052,9.679
3.9062,9.679
3.9072,9.679
3.9082,9.679
3.9092,9.679
3.9102,9.679
3.9112,9.679
3.9122,9.679
3.9132,9.679
3.9142,9.679
3.9152,9.679
3.9162,9.679
3.9172,9.679
3.9182,9.679
3.9192,9.679
3.9202,9.679
3.9212,9.679
3.9222,9.679
3.9232,9.679
3.9242,9.679
3.9252,9.679
3.9262,9.679
3.9272,9.679
3.9282,9.679
3.9292,9.679
3.9302,9.679
3.9312,9.679
3.9322,9.679
3.9332,9.679
3.9342,9.679
3.9352,9.679
3.9362,9.679
3.9372,9.679
3.9382,9.679
3.9392,9.679
3.9402,9.679
3.9412,9.679
3.9422,9.679
3.9432,9.679
3.9442,9.679
3.9452,9.679
3.9462,9.679
3.9472,9.679
3.9482,9.679
3.9492,9.679
3.9502,9.679
3.9512,9.679
3.9522,9.679
3.9532,9.679
3.9542,9.679
3.9552,9.679
3.9562,9.679
3.9572,9.679
3.9582,9.679
3.9592,9.679
3.9602,9.679
3.9612,9.679
3.9622,9.679
3.9632,9.679
3.9642,9.679
3.9652,9.679
3.9662,9.679
3.9672,9.679
3.9682,9.679
3.9692,9.679
3.9702,9.679
3.9712,9.679
3.9722,9.679
3.9732,9.679
3.9742,9.679
3.9752,9.679
3.9762,9.679
3.9772,9.679
3.9782,9.679
3.9792,9.679
3.9802,9.679
3.9812,9.679
3.9822,9.679
3.9832,9.679
3.9842,9.679
3.9852,9.679
3.9862,9.679
3.9872,9.679
3.9882,9.679
3.9892,9.679
3.9902,9.679
3.9912,9.679
3.9922,9.679
3.9932,9.679
3.9942,9.679
3.9952,9.679
3.9962,9.679
3.9972,9.679
3.9982,9.679
3.9992,9.679
4.0002,9.679
4.0012,9.679
4.0022,9.679
4.0032,9.679
4.0042,9.679
4.0052,9.679
4.0062,9.679
4.0072,9.679
4.0082,9.679
4.0092,9.679
4.0102,9.679
4.0112,9.679
4.0122,9.679
4.0132,9.679
4.0142,9.679
4.0152,9.679
4.0162,9.679
4.0172,9.679
4.0182,9.679
4.0192,9.679
4.0202,9.679
4.0212,9.679
4.0222,9.679
4.0232,9.679
4.0242,9.679
4.0252,9.679
4.0262,9.679
4.0272,9.679
4.0282,9.679
4.0292,9.679
4.0302,9.679
4.0312,9.679
4.0322,9.679
4.0332,9.679
4.0342,9.679
4.0352,9.679
4.0362,9.679
4.0372,9.679
4.0382,9.679
4.0392,9.679
4.0402,9.679
4.0412,9.679
4.0422,9.679
4.0432,9.679
4.0442,9.679
4.0452,9.679
4.0462,9.679
4.0472,9.679
4.0482,9.679
4.0492,9.679
4.0502,9.679
4.0512,9.679
4.0522,9.679
4.0532,9.679
4.0542,9.679
4.0552,9.679
4.0562,9.679
4.0572,9.679
4.0582,9.679
4.0592,9.679
4.0602,9.679
4.0612,9.679
4.0622,9.679
4.0632,9.679
4.0642,9.679
4.0652,9.679
4.0662,9.679
4.0672,9.679
4.0682,9.679
4.0692,9.679
4.0702,9.679
4.0712,9.679
4.0722,9.679
4.0732,9.679
4.0742,9.679
4.0752,9.679
4.0762,9.679
4.0772,9.679
4.0782,9.679
4.0792,9.679
4.0802,9.679
4.0812,9.679
4.0822,9.679
4.0832,9.679
4.0842,9.679
4.0852,9.679
4.0862,9.679
4.0872,9.679
4.0882,9.679
4.0892,9.679
4.0902,9.679
4.0912,9.679
4.0922,9.679
4.0932,9.679
4.0942,9.679
4.0952,9.679
4.0962,9.679
4.0972,9.679
4.0982,9.679
4.0992,9.679
4.1002,9.679
4.1012,9.6788
4.1022,9.6785
4.1032,9.6782
4.1042,9.6779
4.1052,9.6776
4.1062,9.6773
4.1072,9.677
4.1082,9.6767
4.1092,9.6764
4.1102,9.6762
4.1112,9.6759
4.1122,9.6756
4.1132,9.6753
4.1142,9.675
4.1152,9.6747
4.1162,9.6744
4.1172,9.6741
4.1182,9.6738
4.1192,9.6735
4.1202,9.6732
4.1212,9.6729
4.1222,9.6726
4.1232,9.6723
4.1242,9.672
4.1252,9.6717
4.1262,9.6714
4.1272,9.6711
4.1282,9.6709
4.1292,9.6706
4.1302,9.6703
4.1312,9.67
4.1322,9.6697
4.1332,9.6694
4.1342,9.6691
4.1352,9.6688
4.1362,9.6685
4.1372,9.6682
4.1382,9.6679
4.1392,9.6676
4.1402,9.6673
4.1412,9.667
4.1422,9.6667
4.1432,9.6664
4.1442,9.6661
4.1452,9.6658
4.1462,9.6656
4.1472,9.6653
4.1482,9.665
4.1492,9.6647
4.1502,9.6644
4.1512,9.6641
4.1522,9.6638
4.1532,9.6635
4.1542,9.6632
4.1552,9.6629
4.1562,9.6626
4.1572,9.6623
4.1582,9.662
4.1592,9.6617
4.1602,9.6614
4.1612,9.6611
4.1622,9.6608
4.1632,9.6605
4.1642,9.6603
4.1652,9.66
4.1662,9.6597
4.1672,9.6594
4.1682,9.6591
4.1692,9.6588
4.1702,9.6585
4.1712,9.6582
4.1722,9.6579
4.1732,9.6576
4.1742,9.6573
4.1752,9.657
4.1762,9.6567
4.1772,9.6564
4.1782,9.6561
4.1792,9.6558
4.1802,9.6555
4.1812,9.6552
4.1822,9.655
4.1832,9.6547
4.1842,9.6544
4.1852,9.6541
4.1862,9.6538
4.1872,9.6535
4.1882,9.6532
4.1892,9.6529
4.1902,9.6526
4.1912,9.6523
4.1922,9.652
4.1932,9.6517
4.1942,9.6514
4.1952,9.6511
4.1962,9.6508
4.1972,9.6505
4.1982,9.6502
4.1992,9.6499
4.2002,9.6497
4.2012,9.6494
4.2022,9.6491
4.2032,9.6488
4.2042,9.6485
4.2052,9.6482
4.2062,9.6479
4.2072,9.6476
4.2082,9.6473
4.2092,9.647
4.2102,9.6467
4.2112,9.6464
4.2122,9.6461
4.2132,9.6458
4.2142,9.6455
4.2152,9.6452
4.2162,9.6449
4.2172,9.6446
4.2182,9.6444
4.2192,9.6441
4.2202,9.6438
4.2212,9.6435
4.2222,9.6432
4.2232,9.6429
4.2242,9.6426
4.2252,9.6423
4.2262,9.642
4.2272,9.6417
4.2282,9.6414
4.2292,9.6411
4.2302,9.6408
4.2312,9.6405
4.2322,9.6402
4.2332,9.6399
4.2342,9.6396
4.2352,9.6393
4.2362,9.6391
4.2372,9.6388
4.2382,9.6385
4.2392,9.6382
4.2402,9.6379
4.2412,9.6376
4.2422,9.6373
4.2432,9.637
4.2442,9.6367
4.2452,9.6364
4.2462,9.6361
4.2472,9.6358
4.2482,9.6355
4.2492,9.6352
4.2502,9.6349
4.2512,9.6346
4.2522,9.6343
4.2532,9.634
4.2542,9.6338
4.2552,9.6335
4.2562,9.6332
4.2572,9.6329
4.2582,9.6326
4.2592,9.6323
4.2602,9.632
4.2612,9.6317
4.2622,9.6314
4.2632,9.6311
4.2642,9.6308
4.2652,9.6305
4.2662,9.6302
4.2672,9.6299
4.2682,9.6296
4.2692,9.6293
4.2702,9.629
4.2712,9.6287
4.2722,9.6285
4.2732,9.6282
4.2742,9.6279
4.2752,9.6276
4.2762,9.6273
4.2772,9.627
4.2782,9.6267
4.2792,9.6264
4.2802,9.6261
4.2812,9.6258
4.2822,9.6255
4.2832,9.6252
4.2842,9.6249
4.2852,9.6246
4.2862,9.6243
4.2872,9.624
4.2882,9.6237
4.2892,9.6234
4.2902,9.6232
4.2912,9.6229
4.2922,9.6226
4.2932,9.6223
4.2942,9.622
4.2952,9.6217
4.2962,9.6214
4.2972,9.6211
4.2982,9.6208
4.2992,9.6205
4.3002,9.6202
4.3012,9.6199
4.3022,9.6196
4.3032,9.6193
4.3042,9.619
4.3052,9.6187
4.3062,9.6184
4.3072,9.6181
4.3082,9.6179
4.3092,9.6176
4.3102,9.6173
4.3112,9.617
4.3122,9.6167
4.3132,9.6164
4.3142,9.6161
4.3152,9.6158
4.3162,9.6155
4.3172,9.6152
4.3182,9.6149
4.3192,9.6146
4.3202,9.6143
4.3212,9.614
4.3222,9.6137
4.3232,9.6134
4.3242,9.6131
4.3252,9.6128
4.3262,9.6126
4.3272,9.6123
4.3282,9.612
4.3292,9.6117
4.3302,9.6114
4.3312,9.6111
4.3322,9.6108
4.3332,9.6105
4.3342,9.6102
4.3352,9.6099
4.3362,9.6096
4.3372,9.6093
4.3382,9.609
4.3392,9.6087
4.3402,9.6084
4.3412,9.6081
4.3422,9.6078
4.3432,9.6075
4.3442,9.6073
4.3452,9.607
4.3462,9.6067
