# Time (s),Vertical acceleration (m/s²),Pitch rate (rad/s)
0,-9.6608,0
1.5e-4,-9.3323,-0.11927
3.75e-4,-8.8395,-0.11936
7.125e-4,-8.1003,-0.1195
0.0012188,-6.7808,-0.1197
0.0019781,-5.4503,-0.11996
0.0029781,-3.6981,-0.12025
0.0039781,-1.9459,-0.1205
0.0049781,-0.19375,-0.12067
0.0059781,1.5585,-0.12079
0.0069781,3.3107,-0.12084
0.0079781,5.063,-0.12084
0.0089781,6.8153,-0.12078
0.0099781,8.5676,-0.12067
0.010978,10.32,-0.1205
0.011978,12.072,-0.12028
0.012978,13.825,-0.12001
0.013978,15.577,-0.11967
0.014978,16.476,-0.11929
0.015978,16.445,-0.11942
0.016978,16.413,-0.11957
0.017978,16.381,-0.11973
0.018978,16.349,-0.11988
0.019978,16.318,-0.12005
0.020978,16.286,-0.12022
0.021978,16.254,-0.1204
0.022978,16.222,-0.12057
0.023978,16.19,-0.12076
0.024978,16.159,-0.12094
0.025978,16.127,-0.12113
0.026978,16.095,-0.12132
0.027978,16.063,-0.12153
0.028978,16.032,-0.12172
0.029978,16,-0.12193
0.030978,15.968,-0.12214
0.031978,15.936,-0.12236
0.032978,15.904,-0.12257
0.033978,15.873,-0.12279
0.034978,15.841,-0.12302
0.035978,15.809,-0.12325
0.036978,15.777,-0.12348
0.037978,15.745,-0.12371
0.038978,15.714,-0.12395
0.039978,15.682,-0.12419
0.040978,15.65,-0.12444
0.041978,15.618,-0.12468
0.042978,15.586,-0.12493
0.043978,15.555,-0.12519
0.044978,15.523,-0.12544
0.045978,15.491,-0.1257
0.046978,15.459,-0.12596
0.047978,15.427,-0.12622
0.048978,15.396,-0.12649
0.049978,15.364,-0.12676
0.050978,15.332,-0.12703
0.051978,15.3,-0.1273
0.052978,15.268,-0.12757
0.053978,15.236,-0.12785
0.054978,15.205,-0.12812
0.055978,15.173,-0.1284
0.056978,15.141,-0.12869
0.057978,15.109,-0.12896
0.058978,15.077,-0.12925
0.059978,15.046,-0.12954
0.060978,15.014,-0.12982
0.061978,14.982,-0.13011
0.062978,14.95,-0.13039
0.063978,14.918,-0.13067
0.064978,14.886,-0.13096
0.065978,14.854,-0.13125
0.066978,14.823,-0.13154
0.067978,14.791,-0.13183
0.068978,14.759,-0.13211
0.069978,14.727,-0.1324
0.070978,14.695,-0.13269
0.071978,14.663,-0.13298
0.072978,14.632,-0.13326
0.073978,14.6,-0.13354
0.074978,14.568,-0.13383
0.075978,14.536,-0.13412
0.076978,14.515,-0.1344
0.077978,14.507,-0.13486
0.078978,14.499,-0.13532
0.079978,14.49,-0.1358
0.080978,14.482,-0.13626
0.081978,14.473,-0.13674
0.082978,14.465,-0.13722
0.083978,14.457,-0.13771
0.084978,14.448,-0.13819
0.085978,14.44,-0.13869
0.086978,14.432,-0.13917
0.087978,14.423,-0.13967
0.088978,14.415,-0.14017
0.089978,14.406,-0.14068
0.090978,14.398,-0.14118
0.091978,14.39,-0.1417
0.092978,14.381,-0.1422
0.093978,14.373,-0.14272
0.094978,14.365,-0.14324
0.095978,14.356,-0.14376
0.096978,14.348,-0.14428
0.097978,14.339,-0.1448
0.098978,14.331,-0.14533
0.099978,14.323,-0.14586
0.10098,14.314,-0.14639
0.10198,14.306,-0.14693
0.10298,14.297,-0.14746
0.10398,14.289,-0.148
0.10498,14.281,-0.14855
0.10598,14.272,-0.14908
0.10698,14.264,-0.14963
0.10798,14.255,-0.15018
0.10898,14.247,-0.15074
0.10998,14.239,-0.15129
0.11098,14.23,-0.15184
0.11198,14.222,-0.15239
0.11298,14.213,-0.15296
0.11398,14.205,-0.15352
0.11498,14.197,-0.15409
0.11598,14.188,-0.15465
0.11698,14.18,-0.15521
0.11798,14.171,-0.15579
0.11898,14.163,-0.15635
0.11998,14.154,-0.15692
0.12098,14.146,-0.1575
0.12198,14.138,-0.15806
0.12298,14.129,-0.15864
0.12398,14.121,-0.15921
0.12498,14.112,-0.1598
0.12598,14.104,-0.16038
0.12698,14.096,-0.16096
0.12798,14.087,-0.16155
0.12898,14.079,-0.16212
0.12998,14.07,-0.16272
0.13098,14.062,-0.1633
0.13198,14.053,-0.16389
0.13298,14.045,-0.16448
0.13398,14.037,-0.16507
0.13498,14.028,-0.16565
0.13598,14.02,-0.16624
0.13698,14.011,-0.16684
0.13798,14.003,-0.16742
0.13898,13.994,-0.16802
0.13998,13.986,-0.16861
0.14098,13.978,-0.16922
0.14198,13.969,-0.16981
0.14298,13.961,-0.17041
0.14398,13.952,-0.17101
0.14498,13.944,-0.25898
0.14598,13.935,-0.25952
0.14698,13.927,-0.26007
0.14798,13.918,-0.26063
0.14898,13.91,-0.26118
0.14998,13.901,-0.26173
0.15098,13.893,-0.26228
0.15198,13.884,-0.26282
0.15298,13.876,-0.26338
0.15398,13.868,-0.26393
0.15498,13.859,-0.26449
0.15598,13.851,-0.26505
0.15698,13.842,-0.26561
0.15798,13.834,-0.26615
0.15898,13.825,-0.26673
0.15998,13.817,-0.26729
0.16098,13.808,-0.26786
0.16198,13.8,-0.26842
0.16298,13.791,-0.26899
0.16398,13.783,-0.26954
0.16498,13.774,-0.27011
0.16598,13.766,-0.27068
0.16698,13.758,-0.27125
0.16798,13.749,-0.27181
0.16898,13.741,-0.27238
0.16998,13.732,-0.27296
0.17098,13.724,-0.27352
0.17198,13.715,-0.2741
0.17298,13.707,-0.27466
0.17398,13.698,-0.27523
0.17498,13.69,-0.27582
0.17598,13.681,-0.27639
0.17698,13.673,-0.27695
0.17798,13.664,-0.27752
0.17898,13.656,-0.27812
0.17998,13.647,-0.27869
0.18098,13.639,-0.27925
0.18198,13.631,-0.27984
0.18298,13.622,-0.28042
0.18398,13.614,-0.28098
0.18498,13.605,-0.28155
0.18598,13.597,-0.28212
0.18698,13.588,-0.2827
0.18798,13.58,-0.28329
0.18898,13.571,-0.28385
0.18998,13.563,-0.28442
0.19098,13.554,-0.28502
0.19198,13.546,-0.2856
0.19298,13.537,-0.28616
0.19398,13.529,-0.28673
0.19498,13.52,-0.2873
0.19598,13.512,-0.28789
0.19698,13.503,-0.28847
0.19798,13.495,-0.28903
0.19898,13.486,-0.28962
0.19998,13.478,-0.29018
0.20098,13.465,-0.29075
0.20198,13.447,-0.29139
0.20298,13.429,-0.292
0.20398,13.411,-0.29262
0.20498,13.392,-0.29325
0.20598,13.374,-0.29388
0.20698,13.356,-0.29453
0.20798,13.338,-0.29515
0.20898,13.32,-0.29577
0.20998,13.302,-0.29639
0.21098,13.284,-0.29704
0.21198,13.266,-0.29766
0.21298,13.248,-0.29827
0.21398,13.23,-0.2989
0.21498,13.211,-0.29953
0.21598,13.193,-0.30017
0.21698,13.175,-0.30079
0.21798,13.157,-0.30142
0.21898,13.139,-0.30204
0.21998,13.121,-0.30267
0.22098,13.103,-0.3033
0.22198,13.085,-0.30393
0.22298,13.067,-0.30456
0.22398,13.048,-0.30517
0.22498,13.03,-0.3058
0.22598,13.012,-0.30642
0.22698,12.994,-0.30702
0.22798,12.976,-0.30765
0.22898,12.958,-0.30828
0.22998,12.94,-0.30889
0.23098,12.922,-0.30954
0.23198,12.904,-0.31016
0.23298,12.885,-0.31078
0.23398,12.867,-0.31138
0.23498,12.849,-0.312
0.23598,12.831,-0.31261
0.23698,12.813,-0.31323
0.23798,12.795,-0.31386
0.23898,12.777,-0.31448
0.23998,12.759,-0.31511
0.24098,12.74,-0.31573
0.24198,12.722,-0.31633
0.24298,12.704,-0.31696
0.24398,12.686,-0.31755
0.24498,12.668,-0.31818
0.24598,12.65,-0.31879
0.24698,12.632,-0.3194
0.24798,12.614,-0.32
0.24898,12.595,-0.32061
0.24998,12.577,-0.32122
0.25098,12.559,-0.32185
0.25198,12.541,-0.32245
0.25298,12.523,-0.32306
0.25398,12.505,-0.32369
0.25498,12.487,-0.32428
0.25598,12.468,-0.32488
0.25698,12.45,-0.32547
0.25798,12.432,-0.32608
0.25898,12.414,-0.32669
0.25998,12.396,-0.32731
0.26098,12.378,-0.32788
0.26198,12.36,-0.3285
0.26298,12.341,-0.32908
0.26398,12.323,-0.32969
0.26498,12.305,-0.33028
0.26598,12.287,-0.33087
0.26698,12.269,-0.33146
0.26798,12.251,-0.33206
0.26898,12.233,-0.33267
0.26998,12.214,-0.33324
0.27098,12.196,-0.33382
0.27198,12.178,-0.33441
0.27298,12.16,-0.335
0.27398,12.142,-0.33558
0.27498,12.124,-0.33617
0.27598,12.106,-0.33676
0.27698,12.087,-0.33736
0.27798,12.069,-0.3379
0.27898,12.051,-0.33851
0.27998,12.033,-0.33909
0.28098,12.015,-0.33965
0.28198,11.997,-0.3402
0.28298,11.979,-0.34078
0.28398,11.96,-0.34134
0.28498,11.942,-0.34193
0.28598,11.924,-0.34248
0.28698,11.906,-0.34305
0.28798,11.888,-0.34364
0.28898,11.87,-0.3442
0.28998,11.851,-0.34472
0.29098,11.833,-0.34532
0.29198,11.815,-0.34583
0.29298,11.797,-0.34639
0.29398,11.779,-0.34695
0.29498,11.761,-0.34753
0.29598,11.742,-0.34805
0.29698,11.724,-0.34859
0.29798,11.706,-0.34917
0.29898,11.688,-0.3497
0.29998,11.67,-0.35024
0.30098,11.652,-0.35075
0.30198,11.633,-0.3513
0.30298,11.615,-0.35185
0.30398,11.597,-0.35238
0.30498,11.579,-0.35288
0.30598,11.561,-0.35342
0.30698,11.543,-0.35393
0.30798,11.524,-0.35447
0.30898,11.506,-0.35498
0.30998,11.489,-0.35547
0.31098,11.473,-0.35611
0.31198,11.457,-0.35675
0.31298,11.442,-0.35738
0.31398,11.426,-0.35795
0.31498,11.41,-0.35861
0.31598,11.394,-0.35919
0.31698,11.378,-0.35984
0.31798,11.362,-0.36048
0.31898,11.346,-0.36109
0.31998,11.33,-0.3617
0.32098,11.315,-0.36231
0.32198,11.299,-0.36291
0.32298,11.283,-0.36352
0.32398,11.267,-0.36413
0.32498,11.251,-0.36474
0.32598,11.235,-0.36539
0.32698,11.219,-0.366
0.32798,11.203,-0.36657
0.32898,11.188,-0.36721
0.32998,11.172,-0.36782
0.33098,11.156,-0.36841
0.33198,11.14,-0.36904
0.33298,11.124,-0.36965
0.33398,11.108,-0.37026
0.33498,11.092,-0.37085
0.33598,11.076,-0.37145
0.33698,11.06,-0.37208
0.33798,11.045,-0.37268
0.33898,11.029,-0.37324
0.33998,11.013,-0.37386
0.34098,10.997,-0.37447
0.34198,10.981,-0.37508
0.34298,10.965,-0.37567
0.34398,10.949,-0.37627
0.34498,10.933,-0.37685
0.34598,10.917,-0.37747
0.34698,10.902,-0.37806
0.34798,10.886,-0.37868
0.34898,10.87,-0.37926
0.34998,10.854,-0.37982
0.35098,10.838,-0.38045
0.35198,10.822,-0.38102
0.35298,10.806,-0.38161
0.35398,10.79,-0.38218
0.35498,10.774,-0.38281
0.35598,10.758,-0.38338
0.35698,10.743,-0.384
0.35798,10.727,-0.38455
0.35898,10.711,-0.38518
0.35998,10.695,-0.38577
0.36098,10.679,-0.38636
0.36198,10.663,-0.38694
0.36298,10.647,-0.38752
0.36398,10.631,-0.38811
0.36498,10.615,-0.38866
0.36598,10.599,-0.38923
0.36698,10.584,-0.38981
0.36798,10.568,-0.39043
0.36898,10.552,-0.39096
0.36998,10.536,-0.39156
0.37098,10.52,-0.39211
0.37198,10.504,-0.39274
0.37298,10.488,-0.39327
0.37398,10.472,-0.39387
0.37498,10.456,-0.39443
0.37598,10.44,-0.39498
0.37698,10.424,-0.39555
0.37798,10.408,-0.39612
0.37898,10.393,-0.3967
0.37998,10.377,-0.39727
0.38098,10.361,-0.39785
0.38198,10.345,-0.39842
0.38298,10.329,-0.39898
0.38398,10.313,-0.39957
0.38498,10.297,-0.40008
0.38598,10.281,-0.40063
0.38698,10.265,-0.40125
0.38798,10.249,-0.40178
0.38898,10.233,-0.40238
0.38998,10.217,-0.40292
0.39098,10.202,-0.40347
0.39198,10.186,-0.40401
0.39298,10.17,-0.40457
0.39398,10.154,-0.40511
0.39498,10.138,-0.40568
0.39598,10.122,-0.40626
0.39698,10.106,-0.40677
0.39798,10.09,-0.40736
0.39898,10.074,-0.40786
0.39998,10.058,-0.40846
0.40098,10.042,-0.40895
0.40198,10.026,-0.40954
0.40298,10.01,-0.4101
0.40398,9.9945,-0.41065
0.40498,9.9786,-0.41118
0.40598,9.9626,-0.41167
0.40698,9.9467,-0.41224
0.40798,9.9308,-0.41275
0.40898,9.9148,-0.41331
0.40998,9.8989,-0.41383
0.41098,9.883,-0.4144
0.41198,9.867,-0.41492
0.41298,9.8511,-0.41541
0.41398,9.8351,-0.41597
0.41498,9.8192,-0.41654
0.41598,9.8033,-0.41703
0.41698,9.7873,-0.4176
0.41798,9.7714,-0.41807
0.41898,9.7554,-0.41863
0.41998,9.7395,-0.41911
0.42098,9.7235,-0.41971
0.42198,9.7076,-0.42021
0.42298,9.6917,-0.42068
0.42398,9.6757,-0.42127
0.42498,9.6598,-0.42173
0.42598,9.6438,-0.42229
0.42698,9.6279,-0.42278
0.42798,9.6119,-0.42332
0.42898,9.596,-0.42379
0.42998,9.58,-0.42429
0.43098,9.5641,-0.42479
0.43198,9.5481,-0.4253
0.43298,9.5322,-0.42587
0.43398,9.5162,-0.42634
0.43498,9.5003,-0.42685
0.43598,9.4843,-0.42738
0.43698,9.4683,-0.42784
0.43798,9.4524,-0.42836
0.43898,9.4364,-0.4289
0.43998,9.4205,-0.42934
0.44098,9.4045,-0.42988
0.44198,9.3886,-0.43039
0.44298,9.3726,-0.43083
0.44398,9.3566,-0.43129
0.44498,9.3407,-0.43187
0.44598,9.3247,-0.43227
0.44698,9.3088,-0.43284
0.44798,9.2928,-0.43327
0.44898,9.2768,-0.4338
0.44998,9.2609,-0.43424
0.45098,9.2449,-0.43476
0.45198,9.2289,-0.43523
0.45298,9.213,-0.43569
0.45398,9.197,-0.43616
0.45498,9.181,-0.43665
0.45598,9.1651,-0.43711
0.45698,9.1491,-0.43759
0.45798,9.1331,-0.4381
0.45898,9.1171,-0.43855
0.45998,9.1012,-0.43895
0.46098,9.0852,-0.43946
0.46198,9.0692,-0.43988
0.46298,9.0532,-0.4404
0.46398,9.0355,-0.44087
0.46498,9.0157,-0.44149
0.46598,8.9959,-0.44214
0.46698,8.9761,-0.4427
0.46798,8.9563,-0.44335
0.46898,8.9365,-0.44396
0.46998,8.9167,-0.44463
0.47098,8.897,-0.44522
0.47198,8.8772,-0.44587
0.47298,8.8574,-0.44647
0.47398,8.8376,-0.44706
0.47498,8.8178,-0.44766
0.47598,8.798,-0.44831
0.47698,8.7782,-0.44883
0.47798,8.7584,-0.44947
0.47898,8.7386,-0.45004
0.47998,8.7188,-0.45065
0.48098,8.699,-0.45124
0.48198,8.6793,-0.45183
0.48298,8.6595,-0.45241
0.48398,8.6397,-0.45304
0.48498,8.6199,-0.45366
0.48598,8.6001,-0.45418
0.48698,8.5803,-0.45484
0.48798,8.5605,-0.45535
0.48898,8.5407,-0.45595
0.48998,8.5209,-0.45657
0.49098,8.5011,-0.45708
0.49198,8.4813,-0.45772
0.49298,8.4614,-0.45826
0.49398,8.4416,-0.45881
0.49498,8.4218,-0.45934
0.49598,8.402,-0.45999
0.49698,8.3822,-0.46047
0.49798,8.3624,-0.46105
0.49898,8.3426,-0.4616
0.49998,8.3228,-0.46219
0.50098,8.303,-0.46271
0.50198,8.2832,-0.46329
0.50298,8.2634,-0.46385
0.50398,8.2435,-0.4644
0.50498,8.2237,-0.46496
0.50598,8.2039,-0.46544
0.50698,8.1841,-0.46601
0.50798,8.1643,-0.46654
0.50898,8.1445,-0.46711
0.50998,8.1247,-0.46757
0.51098,8.1048,-0.46816
0.51198,8.085,-0.46866
0.51298,8.0652,-0.46917
0.51398,8.0454,-0.46968
0.51498,8.0256,-0.47019
0.51598,8.0057,-0.47076
0.51698,7.9859,-0.47126
0.51798,7.9661,-0.47182
0.51898,7.9463,-0.47229
0.51998,7.9264,-0.47283
0.52098,7.9066,-0.47333
0.52198,7.8868,-0.47383
0.52298,7.8669,-0.47433
0.52398,7.8471,-0.47483
0.52498,7.8273,-0.47528
0.52598,7.8075,-0.47582
0.52698,7.7876,-0.47632
0.52798,7.7678,-0.47681
0.52898,7.748,-0.47726
0.52998,7.7281,-0.47782
0.53098,7.7083,-0.47827
0.53198,7.6885,-0.47869
0.53298,7.6686,-0.47924
0.53398,7.6488,-0.4797
0.53498,7.6289,-0.48022
0.53598,7.6091,-0.48068
0.53698,7.5893,-0.48112
0.53798,7.5694,-0.48154
0.53898,7.5496,-0.48209
0.53998,7.5297,-0.48255
0.54098,7.5099,-0.48301
0.54198,7.49,-0.48345
0.54298,7.4702,-0.4839
0.54398,7.4504,-0.48433
0.54498,7.4305,-0.48474
0.54598,7.4107,-0.48527
0.54698,7.3908,-0.48563
0.54798,7.371,-0.48606
0.54898,7.3511,-0.48653
0.54998,7.3313,-0.48697
0.55098,7.3114,-0.48739
0.55198,7.2915,-0.4878
0.55298,7.2717,-0.48823
0.55398,7.2518,-0.48864
0.55498,7.232,-0.48912
0.55598,7.2121,-0.48957
0.55698,7.1923,-0.4899
0.55798,7.1724,-0.49039
0.55898,7.1525,-0.49071
0.55998,7.1327,-0.49121
0.56098,7.1128,-0.4916
0.56198,7.093,-0.49193
0.56298,7.0731,-0.49232
0.56398,7.0532,-0.49279
0.56498,7.0334,-0.4931
0.56598,7.0135,-0.49355
0.56698,6.9936,-0.49387
0.56798,6.9738,-0.4943
0.56898,6.9539,-0.49461
0.56998,6.934,-0.49509
0.57098,6.9142,-0.49543
0.57198,6.8943,-0.49573
0.57298,6.8801,-0.49615
0.57398,6.8721,-0.49669
0.57498,6.8641,-0.4972
0.57598,6.8561,-0.49776
0.57698,6.8481,-0.49825
0.57798,6.8401,-0.49891
0.57898,6.832,-0.49934
0.57998,6.824,-0.49989
0.58098,6.816,-0.50044
0.58198,6.808,-0.50099
0.58298,6.8,-0.50153
0.58398,6.792,-0.50206
0.58498,6.7839,-0.50271
0.58598,6.7759,-0.5032
0.58698,6.7679,-0.50369
0.58798,6.7599,-0.50424
0.58898,6.7519,-0.50487
0.58998,6.7438,-0.50532
0.59098,6.7358,-0.50585
0.59198,6.7278,-0.50645
0.59298,6.7198,-0.507
0.59398,6.7117,-0.50756
0.59498,6.7037,-0.50801
0.59598,6.6957,-0.50857
0.59698,6.6876,-0.50915
0.59798,6.6796,-0.50964
0.59898,6.6716,-0.51021
0.59998,6.6635,-0.51074
0.60098,6.6555,-0.51132
0.60198,6.6475,-0.51187
0.60298,6.6394,-0.51232
0.60398,6.6314,-0.51286
0.60498,6.6233,-0.51344
0.60598,6.6153,-0.51396
0.60698,6.6073,-0.51453
0.60798,6.5992,-0.51508
0.60898,6.5912,-0.51563
0.60998,6.5831,-0.51615
0.61098,6.5751,-0.51672
0.61198,6.567,-0.5172
0.61298,6.559,-0.51775
0.61398,6.5509,-0.51832
0.61498,6.5429,-0.51877
0.61598,6.5348,-0.51934
0.61698,6.5267,-0.5199
0.61798,6.5187,-0.52042
0.61898,6.5106,-0.52097
0.61998,6.5026,-0.52144
0.62098,6.4945,-0.52208
0.62198,6.4864,-0.52256
0.62298,6.4784,-0.52315
0.62398,6.4703,-0.52361
0.62498,6.4622,-0.5242
0.62598,6.4542,-0.52474
0.62698,6.4461,-0.52528
0.62798,6.438,-0.5258
0.62898,6.43,-0.52627
0.62998,6.4219,-0.52684
0.63098,6.4138,-0.52731
0.63198,6.4057,-0.52783
0.63298,6.3977,-0.52844
0.63398,6.3896,-0.52894
0.63498,6.3815,-0.52942
0.63598,6.3734,-0.53005
0.63698,6.3653,-0.53057
0.63798,6.3573,-0.53114
0.63898,6.3492,-0.53157
0.63998,6.3411,-0.5321
0.64098,6.333,-0.53264
0.64198,6.3249,-0.53316
0.64298,6.3168,-0.5338
0.64398,6.3087,-0.5342
0.64498,6.3006,-0.53483
0.64598,6.2925,-0.53526
0.64698,6.2844,-0.53582
0.64798,6.2764,-0.53636
0.64898,6.2683,-0.53693
0.64998,6.2602,-0.53749
0.65098,6.2521,-0.53797
0.65198,6.2439,-0.53851
0.65298,6.2358,-0.53897
0.65398,6.2277,-0.53952
0.65498,6.2196,-0.54001
0.65598,6.2115,-0.54061
0.65698,6.2034,-0.54118
0.65798,6.1953,-0.54169
0.65898,6.1872,-0.54219
0.65998,6.1791,-0.54272
0.66098,6.171,-0.5433
0.66198,6.1628,-0.5438
0.66298,6.1547,-0.54435
0.66398,6.1466,-0.54487
0.66498,6.1385,-0.54541
0.66598,6.1304,-0.54586
0.66698,6.1222,-0.5464
0.66798,6.1141,-0.54696
0.66898,6.106,-0.54743
0.66998,6.0978,-0.54801
0.67098,6.0897,-0.54844
0.67198,6.0816,-0.54895
0.67298,6.0734,-0.54953
0.67398,6.0653,-0.55012
0.67498,6.0572,-0.5506
0.67598,6.049,-0.55113
0.67698,6.0409,-0.55167
0.67798,6.0328,-0.55217
0.67898,6.0246,-0.55271
0.67998,6.0165,-0.55325
0.68098,6.0083,-0.55376
0.68198,6.0002,-0.55423
0.68298,5.992,-0.55476
0.68398,5.9839,-0.55528
0.68498,5.9757,-0.55575
0.68598,5.9676,-0.55635
0.68698,5.9594,-0.55689
0.68798,5.9512,-0.55731
0.68898,5.9431,-0.55783
0.68998,5.9349,-0.55842
0.69098,5.9268,-0.55895
0.69198,5.9186,-0.5594
0.69298,5.9104,-0.56004
0.69398,5.9023,-0.56048
0.69498,5.8941,-0.56101
0.69598,5.8859,-0.56158
0.69698,5.8777,-0.56209
0.69798,5.8696,-0.56261
0.69898,5.8614,-0.5631
0.69998,5.8532,-0.56353
0.70098,5.845,-0.56419
0.70198,5.8369,-0.56459
0.70298,5.8287,-0.5651
0.70398,5.8205,-0.56563
0.70498,5.8123,-0.56612
0.70598,5.8041,-0.56677
0.70698,5.7959,-0.56726
0.70798,5.7877,-0.5678
0.70898,5.7795,-0.56823
0.70998,5.7713,-0.56873
0.71098,5.7632,-0.56928
0.71198,5.755,-0.56986
0.71298,5.7468,-0.57031
0.71398,5.7386,-0.57086
0.71498,5.7303,-0.57136
0.71598,5.7221,-0.57182
0.71698,5.7139,-0.57237
0.71798,5.7057,-0.57291
0.71898,5.6975,-0.57336
0.71998,5.6893,-0.57397
0.72098,5.6811,-0.57445
0.72198,5.6729,-0.57493
0.72298,5.6647,-0.57548
0.72398,5.6564,-0.57593
0.72498,5.6482,-0.57648
0.72598,5.64,-0.57692
0.72698,5.6318,-0.57744
0.72798,5.6235,-0.57804
0.72898,5.6153,-0.57858
0.72998,5.6071,-0.57908
0.73098,5.5988,-0.57946
0.73198,5.5906,-0.57997
0.73298,5.5824,-0.58052
0.73398,5.5741,-0.58113
0.73498,5.5659,-0.58163
0.73598,5.5576,-0.58209
0.73698,5.5494,-0.58261
0.73798,5.5412,-0.58305
0.73898,5.5329,-0.58362
0.73998,5.5247,-0.58411
0.74098,5.5164,-0.58458
0.74198,5.5082,-0.58509
0.74298,5.4999,-0.5856
0.74398,5.4916,-0.58611
0.74498,5.4834,-0.58657
0.74598,5.4751,-0.58709
0.74698,5.4669,-0.58762
0.74798,5.4586,-0.58817
0.74898,5.4503,-0.58869
0.74998,5.4421,-0.58915
0.75098,5.4338,-0.58969
0.75198,5.4255,-0.5902
0.75298,5.4172,-0.5907
0.75398,5.409,-0.59116
0.75498,5.4007,-0.59163
0.75598,5.3924,-0.59217
0.75698,5.3841,-0.5926
0.75798,5.3758,-0.59314
0.75898,5.3675,-0.59363
0.75998,5.3592,-0.59415
0.76098,5.351,-0.59464
0.76198,5.3427,-0.59512
0.76298,5.3344,-0.59564
0.76398,5.3261,-0.59615
0.76498,5.3178,-0.59664
0.76598,5.3095,-0.59711
0.76698,5.3012,-0.59758
0.76798,5.2928,-0.59821
0.76898,5.2845,-0.59855
0.76998,5.2762,-0.5992
0.77098,5.2679,-0.59956
0.77198,5.2596,-0.60005
0.77298,5.2513,-0.6006
0.77398,5.243,-0.60111
0.77498,5.2346,-0.60157
0.77598,5.2263,-0.60202
0.77698,5.218,-0.6025
0.77798,5.2097,-0.60308
0.77898,5.2013,-0.60362
0.77998,5.193,-0.604
0.78098,5.1847,-0.60454
0.78198,5.1763,-0.60495
0.78298,5.168,-0.60547
0.78398,5.1597,-0.60602
0.78498,5.1513,-0.60649
0.78598,5.143,-0.60699
0.78698,5.1346,-0.60753
0.78798,5.1263,-0.60795
0.78898,5.1182,-0.60847
0.78998,5.1106,-0.60907
0.79098,5.1029,-0.60963
0.79198,5.0952,-0.61033
0.79298,5.0876,-0.61097
0.79398,5.0799,-0.61152
0.79498,5.0722,-0.61216
0.79598,5.0645,-0.61282
0.79698,5.0569,-0.61336
0.79798,5.0492,-0.61409
0.79898,5.0415,-0.61457
0.79998,5.0338,-0.61518
0.80098,5.0261,-0.61588
0.80198,5.0184,-0.61655
0.80298,5.0107,-0.61705
0.80398,5.003,-0.61781
0.80498,4.9953,-0.61831
0.80598,4.9876,-0.61892
0.80698,4.9799,-0.61953
0.80798,4.9722,-0.62024
0.80898,4.9645,-0.62083
0.80998,4.9568,-0.62138
0.81098,4.9491,-0.62204
0.81198,4.9414,-0.62267
0.81298,4.9337,-0.62338
0.81398,4.9259,-0.62387
0.81498,4.9182,-0.62459
0.81598,4.9105,-0.62525
0.81698,4.9027,-0.62583
0.81798,4.895,-0.62643
0.81898,4.8873,-0.62709
0.81998,4.8795,-0.62765
0.82098,4.8718,-0.62827
0.82198,4.8641,-0.62885
0.82298,4.8563,-0.62948
0.82398,4.8486,-0.63011
0.82498,4.8408,-0.63069
0.82598,4.8331,-0.6314
0.82698,4.8253,-0.63192
0.82798,4.8176,-0.6326
0.82898,4.8098,-0.63328
0.82998,4.802,-0.63394
0.83098,4.7943,-0.63449
0.83198,4.7865,-0.63512
0.83298,4.7787,-0.63577
0.83398,4.771,-0.63642
0.83498,4.7632,-0.63697
0.83598,4.7554,-0.63761
0.83698,4.7476,-0.63821
0.83798,4.7399,-0.63885
0.83898,4.7321,-0.63943
0.83998,4.7243,-0.64013
0.84098,4.7165,-0.64073
0.84198,4.7087,-0.64124
0.84298,4.7009,-0.64197
0.84398,4.6931,-0.64256
0.84498,4.6853,-0.64317
0.84598,4.6775,-0.64383
0.84698,4.6697,-0.64436
0.84798,4.6619,-0.64505
0.84898,4.6541,-0.64566
0.84998,4.6463,-0.64627
0.85098,4.6384,-0.64688
0.85198,4.6306,-0.64759
0.85298,4.6228,-0.64815
0.85398,4.615,-0.64877
0.85498,4.6071,-0.64939
0.85598,4.5993,-0.65005
0.85698,4.5915,-0.65069
0.85798,4.5836,-0.6512
0.85898,4.5758,-0.65185
0.85998,4.568,-0.65252
0.86098,4.5601,-0.65311
0.86198,4.5523,-0.65383
0.86298,4.5444,-0.65441
0.86398,4.5366,-0.65493
0.86498,4.5287,-0.6557
0.86598,4.5208,-0.6563
0.86698,4.513,-0.65695
0.86798,4.5051,-0.65745
0.86898,4.4972,-0.6581
0.86998,4.4894,-0.65883
0.87098,4.4815,-0.65939
0.87198,4.4736,-0.66007
0.87298,4.4657,-0.66064
0.87398,4.4579,-0.66126
0.87498,4.45,-0.66193
0.87598,4.4421,-0.66253
0.87698,4.4342,-0.66303
0.87798,4.4263,-0.66367
0.87898,4.4184,-0.6643
0.87998,4.4105,-0.66501
0.88098,4.4026,-0.66558
0.88198,4.3947,-0.66622
0.88298,4.3868,-0.66685
0.88398,4.3789,-0.66752
0.88498,4.371,-0.66808
0.88598,4.363,-0.66871
0.88698,4.3551,-0.66938
0.88798,4.3472,-0.66992
0.88898,4.3393,-0.67055
0.88998,4.3313,-0.67114
0.89098,4.3234,-0.67186
0.89198,4.3155,-0.67246
0.89298,4.3075,-0.67314
0.89398,4.2996,-0.67371
0.89498,4.2916,-0.67436
0.89598,4.2837,-0.67502
0.89698,4.2757,-0.67555
0.89798,4.2678,-0.67612
0.89898,4.2598,-0.67673
0.89998,4.2519,-0.67738
0.90098,4.2439,-0.67807
0.90198,4.2359,-0.67868
0.90298,4.2279,-0.67931
0.90398,4.22,-0.67997
0.90498,4.212,-0.68054
0.90598,4.204,-0.68111
0.90698,4.196,-0.68188
0.90798,4.188,-0.68243
0.90898,4.1801,-0.68299
0.90998,4.1721,-0.68368
0.91098,4.1641,-0.68436
0.91198,4.1561,-0.68485
0.91298,4.1481,-0.68553
0.91398,4.1401,-0.6862
0.91498,4.132,-0.68683
0.91598,4.124,-0.68745
0.91698,4.116,-0.68804
0.91798,4.108,-0.68867
0.91898,4.1,-0.68924
0.91998,4.0919,-0.68995
0.92098,4.0839,-0.6905
0.92198,4.0759,-0.69122
0.92298,4.0678,-0.69182
0.92398,4.0598,-0.69242
0.92498,4.0518,-0.69311
0.92598,4.0437,-0.69365
0.92698,4.0357,-0.69418
0.92798,4.0276,-0.69493
0.92898,4.0196,-0.69549
0.92998,4.0115,-0.69616
0.93098,4.0034,-0.69676
0.93198,3.9954,-0.6974
0.93298,3.9873,-0.69795
0.93398,3.9792,-0.69859
0.93498,3.9711,-0.69925
0.93598,3.9631,-0.69986
0.93698,3.955,-0.7004
0.93798,3.9469,-0.70113
0.93898,3.9388,-0.70175
0.93998,3.9307,-0.70245
0.94098,3.9226,-0.70303
0.94198,3.9145,-0.70357
0.94298,3.9064,-0.70426
0.94398,3.8983,-0.70478
0.94498,3.8902,-0.70542
0.94598,3.8821,-0.70611
0.94698,3.8739,-0.70679
0.94798,3.8658,-0.70737
0.94898,3.8577,-0.70795
0.94998,3.8496,-0.70862
0.95098,3.8414,-0.7093
0.95198,3.8333,-0.7098
0.95298,3.8252,-0.7104
0.95398,3.817,-0.71104
0.95498,3.8089,-0.71173
0.95598,3.8007,-0.71239
0.95698,3.7926,-0.71288
0.95798,3.7844,-0.71353
0.95898,3.7762,-0.71423
0.95998,3.7681,-0.71484
0.96098,3.7599,-0.71534
0.96198,3.7517,-0.71609
0.96298,3.7435,-0.71673
0.96398,3.7354,-0.71729
0.96498,3.7272,-0.71795
0.96598,3.719,-0.71852
0.96698,3.7108,-0.71922
0.96798,3.7026,-0.71976
0.96898,3.6944,-0.72035
0.96998,3.6862,-0.72111
0.97098,3.678,-0.72164
0.97198,3.6698,-0.72235
0.97298,3.6616,-0.72291
0.97398,3.6533,-0.72356
0.97498,3.6451,-0.72407
0.97598,3.6369,-0.72482
0.97698,3.6287,-0.72531
0.97798,3.6204,-0.72599
0.97898,3.6122,-0.72668
0.97998,3.604,-0.72723
0.98098,3.5957,-0.72789
0.98198,3.5875,-0.7285
0.98298,3.5792,-0.72909
0.98398,3.571,-0.72965
0.98498,3.5627,-0.73026
0.98598,3.5544,-0.7309
0.98698,3.5462,-0.73157
0.98798,3.5379,-0.73211
0.98898,3.5296,-0.73286
0.98998,3.5213,-0.73339
0.99098,3.513,-0.73409
0.99198,3.5048,-0.73457
0.99298,3.4965,-0.73524
0.99398,3.4882,-0.73596
0.99498,3.4799,-0.73646
0.99598,3.4716,-0.7372
0.99698,3.4632,-0.73765
0.99798,3.4549,-0.73839
0.99898,3.4466,-0.73904
0.99998,3.4383,-0.73966
1.001,3.43,-0.74027
1.002,3.4216,-0.74075
1.003,3.4133,-0.74142
1.004,3.405,-0.74207
1.005,3.3966,-0.74275
1.006,3.3883,-0.74329
1.007,3.3799,-0.74381
1.008,3.3716,-0.74456
1.009,3.3632,-0.74505
1.01,3.3549,-0.74584
1.011,3.3465,-0.7464
1.012,3.3381,-0.74696
1.013,3.3298,-0.74752
1.014,3.3214,-0.74823
1.015,3.313,-0.74888
1.016,3.3046,-0.74949
1.017,3.2962,-0.75006
1.018,3.2878,-0.75074
1.019,3.2794,-0.7513
1.02,3.271,-0.7519
1.021,3.2626,-0.75246
1.022,3.2542,-0.75303
1.023,3.2458,-0.75367
1.024,3.2374,-0.75425
1.025,3.2289,-0.7549
1.026,3.2205,-0.75554
1.027,3.2121,-0.75613
1.028,3.2036,-0.75682
1.029,3.1952,-0.75737
1.03,3.1867,-0.75809
1.031,3.1783,-0.75866
1.032,3.1698,-0.75932
1.033,3.1614,-0.75983
1.034,3.1529,-0.76033
1.035,3.1444,-0.76112
1.036,3.136,-0.7617
1.037,3.1275,-0.7622
1.038,3.119,-0.76292
1.039,3.1105,-0.76349
1.04,3.102,-0.76412
1.041,3.0935,-0.76461
1.042,3.085,-0.76524
1.043,3.0765,-0.76581
1.044,3.068,-0.76644
1.045,3.0595,-0.76705
1.046,3.051,-0.76766
1.047,3.0425,-0.7683
1.048,3.034,-0.76883
1.049,3.0254,-0.76953
1.05,3.0169,-0.77019
1.051,3.0083,-0.77081
1.052,2.9998,-0.77142
1.053,2.9913,-0.77203
1.054,2.9827,-0.77259
1.055,2.9741,-0.77324
1.056,2.9656,-0.77382
1.057,2.957,-0.77441
1.058,2.9484,-0.77499
1.059,2.9399,-0.77549
1.06,2.9313,-0.77621
1.061,2.9227,-0.77681
1.062,2.9141,-0.77725
1.063,2.9055,-0.77798
1.064,2.8969,-0.77862
1.065,2.8883,-0.77923
1.066,2.8797,-0.7797
1.067,2.8711,-0.78031
1.068,2.864,-0.78087
1.069,2.8587,-0.78163
1.07,2.8534,-0.78243
1.071,2.848,-0.78301
1.072,2.8427,-0.78389
1.073,2.8373,-0.78457
1.074,2.832,-0.78524
1.075,2.8266,-0.78599
1.076,2.8212,-0.78666
1.077,2.8158,-0.78735
1.078,2.8105,-0.78803
1.079,2.8051,-0.78889
1.08,2.7997,-0.78941
1.081,2.7943,-0.79013
1.082,2.7889,-0.79099
1.083,2.7835,-0.7916
1.084,2.778,-0.79226
1.085,2.7726,-0.79317
1.086,2.7672,-0.79381
1.087,2.7618,-0.79458
1.088,2.7563,-0.7952
1.089,2.7509,-0.79599
1.09,2.7454,-0.79674
1.091,2.74,-0.79729
1.092,2.7345,-0.79797
1.093,2.729,-0.79872
1.094,2.7236,-0.79955
1.095,2.7181,-0.80027
1.096,2.7126,-0.80094
1.097,2.7071,-0.80169
1.098,2.7016,-0.80243
1.099,2.6961,-0.80305
1.1,2.6906,-0.80386
1.101,2.6851,-0.80443
1.102,2.6796,-0.8053
1.103,2.674,-0.80586
1.104,2.6685,-0.80664
1.105,2.663,-0.80733
1.106,2.6574,-0.808
1.107,2.6519,-0.80876
1.108,2.6463,-0.80946
1.109,2.6407,-0.81013
1.11,2.6352,-0.81089
1.111,2.6296,-0.81172
1.112,2.624,-0.8124
1.113,2.6184,-0.81301
1.114,2.6128,-0.81374
1.115,2.6072,-0.81451
1.116,2.6016,-0.81519
1.117,2.596,-0.81586
1.118,2.5904,-0.81665
1.119,2.5848,-0.81733
1.12,2.5791,-0.81806
1.121,2.5735,-0.81879
1.122,2.5679,-0.81939
1.123,2.5622,-0.8201
1.124,2.5566,-0.82095
1.125,2.5509,-0.82156
1.126,2.5452,-0.82229
1.127,2.5396,-0.82308
1.128,2.5339,-0.82379
1.129,2.5282,-0.82436
1.13,2.5225,-0.82505
1.131,2.5168,-0.82578
1.132,2.5111,-0.82649
1.133,2.5054,-0.82716
1.134,2.4997,-0.82789
1.135,2.4939,-0.82875
1.136,2.4882,-0.82932
1.137,2.4825,-0.83
1.138,2.4767,-0.83073
1.139,2.471,-0.83155
1.14,2.4652,-0.83217
1.141,2.4595,-0.83299
1.142,2.4537,-0.83358
1.143,2.4479,-0.83444
1.144,2.4421,-0.83499
1.145,2.4363,-0.8357
1.146,2.4305,-0.83645
1.147,2.4247,-0.83728
1.148,2.4189,-0.83781
1.149,2.4131,-0.83855
1.15,2.4073,-0.83924
1.151,2.4015,-0.84007
1.152,2.3956,-0.84072
1.153,2.3898,-0.84144
1.154,2.3839,-0.84215
1.155,2.3781,-0.84283
1.156,2.3722,-0.84346
1.157,2.3663,-0.84418
1.158,2.3605,-0.84506
1.159,2.3546,-0.84576
1.16,2.3487,-0.84642
1.161,2.3428,-0.84715
1.162,2.3369,-0.84781
1.163,2.331,-0.8484
1.164,2.325,-0.84928
1.165,2.3191,-0.84991
1.166,2.3132,-0.85058
1.167,2.3072,-0.85122
1.168,2.3013,-0.85209
1.169,2.2954,-0.8528
1.17,2.2894,-0.8534
1.171,2.2834,-0.85422
1.172,2.2774,-0.85487
1.173,2.2715,-0.85552
1.174,2.2655,-0.85616
1.175,2.2595,-0.85684
1.176,2.2535,-0.85774
1.177,2.2475,-0.85834
1.178,2.2415,-0.85896
1.179,2.2354,-0.85981
1.18,2.2294,-0.86042
1.181,2.2234,-0.8612
1.182,2.2173,-0.86175
1.183,2.2113,-0.86248
1.184,2.2052,-0.86329
1.185,2.1991,-0.86401
1.186,2.1931,-0.86455
1.187,2.187,-0.86544
1.188,2.1809,-0.86599
1.189,2.1748,-0.86672
1.19,2.1687,-0.86747
1.191,2.1626,-0.86822
1.192,2.1565,-0.86894
1.193,2.1503,-0.86967
1.194,2.1442,-0.87036
1.195,2.1381,-0.8709
1.196,2.1319,-0.87166
1.197,2.1258,-0.87227
1.198,2.1196,-0.87312
1.199,2.1134,-0.87367
1.2,2.1072,-0.8744
1.201,2.1011,-0.87504
1.202,2.0949,-0.87573
1.203,2.0887,-0.87657
1.204,2.0825,-0.87719
1.205,2.0762,-0.87791
1.206,2.07,-0.87869
1.207,2.0638,-0.87939
1.208,2.0575,-0.88012
1.209,2.0513,-0.88083
1.21,2.045,-0.88132
1.211,2.0388,-0.88218
1.212,2.0325,-0.88284
1.213,2.0262,-0.8835
1.214,2.0199,-0.88411
1.215,2.0137,-0.88481
1.216,2.0073,-0.88569
1.217,2.001,-0.88635
1.218,1.9947,-0.88696
1.219,1.9884,-0.88761
1.22,1.9821,-0.88838
1.221,1.9757,-0.88902
1.222,1.9694,-0.88979
1.223,1.963,-0.89036
1.224,1.9567,-0.89102
1.225,1.9503,-0.89189
1.226,1.9439,-0.89248
1.227,1.9375,-0.89327
1.228,1.9311,-0.89387
1.229,1.9247,-0.89449
1.23,1.9183,-0.89518
1.231,1.9119,-0.89606
1.232,1.9055,-0.89656
1.233,1.899,-0.89732
1.234,1.8926,-0.89808
1.235,1.8861,-0.89864
1.236,1.8797,-0.89938
1.237,1.8732,-0.90014
1.238,1.8667,-0.90074
1.239,1.8602,-0.90142
1.24,1.8537,-0.9022
1.241,1.8472,-0.90283
1.242,1.8407,-0.90354
1.243,1.8342,-0.90424
1.244,1.8277,-0.9049
1.245,1.8212,-0.90559
1.246,1.8146,-0.90623
1.247,1.8081,-0.90689
1.248,1.8015,-0.90775
1.249,1.7949,-0.90826
1.25,1.7884,-0.90905
1.251,1.7818,-0.90969
1.252,1.7752,-0.91043
1.253,1.7686,-0.91114
1.254,1.762,-0.91179
1.255,1.7553,-0.91248
1.256,1.7487,-0.91318
1.257,1.7421,-0.9138
1.258,1.7354,-0.9144
1.259,1.7288,-0.91521
1.26,1.7221,-0.91593
1.261,1.7155,-0.91657
1.262,1.7088,-0.9171
1.263,1.7021,-0.91784
1.264,1.6954,-0.91864
1.265,1.6887,-0.91931
1.266,1.682,-0.91988
1.267,1.6753,-0.92064
1.268,1.6685,-0.92123
1.269,1.6618,-0.92189
1.27,1.655,-0.92274
1.271,1.6483,-0.92332
1.272,1.6415,-0.92405
1.273,1.6347,-0.92464
1.274,1.628,-0.92539
1.275,1.6212,-0.92604
1.276,1.6144,-0.9268
1.277,1.6076,-0.92732
1.278,1.6007,-0.92798
1.279,1.5939,-0.92874
1.28,1.5871,-0.9293
1.281,1.5802,-0.92997
1.282,1.5734,-0.93068
1.283,1.5665,-0.93131
1.284,1.5596,-0.93212
1.285,1.5528,-0.93268
1.286,1.5459,-0.93345
1.287,1.539,-0.93397
1.288,1.5321,-0.93479
1.289,1.5251,-0.93534
1.29,1.5182,-0.93611
1.291,1.5113,-0.93686
1.292,1.5043,-0.93738
1.293,1.4974,-0.93803
1.294,1.4904,-0.93875
1.295,1.4834,-0.93934
1.296,1.4765,-0.94001
1.297,1.4695,-0.94068
1.298,1.4625,-0.94143
1.299,1.4555,-0.94208
1.3,1.4484,-0.94271
1.301,1.4414,-0.94332
1.302,1.4344,-0.94398
1.303,1.4273,-0.9448
1.304,1.4203,-0.94548
1.305,1.4132,-0.94605
1.306,1.4061,-0.94683
1.307,1.399,-0.94735
1.308,1.392,-0.94807
1.309,1.3848,-0.94877
1.31,1.3777,-0.94943
1.311,1.3706,-0.95009
1.312,1.3635,-0.9506
1.313,1.3563,-0.95124
1.314,1.3492,-0.95193
1.315,1.342,-0.95277
1.316,1.3349,-0.9532
1.317,1.3277,-0.95408
1.318,1.3205,-0.95471
1.319,1.3133,-0.95531
1.32,1.3061,-0.95586
1.321,1.2989,-0.95664
1.322,1.2916,-0.95732
1.323,1.2844,-0.95788
1.324,1.2771,-0.95863
1.325,1.2699,-0.95926
1.326,1.2626,-0.95994
1.327,1.2553,-0.96042
1.328,1.2481,-0.96113
1.329,1.2408,-0.96173
1.33,1.2335,-0.96256
1.331,1.2261,-0.96311
1.332,1.2188,-0.96377
1.333,1.2115,-0.96429
1.334,1.2041,-0.96509
1.335,1.1968,-0.96577
1.336,1.1894,-0.96625
1.337,1.182,-0.96687
1.338,1.1746,-0.96755
1.339,1.1672,-0.96838
1.34,1.1598,-0.96888
1.341,1.1524,-0.96952
1.342,1.145,-0.97015
1.343,1.1376,-0.9709
1.344,1.1301,-0.97142
1.345,1.1227,-0.97202
1.346,1.1152,-0.97284
1.347,1.1077,-0.97341
1.348,1.1002,-0.97406
1.349,1.0927,-0.97463
1.35,1.0852,-0.97528
1.351,1.0777,-0.97605
1.352,1.0702,-0.97661
1.353,1.0626,-0.97713
1.354,1.0551,-0.97793
1.355,1.0475,-0.97858
1.356,1.04,-0.97915
1.357,1.0324,-0.9797
1.358,1.0248,-0.98048
1.359,1.0172,-0.98112
1.36,1.0096,-0.98175
1.361,1.002,-0.98227
1.362,0.99433,-0.98283
1.363,0.98669,-0.98365
1.364,0.97904,-0.98411
1.365,0.97138,-0.98487
1.366,0.9637,-0.98549
1.367,0.95602,-0.98609
1.368,0.94832,-0.98657
1.369,0.94062,-0.9873
1.37,0.9329,-0.98791
1.371,0.92518,-0.98864
1.372,0.91744,-0.98914
1.373,0.90969,-0.9898
1.374,0.90194,-0.99039
1.375,0.89417,-0.99109
1.376,0.88639,-0.99172
1.377,0.8786,-0.99222
1.378,0.8708,-0.99293
1.379,0.86298,-0.99346
1.38,0.85516,-0.99414
1.381,0.84733,-0.99473
1.382,0.83949,-0.99526
1.383,0.83163,-0.99591
1.384,0.82376,-0.99654
1.385,0.81589,-0.99714
1.386,0.808,-0.99784
1.387,0.8001,-0.99831
1.388,0.79219,-0.99907
1.389,0.78427,-0.9997
1.39,0.77634,-1.0001
1.391,0.7684,-1.0008
1.392,0.76045,-1.0014
1.393,0.75228,-1.0021
1.394,0.74388,-1.0028
1.395,0.73546,-1.0035
1.396,0.72703,-1.0041
1.397,0.7186,-1.0047
1.398,0.71015,-1.0055
1.399,0.70169,-1.0061
1.4,0.69322,-1.007
1.401,0.68474,-1.0075
1.402,0.67625,-1.0083
1.403,0.66775,-1.0089
1.404,0.65923,-1.0096
1.405,0.65071,-1.0103
1.406,0.64217,-1.011
1.407,0.63363,-1.0117
1.408,0.62507,-1.0122
1.409,0.6165,-1.013
1.41,0.60792,-1.0136
1.411,0.59933,-1.0144
1.412,0.59073,-1.0148
1.413,0.58212,-1.0157
1.414,0.5735,-1.0162
1.415,0.56487,-1.0171
1.416,0.55622,-1.0177
1.417,0.54756,-1.0184
1.418,0.5389,-1.0189
1.419,0.53022,-1.0196
1.42,0.52153,-1.0201
1.421,0.51283,-1.0209
1.422,0.50412,-1.0216
1.423,0.4954,-1.0222
1.424,0.48666,-1.0228
1.425,0.47792,-1.0235
1.426,0.46916,-1.0242
1.427,0.46039,-1.0249
1.428,0.45161,-1.0256
1.429,0.44282,-1.0262
1.43,0.43402,-1.0268
1.431,0.42521,-1.0275
1.432,0.41638,-1.0282
1.433,0.40755,-1.0287
1.434,0.3987,-1.0293
1.435,0.38984,-1.0299
1.436,0.38097,-1.0306
1.437,0.37209,-1.0313
1.438,0.3632,-1.0318
1.439,0.3543,-1.0326
1.44,0.34538,-1.0331
1.441,0.33645,-1.0338
1.442,0.32752,-1.0345
1.443,0.31857,-1.035
1.444,0.3096,-1.0357
1.445,0.30063,-1.0362
1.446,0.29165,-1.0368
1.447,0.28265,-1.0375
1.448,0.27364,-1.0382
1.449,0.26462,-1.0389
1.45,0.25559,-1.0394
1.451,0.24655,-1.04
1.452,0.2375,-1.0407
1.453,0.22843,-1.0412
1.454,0.21935,-1.042
1.455,0.21026,-1.0426
1.456,0.20116,-1.0432
1.457,0.19205,-1.0438
1.458,0.18293,-1.0444
1.459,0.17379,-1.045
1.46,0.16464,-1.0455
1.461,0.15548,-1.0461
1.462,0.14631,-1.0468
1.463,0.13713,-1.0474
1.464,0.12793,-1.0481
1.465,0.11873,-1.0485
1.466,0.10951,-1.0491
1.467,0.10028,-1.0498
1.468,0.091035,-1.0504
1.469,0.081781,-1.0511
1.47,0.072515,-1.0515
1.471,0.063237,-1.0523
1.472,0.053947,-1.0527
1.473,0.044644,-1.0533
1.474,0.03533,-1.054
1.475,0.026004,-1.0545
1.476,0.016666,-1.0551
1.477,0.0073162,-1.0556
1.478,-0.0020459,-1.0563
1.479,-0.01142,-1.0567
1.48,-0.020806,-1.0573
1.481,-0.030204,-1.0579
1.482,-0.039615,-1.0586
1.483,-0.049037,-1.059
1.484,-0.058472,-1.0598
1.485,-0.067918,-1.0604
1.486,-0.077377,-1.0608
1.487,-0.086848,-1.0613
1.488,-0.096331,-1.0621
1.489,-0.10583,-1.0625
1.49,-0.11533,-1.0632
1.491,-0.12485,-1.0636
1.492,-0.13439,-1.0642
1.493,-0.14393,-1.0648
1.494,-0.15349,-1.0654
1.495,-0.16306,-1.066
1.496,-0.17264,-1.0665
1.497,-0.18223,-1.0671
1.498,-0.19184,-1.0676
1.499,-0.20145,-1.0682
1.5,-0.21108,-1.0687
1.501,-0.22073,-1.0692
1.502,-0.23038,-1.0698
1.503,-0.24005,-1.0704
1.504,-0.24973,-1.0709
1.505,-0.25942,-1.0714
1.506,-0.26913,-1.072
1.507,-0.27884,-1.0726
1.508,-0.28857,-1.073
1.509,-0.29831,-1.0737
1.51,-0.30807,-1.0741
1.511,-0.31783,-1.0747
1.512,-0.32761,-1.0752
1.513,-0.33741,-1.0757
1.514,-0.34721,-1.0762
1.515,-0.35703,-1.0769
1.516,-0.36686,-1.0775
1.517,-0.3767,-1.0779
1.518,-0.38655,-1.0786
1.519,-0.39642,-1.0789
1.52,-0.4063,-1.0795
1.521,-0.41619,-1.0799
1.522,-0.4261,-1.0805
1.523,-0.43601,-1.0812
1.524,-0.44594,-1.0816
1.525,-0.45589,-1.0821
1.526,-0.46584,-1.0825
1.527,-0.47581,-1.083
1.528,-0.48579,-1.0837
1.529,-0.49578,-1.0842
1.53,-0.50579,-1.0847
1.531,-0.51581,-1.0853
1.532,-0.52584,-1.0856
1.533,-0.53589,-1.0862
1.534,-0.54594,-1.0867
1.535,-0.55601,-1.0872
1.536,-0.5661,-1.0876
1.537,-0.57619,-1.0882
1.538,-0.5863,-1.0886
1.539,-0.59642,-1.0891
1.54,-0.60655,-1.0896
1.541,-0.6167,-1.0903
1.542,-0.62686,-1.0906
1.543,-0.63703,-1.0912
1.544,-0.64722,-1.0916
1.545,-0.65742,-1.0922
1.546,-0.66763,-1.0925
1.547,-0.67785,-1.0931
1.548,-0.68809,-1.0935
1.549,-0.69834,-1.0941
1.55,-0.7086,-1.0946
1.551,-0.71888,-1.095
1.552,-0.72917,-1.0954
1.553,-0.73947,-1.096
1.554,-0.74978,-1.0964
1.555,-0.76011,-1.0969
1.556,-0.77045,-1.0973
1.557,-0.7808,-1.0978
1.558,-0.79117,-1.0984
1.559,-0.80155,-1.0989
1.56,-0.81194,-1.0992
1.561,-0.82235,-1.0998
1.562,-0.83277,-1.1002
1.563,-0.8432,-1.1006
1.564,-0.85364,-1.101
1.565,-0.8641,-1.1016
1.566,-0.87457,-1.1021
1.567,-0.88506,-1.1026
1.568,-0.89555,-1.1028
1.569,-0.90606,-1.1033
1.57,-0.91659,-1.1037
1.571,-0.92712,-1.1044
1.572,-0.93767,-1.1048
1.573,-0.94823,-1.1052
1.574,-0.95881,-1.1056
1.575,-0.9694,-1.106
1.576,-0.98,-1.1065
1.577,-0.99062,-1.107
1.578,-1.0012,-1.1073
1.579,-1.0119,-1.1079
1.58,-1.0225,-1.1082
1.581,-1.0332,-1.1087
1.582,-1.0439,-1.1092
1.583,-1.0546,-1.1096
1.584,-1.0653,-1.1099
1.585,-1.076,-1.1105
1.586,-1.0868,-1.1108
1.587,-1.0975,-1.1113
1.588,-1.1083,-1.1117
1.589,-1.119,-1.112
1.59,-1.1298,-1.1124
1.591,-1.1406,-1.1129
1.592,-1.1514,-1.1134
1.593,-1.1623,-1.1138
1.594,-1.1731,-1.1142
1.595,-1.184,-1.1146
1.596,-1.1948,-1.115
1.597,-1.2057,-1.1155
1.598,-1.2166,-1.1159
1.599,-1.2275,-1.1163
1.6,-1.2384,-1.1165
1.601,-1.2494,-1.1171
1.602,-1.2603,-1.1174
1.603,-1.2713,-1.1177
1.604,-1.2822,-1.1182
1.605,-1.2932,-1.1187
1.606,-1.3042,-1.1189
1.607,-1.3153,-1.1193
1.608,-1.3263,-1.1197
1.609,-1.3373,-1.1203
1.61,-1.3484,-1.1206
1.611,-1.3594,-1.1209
1.612,-1.3705,-1.1212
1.613,-1.3816,-1.1217
1.614,-1.3927,-1.122
1.615,-1.4038,-1.1225
1.616,-1.415,-1.123
1.617,-1.4261,-1.1233
1.618,-1.4373,-1.1237
1.619,-1.4485,-1.1239
1.62,-1.4597,-1.1244
1.621,-1.4709,-1.1247
1.622,-1.4821,-1.1251
1.623,-1.4933,-1.1253
1.624,-1.5046,-1.1258
1.625,-1.5158,-1.1261
1.626,-1.5271,-1.1264
1.627,-1.5384,-1.1269
1.628,-1.5497,-1.1272
1.629,-1.561,-1.1277
1.63,-1.5723,-1.128
1.631,-1.5836,-1.1284
1.632,-1.595,-1.1287
1.633,-1.6063,-1.129
1.634,-1.6177,-1.1292
1.635,-1.6291,-1.1298
1.636,-1.6405,-1.1301
1.637,-1.6519,-1.1305
1.638,-1.6634,-1.1308
1.639,-1.6748,-1.131
1.64,-1.6863,-1.1315
1.641,-1.6978,-1.1318
1.642,-1.7092,-1.132
1.643,-1.7207,-1.1323
1.644,-1.7323,-1.1327
1.645,-1.7438,-1.133
1.646,-1.7553,-1.1334
1.647,-1.7669,-1.1338
1.648,-1.7784,-1.1341
1.649,-1.79,-1.1343
1.65,-1.8016,-1.1347
1.651,-1.8132,-1.135
1.652,-1.8249,-1.1353
1.653,-1.8365,-1.1357
1.654,-1.8481,-1.1359
1.655,-1.8598,-1.1364
1.656,-1.8715,-1.1367
1.657,-1.8832,-1.1369
1.658,-1.8949,-1.1372
1.659,-1.9066,-1.1375
1.66,-1.9183,-1.1378
1.661,-1.9301,-1.1382
1.662,-1.9418,-1.1384
1.663,-1.9536,-1.1387
1.664,-1.9654,-1.1391
1.665,-1.9772,-1.1392
1.666,-1.989,-1.1395
1.667,-2.0008,-1.1399
1.668,-2.0127,-1.1401
1.669,-2.0245,-1.1404
1.67,-2.0364,-1.1408
1.671,-2.0483,-1.141
1.672,-2.0602,-1.1414
1.673,-2.0721,-1.1417
1.674,-2.084,-1.142
1.675,-2.0959,-1.1421
1.676,-2.1079,-1.1424
1.677,-2.1198,-1.1427
1.678,-2.1318,-1.1431
1.679,-2.1438,-1.1432
1.68,-2.1558,-1.1437
1.681,-2.1678,-1.1438
1.682,-2.1798,-1.144
1.683,-2.1919,-1.1444
1.684,-2.2039,-1.1446
1.685,-2.216,-1.1449
1.686,-2.2281,-1.1451
1.687,-2.2402,-1.1453
1.688,-2.2523,-1.1457
1.689,-2.2644,-1.1459
1.69,-2.2766,-1.1462
1.691,-2.2887,-1.1465
1.692,-2.3009,-1.1467
1.693,-2.3131,-1.147
1.694,-2.3253,-1.1472
1.695,-2.3375,-1.1476
1.696,-2.3497,-1.1477
1.697,-2.3619,-1.148
1.698,-2.3742,-1.1481
1.699,-2.3864,-1.1485
1.7,-2.3987,-1.1486
1.701,-2.411,-1.1489
1.702,-2.4233,-1.1492
1.703,-2.4356,-1.1493
1.704,-2.4479,-1.1496
1.705,-2.4603,-1.1497
1.706,-2.4726,-1.15
1.707,-2.485,-1.1503
1.708,-2.4974,-1.1504
1.709,-2.5098,-1.1506
1.71,-2.5222,-1.1509
1.711,-2.5346,-1.1511
1.712,-2.5471,-1.1513
1.713,-2.5595,-1.1514
1.714,-2.572,-1.1517
1.715,-2.5844,-1.1519
1.716,-2.5969,-1.1522
1.717,-2.6094,-1.1524
1.718,-2.6214,-1.1525
1.719,-2.6328,-1.1529
1.72,-2.6442,-1.1531
1.721,-2.6556,-1.1531
1.722,-2.6671,-1.1535
1.723,-2.6785,-1.1536
1.724,-2.69,-1.1538
1.725,-2.7015,-1.154
1.726,-2.713,-1.1542
1.727,-2.7245,-1.1543
1.728,-2.7361,-1.1544
1.729,-2.7476,-1.1548
1.73,-2.7592,-1.1549
1.731,-2.7708,-1.155
1.732,-2.7824,-1.1552
1.733,-2.794,-1.1554
1.734,-2.8056,-1.1556
1.735,-2.8173,-1.1558
1.736,-2.8289,-1.1559
1.737,-2.8406,-1.156
1.738,-2.8523,-1.156
1.739,-2.864,-1.1564
1.74,-2.8758,-1.1565
1.741,-2.8875,-1.1567
1.742,-2.8993,-1.1568
1.743,-2.911,-1.157
1.744,-2.9228,-1.157
1.745,-2.9346,-1.1572
1.746,-2.9465,-1.1574
1.747,-2.9583,-1.1574
1.748,-2.9701,-1.1577
1.749,-2.982,-1.1577
1.75,-2.9939,-1.1579
1.751,-3.0058,-1.1581
1.752,-3.0177,-1.1581
1.753,-3.0296,-1.1582
1.754,-3.0416,-1.1584
1.755,-3.0536,-1.1584
1.756,-3.0655,-1.1586
1.757,-3.0775,-1.1586
1.758,-3.0896,-1.1589
1.759,-3.1016,-1.159
1.76,-3.1136,-1.1591
1.761,-3.1257,-1.1591
1.762,-3.1378,-1.1593
1.763,-3.1498,-1.1593
1.764,-3.162,-1.1595
1.765,-3.1741,-1.1596
1.766,-3.1862,-1.1597
1.767,-3.1984,-1.1598
1.768,-3.2105,-1.1597
1.769,-3.2227,-1.16
1.77,-3.2349,-1.1601
1.771,-3.2471,-1.16
1.772,-3.2594,-1.1602
1.773,-3.2716,-1.1603
1.774,-3.2839,-1.1602
1.775,-3.2962,-1.1603
1.776,-3.3085,-1.1604
1.777,-3.3208,-1.1607
1.778,-3.3331,-1.1607
1.779,-3.3455,-1.1608
1.78,-3.3578,-1.1607
1.781,-3.3702,-1.1609
1.782,-3.3826,-1.1608
1.783,-3.395,-1.1611
1.784,-3.4074,-1.1609
1.785,-3.4198,-1.161
1.786,-3.4323,-1.1611
1.787,-3.4448,-1.1611
1.788,-3.4573,-1.1611
1.789,-3.4698,-1.1614
1.79,-3.4823,-1.1614
1.791,-3.4948,-1.1613
1.792,-3.5073,-1.1613
1.793,-3.5199,-1.1615
1.794,-3.5325,-1.1614
1.795,-3.5451,-1.1615
1.796,-3.5577,-1.1617
1.797,-3.5703,-1.1616
1.798,-3.583,-1.1615
1.799,-3.5956,-1.1616
1.8,-3.6083,-1.1616
1.801,-3.621,-1.1618
1.802,-3.6337,-1.1617
1.803,-3.6464,-1.1617
1.804,-3.6591,-1.1618
1.805,-3.6719,-1.1617
1.806,-3.6847,-1.1618
1.807,-3.6974,-1.1619
1.808,-3.7102,-1.1619
1.809,-3.7231,-1.1618
1.81,-3.7359,-1.1617
1.811,-3.7487,-1.1617
1.812,-3.7616,-1.1619
1.813,-3.7745,-1.1617
1.814,-3.7874,-1.1618
1.815,-3.8003,-1.1617
1.816,-3.8132,-1.1617
1.817,-3.8261,-1.1617
1.818,-3.8391,-1.1618
1.819,-3.8521,-1.1618
1.82,-3.865,-1.1618
1.821,-3.878,-1.1618
1.822,-3.8911,-1.1617
1.823,-3.9041,-1.1616
1.824,-3.9171,-1.1618
1.825,-3.9302,-1.1616
1.826,-3.9433,-1.1615
1.827,-3.9564,-1.1616
1.828,-3.9695,-1.1615
1.829,-3.9826,-1.1615
1.83,-3.9957,-1.1614
1.831,-4.0089,-1.1615
1.832,-4.0221,-1.1615
1.833,-4.0352,-1.1615
1.834,-4.0484,-1.1613
1.835,-4.0617,-1.1612
1.836,-4.0749,-1.1612
1.837,-4.0881,-1.1613
1.838,-4.1014,-1.1612
1.839,-4.1147,-1.161
1.84,-4.128,-1.161
1.841,-4.1413,-1.161
1.842,-4.1546,-1.161
1.843,-4.1679,-1.1609
1.844,-4.1813,-1.1608
1.845,-4.1947,-1.1607
1.846,-4.208,-1.1607
1.847,-4.2214,-1.1605
1.848,-4.2349,-1.1605
1.849,-4.2483,-1.1605
1.85,-4.2617,-1.1605
1.851,-4.2752,-1.1604
1.852,-4.2887,-1.1602
1.853,-4.3022,-1.1602
1.854,-4.3157,-1.16
1.855,-4.3292,-1.16
1.856,-4.3427,-1.16
1.857,-4.3563,-1.1599
1.858,-4.3698,-1.1597
1.859,-4.3834,-1.1597
1.86,-4.397,-1.1596
1.861,-4.4106,-1.1596
1.862,-4.4242,-1.1594
1.863,-4.4379,-1.1593
1.864,-4.4515,-1.1593
1.865,-4.4652,-1.159
1.866,-4.4789,-1.1589
1.867,-4.4926,-1.1588
1.868,-4.5063,-1.1588
1.869,-4.52,-1.1587
1.87,-4.5338,-1.1587
1.871,-4.5475,-1.1584
1.872,-4.5613,-1.1585
1.873,-4.5751,-1.1582
1.874,-4.5889,-1.1581
1.875,-4.6027,-1.158
1.876,-4.6166,-1.158
1.877,-4.6304,-1.1579
1.878,-4.6443,-1.1576
1.879,-4.6582,-1.1576
1.88,-4.6721,-1.1575
1.881,-4.686,-1.1573
1.882,-4.6999,-1.1573
1.883,-4.7138,-1.1571
1.884,-4.7278,-1.157
1.885,-4.7417,-1.1568
1.886,-4.7557,-1.1567
1.887,-4.7697,-1.1565
1.888,-4.7837,-1.1564
1.889,-4.7977,-1.1563
1.89,-4.8118,-1.1562
1.891,-4.8258,-1.1559
1.892,-4.8399,-1.1558
1.893,-4.854,-1.1556
1.894,-4.8681,-1.1556
1.895,-4.8822,-1.1555
1.896,-4.8963,-1.1552
1.897,-4.9105,-1.155
1.898,-4.9246,-1.1548
1.899,-4.9388,-1.1548
1.9,-4.953,-1.1547
1.901,-4.9672,-1.1545
1.902,-4.9814,-1.1544
1.903,-4.9956,-1.1541
1.904,-5.0099,-1.1539
1.905,-5.0241,-1.1537
1.906,-5.0384,-1.1538
1.907,-5.0527,-1.1536
1.908,-5.067,-1.1534
1.909,-5.0813,-1.1532
1.91,-5.0956,-1.153
1.911,-5.1099,-1.1529
1.912,-5.1243,-1.1525
1.913,-5.1387,-1.1524
1.914,-5.1531,-1.1523
1.915,-5.1674,-1.1521
1.916,-5.1819,-1.152
1.917,-5.1963,-1.1518
1.918,-5.2107,-1.1517
1.919,-5.2252,-1.1513
1.92,-5.2396,-1.1512
1.921,-5.2541,-1.151
1.922,-5.2686,-1.1509
1.923,-5.2831,-1.1505
1.924,-5.2977,-1.1506
1.925,-5.3122,-1.1503
1.926,-5.3267,-1.1501
1.927,-5.3413,-1.1498
1.928,-5.3559,-1.1496
1.929,-5.3705,-1.1496
1.93,-5.3851,-1.1493
1.931,-5.3997,-1.1492
1.932,-5.4143,-1.1488
1.933,-5.429,-1.1487
1.934,-5.4436,-1.1484
1.935,-5.4583,-1.1484
1.936,-5.473,-1.1481
1.937,-5.4877,-1.1479
1.938,-5.5024,-1.1477
1.939,-5.5171,-1.1475
1.94,-5.5319,-1.1472
1.941,-5.5466,-1.1471
1.942,-5.5614,-1.1469
1.943,-5.5762,-1.1466
1.944,-5.591,-1.1464
1.945,-5.6058,-1.1463
1.946,-5.6206,-1.1458
1.947,-5.6354,-1.1457
1.948,-5.6503,-1.1455
1.949,-5.6652,-1.1454
1.95,-5.68,-1.145
1.951,-5.6949,-1.1449
1.952,-5.7098,-1.1445
1.953,-5.7247,-1.1444
1.954,-5.7397,-1.1441
1.955,-5.7546,-1.144
1.956,-5.7696,-1.1437
1.957,-5.7845,-1.1435
1.958,-5.7995,-1.1432
1.959,-5.8145,-1.143
1.96,-5.8295,-1.1428
1.961,-5.8445,-1.1426
1.962,-5.8596,-1.1423
1.963,-5.8746,-1.1421
1.964,-5.8897,-1.1419
1.965,-5.9047,-1.1415
1.966,-5.9198,-1.1414
1.967,-5.9349,-1.1412
1.968,-5.95,-1.1409
1.969,-5.9651,-1.1406
1.97,-5.9803,-1.1405
1.971,-5.9954,-1.1402
1.972,-6.0106,-1.1399
1.973,-6.0258,-1.1397
1.974,-6.041,-1.1395
1.975,-6.0561,-1.1393
1.976,-6.0714,-1.1389
1.977,-6.0866,-1.1386
1.978,-6.1018,-1.1384
1.979,-6.1171,-1.1382
1.98,-6.1323,-1.1379
1.981,-6.1476,-1.1377
1.982,-6.1629,-1.1374
1.983,-6.1782,-1.1373
1.984,-6.1935,-1.1369
1.985,-6.2088,-1.1366
1.986,-6.2242,-1.1363
1.987,-6.2395,-1.1362
1.988,-6.2549,-1.136
1.989,-6.2702,-1.1357
1.99,-6.2856,-1.1353
1.991,-6.301,-1.1351
1.992,-6.3164,-1.1349
1.993,-6.3318,-1.1345
1.994,-6.3473,-1.1344
1.995,-6.3627,-1.1341
1.996,-6.3782,-1.1339
1.997,-6.3936,-1.1335
1.998,-6.4091,-1.1332
1.999,-6.4246,-1.133
2,-6.4401,-1.1328
2.001,-6.4556,-1.1325
2.002,-6.4712,-1.1321
2.003,-6.4867,-1.1321
2.004,-6.5022,-1.1317
2.005,-6.5178,-1.1315
2.006,-6.5334,-1.1311
2.007,-6.549,-1.1309
2.008,-6.5646,-1.1306
2.009,-6.5802,-1.1304
2.01,-6.5958,-1.1302
2.011,-6.6114,-1.1299
2.012,-6.6271,-1.1295
2.013,-6.6427,-1.1293
2.014,-6.6584,-1.1291
2.015,-6.6741,-1.1288
2.016,-6.6897,-1.1284
2.017,-6.7054,-1.1283
2.018,-6.7212,-1.1279
2.019,-6.7369,-1.1276
2.02,-6.7526,-1.1273
2.021,-6.7684,-1.127
2.022,-6.7841,-1.1268
2.023,-6.7999,-1.1264
2.024,-6.8157,-1.1261
2.025,-6.8314,-1.126
2.026,-6.8472,-1.1256
2.027,-6.8631,-1.1254
2.028,-6.8789,-1.1252
2.029,-6.8947,-1.1248
2.03,-6.9106,-1.1247
2.031,-6.9264,-1.1243
2.032,-6.9423,-1.124
2.033,-6.9582,-1.1237
2.034,-6.974,-1.1235
2.035,-6.9899,-1.1231
2.036,-7.0058,-1.123
2.037,-7.0218,-1.1226
2.038,-7.0377,-1.1224
2.039,-7.0536,-1.1221
2.04,-7.0696,-1.1219
2.041,-7.0855,-1.1214
2.042,-7.1015,-1.1213
2.043,-7.1175,-1.121
2.044,-7.1335,-1.1206
2.045,-7.1495,-1.1204
2.046,-7.1655,-1.1202
2.047,-7.1815,-1.1198
2.048,-7.1976,-1.1195
2.049,-7.2136,-1.1192
2.05,-7.2297,-1.1191
2.051,-7.2457,-1.1186
2.052,-7.2618,-1.1184
2.053,-7.2779,-1.118
2.054,-7.294,-1.1178
2.055,-7.3101,-1.1175
2.056,-7.3262,-1.1174
2.057,-7.3423,-1.1171
2.058,-7.3584,-1.1166
2.059,-7.3746,-1.1165
2.06,-7.3907,-1.1161
2.061,-7.4069,-1.1158
2.062,-7.4231,-1.1157
2.063,-7.4393,-1.1153
2.064,-7.4555,-1.1151
2.065,-7.4717,-1.1148
2.066,-7.4879,-1.1145
2.067,-7.5041,-1.1142
2.068,-7.5203,-1.1138
2.069,-7.5366,-1.1135
2.07,-7.5528,-1.1134
2.071,-7.5691,-1.113
2.072,-7.5853,-1.1129
2.073,-7.6016,-1.1125
2.074,-7.6179,-1.1123
2.075,-7.6342,-1.112
2.076,-7.6505,-1.1116
2.077,-7.6668,-1.1114
2.078,-7.6831,-1.1112
2.079,-7.6995,-1.1109
2.08,-7.7158,-1.1105
2.081,-7.7322,-1.1103
2.082,-7.7485,-1.1101
2.083,-7.7649,-1.1097
2.084,-7.7813,-1.1095
2.085,-7.7976,-1.1092
2.086,-7.814,-1.1089
2.087,-7.8304,-1.1087
2.088,-7.8469,-1.1085
2.089,-7.8633,-1.1081
2.09,-7.8797,-1.1079
2.091,-7.8961,-1.1077
2.092,-7.9126,-1.1073
2.093,-7.929,-1.107
2.094,-7.9455,-1.1067
2.095,-7.962,-1.1065
2.096,-7.9785,-1.1062
2.097,-7.9949,-1.106
2.098,-8.0114,-1.1058
2.099,-8.0279,-1.1055
2.1,-8.0445,-1.1051
2.101,-8.061,-1.105
2.102,-8.0775,-1.1047
2.103,-8.094,-1.1044
2.104,-8.1106,-1.1042
2.105,-8.1271,-1.1039
2.106,-8.1437,-1.1036
2.107,-8.1603,-1.1034
2.108,-8.1768,-1.103
2.109,-8.1934,-1.1029
2.11,-8.21,-1.1026
2.111,-8.2266,-1.1023
2.112,-8.2432,-1.1019
2.113,-8.2598,-1.1017
2.114,-8.2765,-1.1014
2.115,-8.2931,-1.1012
2.116,-8.3097,-1.1009
2.117,-8.3264,-1.1007
2.118,-8.343,-1.1004
2.119,-8.3597,-1.1002
2.12,-8.3764,-1.1
2.121,-8.393,-1.0998
2.122,-8.4097,-1.0994
2.123,-8.4264,-1.0993
2.124,-8.4431,-1.0991
2.125,-8.4598,-1.0988
2.126,-8.4765,-1.0985
2.127,-8.4932,-1.0984
2.128,-8.51,-1.0979
2.129,-8.5267,-1.0979
2.13,-8.5434,-1.0975
2.131,-8.5602,-1.0972
2.132,-8.5769,-1.097
2.133,-8.5937,-1.0968
2.134,-8.6105,-1.0966
2.135,-8.6272,-1.0964
2.136,-8.644,-1.0961
2.137,-8.6608,-1.096
2.138,-8.6776,-1.0957
2.139,-8.6944,-1.0954
2.14,-8.7112,-1.0953
2.141,-8.728,-1.095
2.142,-8.7448,-1.0949
2.143,-8.7617,-1.0946
2.144,-8.7785,-1.0944
2.145,-8.7953,-1.0941
2.146,-8.8122,-1.0939
2.147,-8.829,-1.0937
2.148,-8.8459,-1.0934
2.149,-8.8627,-1.0934
2.15,-8.8796,-1.093
2.151,-8.8965,-1.0929
2.152,-8.9134,-1.0926
2.153,-8.9303,-1.0925
2.154,-8.9471,-1.0922
2.155,-8.964,-1.0919
2.156,-8.981,-1.0917
2.157,-8.9979,-1.0917
2.158,-9.0148,-1.0914
2.159,-9.0317,-1.0911
2.16,-9.0486,-1.0911
2.161,-9.0656,-1.0909
2.162,-9.0825,-1.0906
2.163,-9.0994,-1.0905
2.164,-9.1164,-1.0902
2.165,-9.1333,-1.0901
2.166,-9.1501,-1.0898
2.167,-9.1666,-1.0895
2.168,-9.1831,-1.0891
2.169,-9.1996,-1.0889
2.17,-9.2161,-1.0886
2.171,-9.2327,-1.0883
2.172,-9.2492,-1.0877
2.173,-9.2658,-1.0876
2.174,-9.2824,-1.0871
2.175,-9.299,-1.0868
2.176,-9.3156,-1.0866
2.177,-9.3322,-1.0861
2.178,-9.3488,-1.0859
2.179,-9.3655,-1.0856
2.18,-9.3821,-1.0852
2.181,-9.3988,-1.085
2.182,-9.4155,-1.0846
2.183,-9.4321,-1.0842
2.184,-9.4488,-1.0839
2.185,-9.4656,-1.0835
2.186,-9.4823,-1.0832
2.187,-9.499,-1.083
2.188,-9.5158,-1.0826
2.189,-9.5325,-1.0823
2.19,-9.5493,-1.0822
2.191,-9.5661,-1.0817
2.192,-9.5829,-1.0816
2.193,-9.5997,-1.0812
2.194,-9.6165,-1.0808
2.195,-9.6333,-1.0805
2.196,-9.6501,-1.0802
2.197,-9.667,-1.0799
2.198,-9.6838,-1.0798
2.199,-9.7007,-1.0794
2.2,-9.7176,-1.0791
2.201,-9.7345,-1.0788
2.202,-9.7514,-1.0786
2.203,-9.7683,-1.0784
2.204,-9.7852,-1.078
2.205,-9.8021,-1.0777
2.206,-9.8191,-1.0776
2.207,-9.836,-1.0772
2.208,-9.853,-1.077
2.209,-9.87,-1.0768
2.21,-9.887,-1.0764
2.211,-9.904,-1.0762
2.212,-9.921,-1.0759
2.213,-9.938,-1.0756
2.214,-9.955,-1.0753
2.215,-9.9721,-1.075
2.216,-9.9891,-1.0748
2.217,-10.006,-1.0747
2.218,-10.023,-1.0744
2.219,-10.04,-1.0742
2.22,-10.057,-1.0738
2.221,-10.075,-1.0737
2.222,-10.092,-1.0734
2.223,-10.109,-1.0731
2.224,-10.126,-1.0729
2.225,-10.143,-1.0726
2.226,-10.16,-1.0726
2.227,-10.177,-1.0724
2.228,-10.195,-1.0721
2.229,-10.212,-1.0717
2.23,-10.229,-1.0716
2.231,-10.246,-1.0714
2.232,-10.263,-1.0712
2.233,-10.281,-1.0711
2.234,-10.298,-1.0708
2.235,-10.315,-1.0706
2.236,-10.332,-1.0705
2.237,-10.349,-1.0702
2.238,-10.367,-1.0701
2.239,-10.384,-1.0699
2.24,-10.401,-1.0697
2.241,-10.419,-1.0694
2.242,-10.436,-1.0692
2.243,-10.453,-1.069
2.244,-10.471,-1.069
2.245,-10.488,-1.0686
2.246,-10.505,-1.0686
2.247,-10.523,-1.0685
2.248,-10.54,-1.0683
2.249,-10.557,-1.068
2.25,-10.575,-1.068
2.251,-10.592,-1.0679
2.252,-10.609,-1.0677
2.253,-10.627,-1.0676
2.254,-10.644,-1.0672
2.255,-10.662,-1.0672
2.256,-10.679,-1.067
2.257,-10.697,-1.0669
2.258,-10.714,-1.0668
2.259,-10.731,-1.0668
2.26,-10.749,-1.0665
2.261,-10.766,-1.0664
2.262,-10.784,-1.0663
2.263,-10.801,-1.0663
2.264,-10.819,-1.066
2.265,-10.836,-1.0659
2.266,-10.854,-1.0658
2.267,-10.871,-1.0659
2.268,-10.889,-1.0658
2.269,-10.906,-1.0657
2.27,-10.924,-1.0655
2.271,-10.942,-1.0654
2.272,-10.959,-1.0653
2.273,-10.977,-1.0653
2.274,-10.994,-1.0652
2.275,-11.012,-1.0651
2.276,-11.029,-1.0651
2.277,-11.047,-1.065
2.278,-11.065,-1.0648
2.279,-11.082,-1.065
2.28,-11.1,-1.0648
2.281,-11.117,-1.0648
2.282,-11.135,-1.0647
2.283,-11.153,-1.0647
2.284,-11.17,-1.0646
2.285,-11.188,-1.0645
2.286,-11.206,-1.0646
2.287,-11.223,-1.0644
2.288,-11.241,-1.0645
2.289,-11.259,-1.0644
2.29,-11.276,-1.0644
2.291,-11.294,-1.0644
2.292,-11.312,-1.0645
2.293,-11.33,-1.0644
2.294,-11.347,-1.0644
2.295,-11.365,-1.0645
2.296,-11.383,-1.0645
2.297,-11.4,-1.0646
2.298,-11.418,-1.0646
2.299,-11.436,-1.0646
2.3,-11.454,-1.0646
2.301,-11.471,-1.0645
2.302,-11.489,-1.0646
2.303,-11.507,-1.0648
2.304,-11.525,-1.0648
2.305,-11.543,-1.0648
2.306,-11.56,-1.0647
2.307,-11.578,-1.0649
2.308,-11.596,-1.065
2.309,-11.614,-1.0651
2.31,-11.632,-1.0652
2.311,-11.649,-1.0651
2.312,-11.667,-1.0652
2.313,-11.685,-1.0653
2.314,-11.703,-1.0656
2.315,-11.721,-1.0655
2.316,-11.739,-1.0657
2.317,-11.756,-1.0657
2.318,-11.774,-1.0659
2.319,-11.792,-1.066
2.32,-11.81,-1.066
2.321,-11.828,-1.0662
2.322,-11.846,-1.0663
2.323,-11.864,-1.0666
2.324,-11.882,-1.0666
2.325,-11.9,-1.0668
2.326,-11.917,-1.0669
2.327,-11.935,-1.0671
2.328,-11.953,-1.0672
2.329,-11.971,-1.0674
2.33,-11.989,-1.0676
2.331,-12.007,-1.0677
2.332,-12.025,-1.068
2.333,-12.043,-1.0682
2.334,-12.061,-1.0682
2.335,-12.079,-1.0685
2.336,-12.097,-1.0687
2.337,-12.115,-1.0689
2.338,-12.133,-1.0691
2.339,-12.151,-1.0694
2.34,-12.169,-1.0696
2.341,-12.187,-1.0697
2.342,-12.205,-1.07
2.343,-12.222,-1.0703
2.344,-12.24,-1.0706
2.345,-12.258,-1.0707
2.346,-12.276,-1.0709
2.347,-12.294,-1.0713
2.348,-12.312,-1.0715
2.349,-12.33,-1.0716
2.35,-12.348,-1.0719
2.351,-12.366,-1.0722
2.352,-12.384,-1.0726
2.353,-12.402,-1.0728
2.354,-12.42,-1.0731
2.355,-12.439,-1.0734
2.356,-12.457,-1.0738
2.357,-12.475,-1.074
2.358,-12.493,-1.0743
2.359,-12.511,-1.0747
2.36,-12.529,-1.0751
2.361,-12.547,-1.0754
2.362,-12.565,-1.0758
2.363,-12.583,-1.0761
2.364,-12.601,-1.0765
2.365,-12.619,-1.0769
2.366,-12.637,-1.0771
2.367,-12.655,-1.0774
2.368,-12.673,-1.0779
2.369,-12.691,-1.0784
2.37,-12.709,-1.0786
2.371,-12.727,-1.0791
2.372,-12.745,-1.0794
2.373,-12.763,-1.08
2.374,-12.781,-1.0803
2.375,-12.8,-1.0807
2.376,-12.818,-1.0811
2.377,-12.836,-1.0817
2.378,-12.854,-1.0819
2.379,-12.872,-1.0824
2.38,-12.89,-1.083
2.381,-12.908,-1.0834
2.382,-12.926,-1.0838
2.383,-12.944,-1.0842
2.384,-12.962,-1.0848
2.385,-12.98,-1.0852
2.386,-12.998,-1.0856
2.387,-13.017,-1.0862
2.388,-13.035,-1.0868
2.389,-13.053,-1.0873
2.39,-13.071,-1.0877
2.391,-13.089,-1.0884
2.392,-13.107,-1.0887
2.393,-13.125,-1.0892
2.394,-13.143,-1.0898
2.395,-13.161,-1.0904
2.396,-13.179,-1.091
2.397,-13.197,-1.0915
2.398,-13.216,-1.0922
2.399,-13.234,-1.0926
2.4,-13.252,-1.0933
2.401,-13.27,-1.0939
2.402,-13.288,-1.0945
2.403,-13.306,-1.0949
2.404,-13.324,-1.0957
2.405,-13.342,-1.0963
2.406,-13.36,-1.0968
2.407,-13.378,-1.0974
2.408,-13.397,-1.0982
2.409,-13.415,-1.0989
2.41,-13.433,-1.0993
2.411,-13.451,-1.1
2.412,-13.469,-1.1007
2.413,-13.487,-1.1015
2.414,-13.505,-1.1021
2.415,-13.523,-1.1028
2.416,-13.541,-1.1036
2.417,-13.559,-1.1042
2.418,-13.577,-1.1049
2.419,-13.596,-1.1057
2.42,-13.614,-1.1064
2.421,-13.632,-1.1071
2.422,-13.65,-1.1077
2.423,-13.668,-1.1086
2.424,-13.686,-1.1094
2.425,-13.704,-1.1101
2.426,-13.722,-1.1109
2.427,-13.74,-1.1116
2.428,-13.758,-1.1123
2.429,-13.776,-1.113
2.43,-13.794,-1.1139
2.431,-13.812,-1.1147
2.432,-13.831,-1.1154
2.433,-13.849,-1.1164
2.434,-13.867,-1.1171
2.435,-13.885,-1.1181
2.436,-13.903,-1.119
2.437,-13.921,-1.1196
2.438,-13.939,-1.1204
2.439,-13.957,-1.1215
2.44,-13.975,-1.1223
2.441,-13.993,-1.1232
2.442,-14.011,-1.124
2.443,-14.029,-1.125
2.444,-14.047,-1.1259
2.445,-14.065,-1.1266
2.446,-14.083,-1.1278
2.447,-14.101,-1.1285
2.448,-14.119,-1.1295
2.449,-14.137,-1.1305
2.45,-14.155,-1.1313
2.451,-14.173,-1.1323
2.452,-14.191,-1.1333
2.453,-14.209,-1.1343
2.454,-14.227,-1.1352
2.455,-14.245,-1.1362
2.456,-14.263,-1.1372
2.457,-14.281,-1.1384
2.458,-14.299,-1.1394
2.459,-14.317,-1.1405
2.46,-14.335,-1.1414
2.461,-14.353,-1.1423
2.462,-14.371,-1.1434
2.463,-14.389,-1.1445
2.464,-14.407,-1.1456
2.465,-14.425,-1.1467
2.466,-14.443,-1.1478
2.467,-14.461,-1.1489
2.468,-14.479,-1.1498
2.469,-14.497,-1.1511
2.47,-14.515,-1.1522
2.471,-14.532,-1.1534
2.472,-14.55,-1.1543
2.473,-14.568,-1.1556
2.474,-14.586,-1.1567
2.475,-14.604,-1.1579
2.476,-14.622,-1.1589
2.477,-14.64,-1.1602
2.478,-14.658,-1.1615
2.479,-14.676,-1.1626
2.48,-14.693,-1.1638
2.481,-14.711,-1.1651
2.482,-14.729,-1.1661
2.483,-14.747,-1.1674
2.484,-14.765,-1.1686
2.485,-14.783,-1.1699
2.486,-14.8,-1.1712
2.487,-14.818,-1.1724
2.488,-14.836,-1.1738
2.489,-14.854,-1.1749
2.49,-14.872,-1.1763
2.491,-14.889,-1.1776
2.492,-14.907,-1.179
2.493,-14.925,-1.1801
2.494,-14.943,-1.1816
2.495,-14.96,-1.1828
2.496,-14.978,-1.1842
2.497,-14.996,-1.1856
2.498,-15.014,-1.1869
2.499,-15.031,-1.1884
2.5,-15.049,-1.1898
2.501,-15.067,-1.1912
2.502,-15.084,-1.1926
2.503,-15.102,-1.1938
2.504,-15.12,-1.1953
2.505,-15.137,-1.1968
2.506,-15.155,-1.1983
2.507,-15.173,-1.1996
2.508,-15.19,-1.201
2.509,-15.208,-1.2027
2.51,-15.226,-1.204
2.511,-15.243,-1.2055
2.512,-15.261,-1.2071
2.513,-15.278,-1.2087
2.514,-15.296,-1.2101
2.515,-15.313,-1.2116
2.516,-15.331,-1.2131
2.517,-15.349,-1.2146
2.518,-15.366,-1.2164
2.519,-15.384,-1.2177
2.52,-15.401,-1.2194
2.521,-15.419,-1.2209
2.522,-15.436,-1.2227
2.523,-15.454,-1.2241
2.524,-15.471,-1.2257
2.525,-15.488,-1.2274
2.526,-15.506,-1.2292
2.527,-15.523,-1.2307
2.528,-15.541,-1.2325
2.529,-15.558,-1.2341
2.53,-15.576,-1.2358
2.531,-15.593,-1.2374
2.532,-15.61,-1.2392
2.533,-15.628,-1.2408
2.534,-15.645,-1.2425
2.535,-15.662,-1.2443
2.536,-15.68,-1.2461
2.537,-15.697,-1.2477
2.538,-15.714,-1.2494
2.539,-15.732,-1.2512
2.54,-15.749,-1.2531
2.541,-15.766,-1.2548
2.542,-15.783,-1.2566
2.543,-15.801,-1.2584
2.544,-15.818,-1.2603
2.545,-15.835,-1.2621
2.546,-15.852,-1.2639
2.547,-15.869,-1.2657
2.548,-15.887,-1.2676
2.549,-15.904,-1.2695
2.55,-15.921,-1.2715
2.551,-15.938,-1.2733
2.552,-15.955,-1.2751
2.553,-15.972,-1.2771
2.554,-15.989,-1.279
2.555,-16.006,-1.281
2.556,-16.023,-1.283
2.557,-16.04,-1.2848
2.558,-16.057,-1.2869
2.559,-16.074,-1.2887
2.56,-16.091,-1.2907
2.561,-16.108,-1.2928
2.562,-16.125,-1.2948
2.563,-16.142,-1.2968
2.564,-16.159,-1.2989
2.565,-16.176,-1.3008
2.566,-16.193,-1.303
2.567,-16.21,-1.3051
2.568,-16.226,-1.3072
2.569,-16.243,-1.3092
2.57,-16.26,-1.3114
2.571,-16.277,-1.3134
2.572,-16.294,-1.3155
2.573,-16.31,-1.3176
2.574,-16.327,-1.3199
2.575,-16.344,-1.3219
2.576,-16.361,-1.3243
2.577,-16.377,-1.3263
2.578,-16.394,-1.3284
2.579,-16.411,-1.3307
2.58,-16.427,-1.333
2.581,-16.444,-1.3352
2.582,-16.46,-1.3375
2.583,-16.477,-1.3398
2.584,-16.494,-1.342
2.585,-16.51,-1.3441
2.586,-16.527,-1.3463
2.587,-16.543,-1.3487
2.588,-16.56,-1.3511
2.589,-16.576,-1.3534
2.59,-16.592,-1.3558
2.591,-16.609,-1.358
2.592,-16.625,-1.3602
2.593,-16.642,-1.3628
2.594,-16.658,-1.3651
2.595,-16.674,-1.3675
2.596,-16.691,-1.3698
2.597,-16.707,-1.3723
2.598,-16.723,-1.3747
2.599,-16.739,-1.377
2.6,-16.756,-1.3795
2.601,-16.772,-1.382
2.602,-16.788,-1.3846
2.603,-16.804,-1.3871
2.604,-16.82,-1.3893
2.605,-16.836,-1.392
2.606,-16.852,-1.3943
2.607,-16.869,-1.3971
2.608,-16.885,-1.3995
2.609,-16.901,-1.402
2.61,-16.917,-1.4047
2.611,-16.933,-1.4073
2.612,-16.948,-1.4099
2.613,-16.964,-1.4125
2.614,-16.98,-1.415
2.615,-16.996,-1.4177
2.616,-17.012,-1.4202
2.617,-17.028,-1.4228
2.618,-17.044,-1.4256
2.619,-17.059,-1.4281
2.62,-17.075,-1.4309
2.621,-17.091,-1.4336
2.622,-17.106,-1.4364
2.623,-17.122,-1.4391
2.624,-17.138,-1.4416
2.625,-17.153,-1.4446
2.626,-17.169,-1.4473
2.627,-17.185,-1.45
2.628,-17.2,-1.4529
2.629,-17.216,-1.4555
2.63,-17.231,-1.4583
2.631,-17.246,-1.4612
2.632,-17.262,-1.464
2.633,-17.277,-1.4669
2.634,-17.293,-1.4697
2.635,-17.308,-1.4725
2.636,-17.323,-1.4755
2.637,-17.339,-1.4784
2.638,-17.354,-1.4812
2.639,-17.369,-1.4842
2.64,-17.384,-1.4872
2.641,-17.399,-1.49
2.642,-17.415,-1.4931
2.643,-17.43,-1.496
2.644,-17.445,-1.4991
2.645,-17.46,-1.5021
2.646,-17.475,-1.5049
2.647,-17.49,-1.5081
2.648,-17.505,-1.5109
2.649,-17.52,-1.514
2.65,-17.534,-1.5171
2.651,-17.549,-1.5201
2.652,-17.564,-1.5233
2.653,-17.579,-1.5264
2.654,-17.594,-1.5296
2.655,-17.608,-1.5326
2.656,-17.623,-1.5357
2.657,-17.638,-1.539
2.658,-17.652,-1.5422
2.659,-17.667,-1.5453
2.66,-17.681,-1.5485
2.661,-17.696,-1.5516
2.662,-17.71,-1.5549
2.663,-17.725,-1.558
2.664,-17.739,-1.5612
2.665,-17.754,-1.5646
2.666,-17.768,-1.5678
2.667,-17.782,-1.571
2.668,-17.797,-1.5745
2.669,-17.811,-1.5777
2.67,-17.825,-1.5811
2.671,-17.839,-1.5844
2.672,-17.853,-1.5877
2.673,-17.867,-1.5909
2.674,-17.881,-1.5944
2.675,-17.895,-1.5977
2.676,-17.909,-1.601
2.677,-17.923,-1.6047
2.678,-17.937,-1.6076
2.679,-17.951,-1.6108
2.68,-17.965,-1.6137
2.681,-17.979,-1.6171
2.682,-17.993,-1.6201
2.683,-18.007,-1.6234
2.684,-18.021,-1.6265
2.685,-18.034,-1.6296
2.686,-18.048,-1.6326
2.687,-18.062,-1.6359
2.688,-18.075,-1.6392
2.689,-18.089,-1.6424
2.69,-18.102,-1.6457
2.691,-18.116,-1.6487
2.692,-18.129,-1.6522
2.693,-18.142,-1.6553
2.694,-18.156,-1.6586
2.695,-18.169,-1.662
2.696,-18.182,-1.6653
2.697,-18.196,-1.6685
2.698,-18.209,-1.672
2.699,-18.222,-1.6753
2.7,-18.235,-1.6785
2.701,-18.248,-1.6819
2.702,-18.261,-1.6852
2.703,-18.274,-1.6886
2.704,-18.287,-1.6922
2.705,-18.3,-1.6956
2.706,-18.313,-1.699
2.707,-18.325,-1.7023
2.708,-18.338,-1.7059
2.709,-18.351,-1.7094
2.71,-18.363,-1.713
2.711,-18.376,-1.7163
2.712,-18.388,-1.7198
2.713,-18.401,-1.7232
2.714,-18.413,-1.7268
2.715,-18.426,-1.7302
2.716,-18.438,-1.7338
2.717,-18.45,-1.7374
2.718,-18.463,-1.7412
2.719,-18.475,-1.7446
2.72,-18.487,-1.7483
2.721,-18.499,-1.7519
2.722,-18.511,-1.7556
2.723,-18.523,-1.7591
2.724,-18.535,-1.7627
2.725,-18.547,-1.7665
2.726,-18.559,-1.7699
2.727,-17.626,-1.0819
2.728,-17.639,-1.0868
2.729,-17.653,-1.0915
2.73,-17.666,-1.0965
2.731,-17.679,-1.1011
2.732,-17.692,-1.1062
2.733,-17.705,-1.111
2.734,-17.718,-1.116
2.735,-17.731,-1.1208
2.736,-17.744,-1.1256
2.737,-17.757,-1.1305
2.738,-17.77,-1.1354
2.739,-17.783,-1.1403
2.74,-17.796,-1.1454
2.741,-17.809,-1.1503
2.742,-17.821,-1.1553
2.743,-17.834,-1.1602
2.744,-17.847,-1.1651
2.745,-17.859,-1.1702
2.746,-17.872,-1.1752
2.747,-17.884,-1.1801
2.748,-17.897,-1.1852
2.749,-17.909,-1.1902
2.75,-17.921,-1.1953
2.751,-17.934,-1.2003
2.752,-17.946,-1.2052
2.753,-17.958,-1.2103
2.754,-17.97,-1.2156
2.755,-17.982,-1.2207
2.756,-17.994,-1.2257
2.757,-18.006,-1.2307
2.758,-18.018,-1.2358
2.759,-18.03,-1.2409
2.76,-18.042,-1.2462
2.761,-18.053,-1.2513
2.762,-18.065,-1.2565
2.763,-18.077,-1.2615
2.764,-18.088,-1.2668
2.765,-18.1,-1.272
2.766,-18.111,-1.2774
2.767,-18.123,-1.2825
2.768,-18.134,-1.2878
2.769,-18.146,-1.2927
2.77,-18.157,-1.2982
2.771,-18.168,-1.3033
2.772,-18.179,-1.3086
2.773,-18.19,-1.3139
2.774,-18.201,-1.3193
2.775,-18.213,-1.3245
2.776,-18.223,-1.3297
2.777,-18.234,-1.3349
2.778,-18.245,-1.3403
2.779,-18.256,-1.3459
2.78,-18.267,-1.351
2.781,-18.277,-1.3564
2.782,-18.288,-1.3617
2.783,-18.299,-1.3673
2.784,-18.309,-1.3726
2.785,-18.319,-1.378
2.786,-18.33,-1.3834
2.787,-18.34,-1.3888
2.788,-18.35,-1.3943
2.789,-18.361,-1.3995
2.79,-18.371,-1.4051
2.791,-18.381,-1.4104
2.792,-18.391,-1.4158
2.793,-18.401,-1.4214
2.794,-18.411,-1.4269
2.795,-18.421,-1.4326
2.796,-18.43,-1.4378
2.797,-18.44,-1.4433
2.798,-18.45,-1.449
2.799,-18.459,-1.4545
2.8,-18.469,-1.4599
2.801,-18.478,-1.4656
2.802,-18.488,-1.4711
2.803,-18.497,-1.4766
2.804,-18.506,-1.4822
2.805,-18.515,-1.4879
2.806,-18.525,-1.4934
2.807,-18.534,-1.4989
2.808,-18.543,-1.5047
2.809,-18.552,-1.5104
2.81,-18.561,-1.5159
2.811,-18.569,-1.5216
2.812,-18.578,-1.5275
2.813,-18.587,-1.5329
2.814,-18.595,-1.5386
2.815,-18.604,-1.5444
2.816,-18.612,-1.5499
2.817,-18.621,-1.5558
2.818,-18.629,-1.5615
2.819,-18.637,-1.5671
2.82,-18.646,-1.5728
2.821,-18.654,-1.5787
2.822,-18.662,-1.5844
2.823,-18.67,-1.59
2.824,-18.678,-1.5959
2.825,-18.686,-1.6016
2.826,-18.693,-1.6075
2.827,-18.701,-1.6135
2.828,-18.709,-1.6193
2.829,-18.716,-1.6248
2.83,-18.724,-1.6306
2.831,-18.731,-1.6367
2.832,-18.739,-1.6425
2.833,-18.746,-1.6484
2.834,-18.753,-1.6541
2.835,-18.76,-1.6599
2.836,-18.767,-1.6658
2.837,-18.774,-1.6717
2.838,-18.781,-1.6776
2.839,-18.788,-1.6836
2.84,-18.795,-1.6894
2.841,-18.801,-1.6954
2.842,-18.808,-1.7015
2.843,-18.814,-1.7072
2.844,-18.821,-1.7132
2.845,-18.827,-1.7193
2.846,-18.833,-1.7252
2.847,-18.84,-1.7313
2.848,-18.846,-1.7372
2.849,-18.852,-1.7433
2.85,-18.858,-1.7492
2.851,-18.864,-1.7551
2.852,-18.869,-1.7612
2.853,-18.875,-1.7673
2.854,-18.881,-1.7733
2.855,-18.886,-1.7793
2.856,-18.892,-1.7853
2.857,-18.897,-1.7912
2.858,-18.903,-1.7973
2.859,-18.908,-1.8034
2.86,-18.913,-1.8096
2.861,-18.918,-1.8158
2.862,-18.923,-1.8219
2.863,-18.928,-1.828
2.864,-18.933,-1.8339
2.865,-18.937,-1.84
2.866,-18.942,-1.8461
2.867,-18.947,-1.8523
2.868,-18.951,-1.8585
2.869,-18.955,-1.8647
2.87,-18.96,-1.8707
2.871,-18.964,-1.8769
2.872,-18.968,-1.8832
2.873,-18.972,-1.8891
2.874,-18.976,-1.8956
2.875,-18.98,-1.9015
2.876,-18.984,-1.9078
2.877,-18.987,-1.9139
2.878,-18.991,-1.9201
2.879,-18.994,-1.9264
2.88,-18.998,-1.9326
2.881,-19.001,-1.9389
2.882,-19.004,-1.9452
2.883,-19.007,-1.9513
2.884,-19.01,-1.9578
2.885,-19.013,-1.9641
2.886,-19.016,-1.9703
2.887,-19.019,-1.9765
2.888,-19.021,-1.9828
2.889,-19.024,-1.9889
2.89,-19.026,-1.9954
2.891,-19.029,-2.0016
2.892,-19.031,-2.0077
2.893,-19.033,-2.0142
2.894,-19.035,-2.0206
2.895,-19.037,-2.0268
2.896,-19.039,-2.0332
2.897,-19.041,-2.0394
2.898,-19.042,-2.0456
2.899,-19.044,-2.0519
2.9,-19.045,-2.0585
2.901,-19.047,-2.0646
2.902,-19.048,-2.071
2.903,-19.049,-2.0772
2.904,-19.05,-2.0837
2.905,-19.051,-2.09
2.906,-19.052,-2.0966
2.907,-19.053,-2.1029
2.908,-19.053,-2.1094
2.909,-19.054,-2.1154
2.91,-19.054,-2.1218
2.911,-19.054,-2.1284
2.912,-19.055,-2.1349
2.913,-19.055,-2.1412
2.914,-19.055,-2.1476
2.915,-19.055,-2.1539
2.916,-19.054,-2.1604
2.917,-19.054,-2.1668
2.918,-19.054,-2.1729
2.919,-19.053,-2.1796
2.92,-19.053,-2.1861
2.921,-19.052,-2.1922
2.922,-19.051,-2.1988
2.923,-19.05,-2.205
2.924,-19.049,-2.2115
2.925,-19.048,-2.218
2.926,-19.046,-2.2245
2.927,-19.045,-2.2309
2.928,-19.043,-2.2372
2.929,-19.042,-2.2436
2.93,-19.04,-2.2502
2.931,-19.038,-2.2567
2.932,-19.036,-2.2631
2.933,-19.034,-2.2694
2.934,-19.032,-2.276
2.935,-19.029,-2.2822
2.936,-19.027,-2.2887
2.937,-19.024,-2.2951
2.938,-19.022,-2.3015
2.939,-19.019,-2.308
2.94,-19.016,-2.3146
2.941,-19.013,-2.321
2.942,-19.01,-2.3272
2.943,-19.006,-2.3336
2.944,-19.003,-2.3401
2.945,-18.999,-2.3467
2.946,-18.996,-2.353
2.947,-18.992,-2.3595
2.948,-18.988,-2.3659
2.949,-18.984,-2.3723
2.95,-18.98,-2.3789
2.951,-18.976,-2.3852
2.952,-18.971,-2.3917
2.953,-18.967,-2.398
2.954,-18.962,-2.4046
2.955,-18.957,-2.4112
2.956,-18.952,-2.4176
2.957,-18.947,-2.4236
2.958,-18.942,-2.4301
2.959,-18.937,-2.4368
2.96,-18.932,-2.4432
2.961,-18.926,-2.4495
2.962,-18.92,-2.456
2.963,-18.915,-2.4623
2.964,-18.909,-2.4688
2.965,-18.903,-2.4751
2.966,-18.896,-2.4813
2.967,-18.89,-2.4877
2.968,-18.884,-2.4943
2.969,-18.877,-2.5005
2.97,-18.87,-2.507
2.971,-18.864,-2.5134
2.972,-18.857,-2.5198
2.973,-18.849,-2.526
2.974,-18.842,-2.5326
2.975,-18.835,-2.5386
2.976,-18.827,-2.5451
2.977,-18.82,-2.5515
2.978,-18.812,-2.5579
2.979,-18.804,-2.564
2.98,-18.796,-2.5706
2.981,-18.788,-2.5768
2.982,-18.78,-2.5831
2.983,-18.771,-2.5892
2.984,-18.762,-2.5958
2.985,-18.754,-2.6021
2.986,-18.745,-2.6082
2.987,-18.736,-2.6146
2.988,-18.727,-2.6208
2.989,-18.717,-2.6273
2.99,-18.708,-2.6332
2.991,-18.698,-2.6394
2.992,-18.689,-2.6457
2.993,-18.679,-2.6522
2.994,-18.669,-2.6583
2.995,-18.659,-2.6644
2.996,-18.648,-2.6707
2.997,-18.638,-2.6768
2.998,-18.627,-2.6832
2.999,-18.617,-2.6892
3,-18.606,-2.6953
3.001,-18.595,-2.7013
3.002,-18.584,-2.7076
3.003,-18.572,-2.7137
3.004,-18.561,-2.7197
3.005,-18.549,-2.726
3.006,-18.538,-2.7322
3.007,-18.526,-2.7382
3.008,-18.514,-2.7443
3.009,-18.502,-2.7501
3.01,-18.489,-2.7564
3.011,-18.477,-2.7622
3.012,-18.464,-2.7682
3.013,-18.452,-2.7745
3.014,-18.439,-2.7805
3.015,-18.426,-2.7866
3.016,-18.412,-2.7922
3.017,-18.399,-2.7984
3.018,-18.385,-2.8041
3.019,-18.372,-2.8104
3.02,-18.358,-2.8161
3.021,-18.344,-2.8218
3.022,-18.33,-2.8278
3.023,-18.316,-2.8338
3.024,-18.301,-2.8394
3.025,-18.287,-2.8456
3.026,-18.272,-2.8513
3.027,-18.257,-2.8568
3.028,-18.242,-2.8626
3.029,-18.227,-2.8684
3.03,-18.212,-2.8742
3.031,-18.196,-2.8799
3.032,-18.18,-2.8858
3.033,-18.165,-2.8913
3.034,-18.149,-2.8972
3.035,-18.133,-2.9029
3.036,-18.116,-2.9083
3.037,-18.1,-2.914
3.038,-18.083,-2.9195
3.039,-18.067,-2.9253
3.04,-18.05,-2.9308
3.041,-18.033,-2.9362
3.042,-18.016,-2.9417
3.043,-17.998,-2.9475
3.044,-17.981,-2.9527
3.045,-17.963,-2.9582
3.046,-17.945,-2.9636
3.047,-17.927,-2.9692
3.048,-17.909,-2.9746
3.049,-17.891,-2.9799
3.05,-17.872,-2.9852
3.051,-17.854,-2.9906
3.052,-17.835,-2.996
3.053,-17.816,-3.0013
3.054,-17.797,-3.0066
3.055,-17.778,-3.0116
3.056,-17.758,-3.0169
3.057,-17.739,-3.0219
3.058,-17.719,-3.0272
3.059,-17.699,-3.0324
3.06,-17.679,-3.0375
3.061,-17.659,-3.0427
3.062,-17.639,-3.0474
3.063,-17.618,-3.0525
3.064,-17.597,-3.0578
3.065,-17.577,-3.0627
3.066,-17.556,-3.0677
3.067,-17.535,-3.0724
3.068,-17.513,-3.0773
3.069,-17.492,-3.0825
3.07,-17.47,-3.0872
3.071,-17.448,-3.0918
3.072,-17.426,-3.0969
3.073,-17.404,-3.1016
3.074,-17.382,-3.1063
3.075,-17.36,-3.111
3.076,-17.337,-3.1154
3.077,-17.314,-3.1203
3.078,-17.291,-3.1249
3.079,-17.268,-3.1295
3.08,-17.245,-3.134
3.081,-17.222,-3.1382
3.082,-17.198,-3.1429
3.083,-17.175,-3.1471
3.084,-17.151,-3.1516
3.085,-17.127,-3.1561
3.086,-17.103,-3.1605
3.087,-17.078,-3.1646
3.088,-17.054,-3.1691
3.089,-17.029,-3.1735
3.09,-17.004,-3.1774
3.091,-16.979,-3.1817
3.092,-16.954,-3.186
3.093,-16.929,-3.1897
3.094,-16.904,-3.1938
3.095,-16.878,-3.1982
3.096,-16.852,-3.2018
3.097,-16.826,-3.2061
3.098,-16.8,-3.2101
3.099,-16.774,-3.2139
3.1,-16.748,-3.2178
3.101,-16.721,-3.2212
3.102,-16.695,-3.2252
3.103,-16.668,-3.2289
3.104,-16.641,-3.2325
3.105,-16.614,-3.2365
3.106,-16.587,-3.24
3.107,-16.559,-3.2433
3.108,-16.532,-3.2468
3.109,-16.504,-3.2506
3.11,-16.476,-3.2538
3.111,-16.448,-3.2572
3.112,-16.42,-3.2606
3.113,-16.391,-3.2642
3.114,-16.363,-3.2671
3.115,-16.334,-3.2707
3.116,-16.305,-3.2738
3.117,-16.276,-3.2767
3.118,-16.247,-3.2799
3.119,-16.218,-3.2833
3.12,-16.189,-3.2861
3.121,-16.159,-3.2892
3.122,-16.129,-3.292
3.123,-16.1,-3.2948
3.124,-16.07,-3.2979
3.125,-16.04,-3.3004
3.126,-16.009,-3.3032
3.127,-15.979,-3.3062
3.128,-15.948,-3.3086
3.129,-15.918,-3.3115
3.13,-15.887,-3.3137
3.131,-15.856,-3.3163
3.132,-15.825,-3.319
3.133,-15.793,-3.3215
3.134,-15.762,-3.3237
3.135,-15.73,-3.3261
3.136,-15.699,-3.3281
3.137,-15.667,-3.3303
3.138,-15.635,-3.3326
3.139,-15.603,-3.3345
3.14,-15.571,-3.3367
3.141,-15.538,-3.3386
3.142,-15.506,-3.3408
3.143,-15.473,-3.3428
3.144,-15.44,-3.3445
3.145,-15.407,-3.3465
3.146,-15.374,-3.3483
3.147,-15.341,-3.3498
3.148,-15.308,-3.3512
3.149,-15.275,-3.3529
3.15,-15.241,-3.3546
3.151,-15.207,-3.3562
3.152,-15.173,-3.3574
3.153,-15.14,-3.359
3.154,-15.105,-3.36
3.155,-15.071,-3.3617
3.156,-15.037,-3.3629
3.157,-15.003,-3.3638
3.158,-14.968,-3.3648
3.159,-14.933,-3.3662
3.16,-14.898,-3.367
3.161,-14.864,-3.368
3.162,-14.828,-3.3686
3.163,-14.793,-3.3696
3.164,-14.758,-3.3701
3.165,-14.723,-3.3712
3.166,-14.687,-3.3717
3.167,-14.652,-3.3721
3.168,-14.616,-3.3725
3.169,-14.58,-3.3732
3.17,-14.544,-3.3734
3.171,-14.508,-3.374
3.172,-14.472,-3.3742
3.173,-14.435,-3.3743
3.174,-14.399,-3.3747
3.175,-14.363,-3.3744
3.176,-14.326,-3.3744
3.177,-14.289,-3.3743
3.178,-14.252,-3.3743
3.179,-14.216,-3.3741
3.18,-14.179,-3.374
3.181,-14.141,-3.3737
3.182,-14.104,-3.3735
3.183,-14.067,-3.3731
3.184,-14.03,-3.3725
3.185,-13.992,-3.3718
3.186,-13.955,-3.3712
3.187,-13.917,-3.3704
3.188,-13.879,-3.3697
3.189,-13.841,-3.3689
3.19,-13.803,-3.368
3.191,-13.765,-3.367
3.192,-13.727,-3.3663
3.193,-13.689,-3.3649
3.194,-13.651,-3.3639
3.195,-13.612,-3.3627
3.196,-13.574,-3.3616
3.197,-13.535,-3.3602
3.198,-13.497,-3.3585
3.199,-13.458,-3.3571
3.2,-13.419,-3.3555
3.201,-13.381,-3.354
3.202,-13.342,-3.3522
3.203,-13.303,-3.3502
3.204,-13.264,-3.3486
3.205,-13.225,-3.3466
3.206,-13.185,-3.3445
3.207,-13.146,-3.3426
3.208,-13.107,-3.3407
3.209,-13.067,-3.3381
3.21,-13.028,-3.3358
3.211,-12.989,-3.3336
3.212,-12.949,-3.3311
3.213,-12.909,-3.3286
3.214,-12.87,-3.326
3.215,-12.83,-3.3235
3.216,-12.79,-3.3208
3.217,-12.75,-3.318
3.218,-12.711,-3.3154
3.219,-12.671,-3.3122
3.22,-12.631,-3.3094
3.221,-12.591,-3.306
3.222,-12.551,-3.3029
3.223,-12.511,-3.2997
3.224,-12.47,-3.2966
3.225,-12.43,-3.293
3.226,-12.39,-3.2896
3.227,-12.35,-3.2864
3.228,-12.31,-3.2827
3.229,-12.269,-3.279
3.23,-12.229,-3.2752
3.231,-12.189,-3.2711
3.232,-12.148,-3.2672
3.233,-12.108,-3.2635
3.234,-12.067,-3.2593
3.235,-12.027,-3.255
3.236,-11.986,-3.2512
3.237,-11.946,-3.2465
3.238,-11.905,-3.2423
3.239,-11.865,-3.2378
3.24,-11.824,-3.2335
3.241,-11.784,-3.2286
3.242,-11.743,-3.2238
3.243,-11.702,-3.219
3.244,-11.662,-3.2143
3.245,-11.621,-3.2093
3.246,-11.581,-3.2044
3.247,-11.54,-3.1993
3.248,-11.499,-3.1943
3.249,-11.459,-3.1889
3.25,-11.418,-3.1836
3.251,-11.377,-3.1782
3.252,-11.337,-3.1728
3.253,-11.296,-3.1674
3.254,-11.256,-3.1615
3.255,-11.215,-3.1558
3.256,-11.174,-3.1503
3.257,-11.134,-3.1444
3.258,-11.093,-3.1383
3.259,-11.053,-3.1322
3.26,-11.012,-3.1263
3.261,-10.972,-3.1199
3.262,-10.931,-3.1137
3.263,-10.891,-3.1073
3.264,-10.85,-3.1007
3.265,-10.81,-3.0945
3.266,-10.769,-3.0877
3.267,-10.729,-3.0812
3.268,-10.689,-3.0741
3.269,-10.648,-3.0677
3.27,-10.608,-3.0606
3.271,-10.568,-3.0537
3.272,-10.528,-3.0466
3.273,-10.488,-3.0394
3.274,-10.447,-3.0322
3.275,-10.407,-3.0247
3.276,-10.367,-3.0173
3.277,-10.327,-3.0098
3.278,-10.287,-3.0021
3.279,-10.248,-2.9946
3.28,-10.208,-2.9869
3.281,-10.168,-2.979
3.282,-10.128,-2.9713
3.283,-10.089,-2.9633
3.284,-10.049,-2.9551
3.285,-10.009,-2.947
3.286,-9.9698,-2.9388
3.287,-9.9304,-2.9303
3.288,-9.891,-2.9219
3.289,-9.8517,-2.9134
3.29,-9.8125,-2.9049
3.291,-9.7733,-2.8962
3.292,-9.7342,-2.8878
3.293,-9.6951,-2.879
3.294,-9.6562,-2.8702
3.295,-9.6173,-2.8612
3.296,-9.5784,-2.8521
3.297,-9.5397,-2.8431
3.298,-9.501,-2.8338
3.299,-9.4625,-2.8245
3.3,-9.424,-2.8149
3.301,-9.3855,-2.8056
3.302,-9.3472,-2.796
3.303,-9.309,-2.7864
3.304,-9.2708,-2.7769
3.305,-9.2327,-2.767
3.306,-9.1947,-2.7571
3.307,-9.1568,-2.7472
3.308,-9.119,-2.7373
3.309,-9.0813,-2.727
3.31,-9.0437,-2.717
3.311,-9.0061,-2.7066
3.312,-8.9685,-2.6952
3.313,-8.931,-2.6837
3.314,-8.8937,-2.6723
3.315,-8.8564,-2.6607
3.316,-8.8192,-2.6488
3.317,-8.7822,-2.6371
3.318,-8.7452,-2.6251
3.319,-8.7084,-2.6134
3.32,-8.6716,-2.6012
3.321,-8.635,-2.5892
3.322,-8.5985,-2.5771
3.323,-8.5621,-2.5647
3.324,-8.5258,-2.5523
3.325,-8.4897,-2.5402
3.326,-8.4536,-2.5276
3.327,-8.4177,-2.5149
3.328,-8.3819,-2.5025
3.329,-8.3462,-2.4898
3.33,-8.3107,-2.4769
3.331,-8.2752,-2.4643
3.332,-8.2399,-2.4513
3.333,-8.2048,-2.4381
3.334,-8.1697,-2.4252
3.335,-8.1348,-2.4121
3.336,-8.1,-2.399
3.337,-8.0653,-2.3853
3.338,-8.0308,-2.372
3.339,-7.9964,-2.3586
3.34,-7.9622,-2.3454
3.341,-7.928,-2.3315
3.342,-7.894,-2.318
3.343,-7.8602,-2.3045
3.344,-7.8265,-2.2907
3.345,-7.7929,-2.2766
3.346,-7.7595,-2.2625
3.347,-7.7262,-2.2488
3.348,-7.693,-2.2345
3.349,-7.66,-2.2205
3.35,-7.6272,-2.2063
3.351,-7.5944,-2.1921
3.352,-7.5619,-2.1778
3.353,-7.5294,-2.1635
3.354,-7.4971,-2.149
3.355,-7.465,-2.1344
3.356,-7.433,-2.1196
3.357,-7.4012,-2.1051
3.358,-7.3695,-2.0905
3.359,-7.3379,-2.0753
3.36,-7.3065,-2.0606
3.361,-7.2753,-2.0455
3.362,-7.2442,-2.0308
3.363,-7.2133,-2.0157
3.364,-7.1825,-2.0007
3.365,-7.1519,-1.9854
3.366,-7.1214,-1.9703
3.367,-7.0911,-1.9547
3.368,-7.0609,-1.9393
3.369,-7.0309,-1.9238
3.37,-7.001,-1.9082
3.371,-6.9713,-1.8929
3.372,-6.9418,-1.8772
3.373,-6.9124,-1.8614
3.374,-6.8832,-1.8456
3.375,-6.8541,-1.8301
3.376,-6.8252,-1.8144
3.377,-6.7965,-1.7983
3.378,-6.7679,-1.7821
3.379,-6.7395,-1.766
3.38,-6.7112,-1.75
3.381,-6.6831,-1.7338
3.382,-6.6551,-1.718
3.383,-6.6273,-1.7016
3.384,-6.5997,-1.6851
3.385,-6.5723,-1.6689
3.386,-6.5449,-1.6522
3.387,-6.5178,-1.6361
3.388,-6.4908,-1.6192
3.389,-6.464,-1.6026
3.39,-6.4373,-1.5862
3.391,-6.4108,-1.5693
3.392,-6.3845,-1.5525
3.393,-6.3583,-1.5359
3.394,-6.3323,-1.519
3.395,-6.3065,-1.5022
3.396,-6.2808,-1.4853
3.397,-6.2553,-1.4682
3.398,-6.2299,-1.4511
3.399,-6.2047,-1.4339
3.4,-6.1796,-1.4168
3.401,-6.1548,-1.3997
3.402,-6.13,-1.3822
3.403,-6.1055,-1.3649
3.404,-6.0811,-1.3476
3.405,-6.0568,-1.3305
3.406,-6.0328,-1.3126
3.407,-6.0088,-1.2955
3.408,-5.9851,-1.278
3.409,-5.9615,-1.2602
3.41,-5.938,-1.2424
3.411,-5.9148,-1.2252
3.412,-5.8916,-1.2072
3.413,-5.8687,-1.1895
3.414,-5.8459,-1.1717
3.415,-5.8232,-1.1541
3.416,-5.8007,-1.1358
3.417,-5.7784,-1.1183
3.418,-5.7562,-1.1002
3.419,-5.7342,-1.0821
3.42,-5.7123,-1.0639
3.421,-5.6906,-1.0462
3.422,-5.669,-1.0279
3.423,-5.6476,-1.0098
3.424,-5.6264,-0.99167
3.425,-5.6053,-0.97322
3.426,-5.5843,-0.95514
3.427,-5.5635,-0.9369
3.428,-5.5429,-0.9185
3.429,-5.5224,-0.90038
3.43,-5.502,-0.88191
3.431,-5.4819,-0.86335
3.432,-5.4618,-0.84503
3.433,-5.4419,-0.82641
3.434,-5.4221,-0.80796
3.435,-5.4025,-0.78939
3.436,-5.3831,-0.77073
3.437,-5.3638,-0.75222
3.438,-5.3446,-0.73317
3.439,-5.3255,-0.71494
3.44,-5.3067,-0.69576
3.441,-5.2879,-0.67723
3.442,-5.2693,-0.65849
3.443,-5.2508,-0.63955
3.444,-5.2325,-0.62066
3.445,-5.2143,-0.6019
3.446,-5.1962,-0.583
3.447,-5.1783,-0.56412
3.448,-5.1605,-0.54553
3.449,-5.1429,-0.52626
3.45,-5.1254,-0.50759
3.451,-5.108,-0.4886
3.452,-5.0907,-0.46954
3.453,-5.0736,-0.45019
3.454,-5.0566,-0.43125
3.455,-5.0398,-0.412
3.456,-5.023,-0.39321
3.457,-5.0064,-0.37415
3.458,-4.9899,-0.355
3.459,-4.9736,-0.33576
3.46,-4.9574,-0.31624
3.461,-4.9412,-0.2973
3.462,-4.9252,-0.27796
3.463,-4.9094,-0.2586
3.464,-4.8936,-0.23955
3.465,-4.878,-0.22039
3.466,-4.8625,-0.20104
3.467,-4.8471,-0.18155
3.468,-4.8318,-0.16238
3.469,-4.8166,-0.14317
3.47,-4.8016,-0.1237
3.471,-4.7866,-0.10458
3.472,-4.7718,-0.085036
3.473,-4.757,-0.065584
3.474,-4.7424,-0.046455
3.475,-4.7279,-0.027008
3.476,-4.7135,-0.0077273
3.477,-4.6992,0.011704
3.478,-4.685,0.031148
3.479,-4.6709,0.050835
3.48,-4.6569,0.070338
3.481,-4.643,0.089731
3.482,-4.6292,0.10926
3.483,-4.6155,0.12837
3.484,-4.6019,0.14802
3.485,-4.5884,0.16752
3.486,-4.575,0.18706
3.487,-4.5616,0.20625
3.488,-4.5484,0.22577
3.489,-4.5352,0.24529
3.49,-4.5222,0.26465
3.491,-4.5092,0.28446
3.492,-4.4963,0.30398
3.493,-4.4835,0.32338
3.494,-4.4708,0.34265
3.495,-4.4582,0.36211
3.496,-4.4456,0.38183
3.497,-4.4331,0.4013
3.498,-4.4207,0.4209
3.499,-4.4084,0.44017
3.5,-4.3962,0.45977
3.501,-4.384,0.47941
3.502,-4.3719,0.49879
3.503,-4.3599,0.51805
3.504,-4.3479,0.53769
3.505,-4.3361,0.55717
3.506,-4.3242,0.57664
3.507,-4.3125,0.59612
3.508,-4.3008,0.61518
3.509,-4.2892,0.63507
3.51,-4.2776,0.65436
3.511,-4.2662,0.67351
3.512,-4.2547,0.69285
3.513,-4.2434,0.71267
3.514,-4.232,0.73207
3.515,-4.2208,0.75138
3.516,-4.2096,0.77041
3.517,-4.1984,0.78979
3.518,-4.1873,0.80945
3.519,-4.1763,0.82849
3.52,-4.1653,0.84777
3.521,-4.1544,0.86721
3.522,-4.1435,0.8867
3.523,-4.1326,0.90569
3.524,-4.1218,0.92478
3.525,-4.1111,0.94418
3.526,-4.1004,0.96356
3.527,-4.0897,0.98272
3.528,-4.0791,1.0016
3.529,-4.0685,1.0209
3.53,-4.058,1.0401
3.531,-4.0474,1.0591
3.532,-4.037,1.0784
3.533,-4.0265,1.0973
3.534,-4.0161,1.1168
3.535,-4.0058,1.1354
3.536,-3.9954,1.1545
3.537,-3.9851,1.1735
3.538,-3.9749,1.1929
3.539,-3.9646,1.2116
3.54,-3.9544,1.2304
3.541,-3.9442,1.2497
3.542,-3.934,1.2685
3.543,-3.9239,1.2873
3.544,-3.9138,1.3062
3.545,-3.9037,1.3248
3.546,-3.8936,1.3438
3.547,-3.8836,1.3623
3.548,-3.8735,1.3811
3.549,-3.8635,1.3999
3.55,-3.8535,1.4187
3.551,-3.8435,1.4372
3.552,-3.8336,1.4557
3.553,-3.8236,1.4746
3.554,-3.8137,1.493
3.555,-3.8038,1.5113
3.556,-3.7939,1.5298
3.557,-3.784,1.5487
3.558,-3.7741,1.567
3.559,-3.7642,1.5853
3.56,-3.7543,1.6035
3.561,-3.7445,1.6219
3.562,-3.7346,1.6403
3.563,-3.7248,1.6587
3.564,-3.7149,1.6769
3.565,-3.7051,1.6949
3.566,-3.6953,1.713
3.567,-3.6854,1.7312
3.568,-3.6756,1.7494
3.569,-3.6658,1.7677
3.57,-3.6559,1.7856
3.571,-3.6461,1.8033
3.572,-3.6363,1.8215
3.573,-3.6265,1.8395
3.574,-3.6166,1.8574
3.575,-3.6068,1.8752
3.576,-3.597,1.8927
3.577,-3.5871,1.9104
3.578,-3.5773,1.9283
3.579,-3.5674,1.946
3.58,-3.5576,1.9636
3.581,-3.5477,1.9811
3.582,-3.5379,1.9988
3.583,-3.528,2.0161
3.584,-3.5181,2.0337
3.585,-3.5082,2.0513
3.586,-3.4983,2.0688
3.587,-3.4884,2.086
3.588,-3.4785,2.103
3.589,-3.4686,2.1204
3.59,-3.4586,2.1376
3.591,-3.4487,2.1549
3.592,-3.4387,2.172
3.593,-3.4288,2.189
3.594,-3.4188,2.2059
3.595,-3.4088,2.223
3.596,-3.3988,2.2396
3.597,-3.3888,2.2567
3.598,-3.3788,2.2733
3.599,-3.3687,2.2902
3.6,-3.3587,2.3069
3.601,-3.3486,2.3237
3.602,-3.3385,2.3403
3.603,-3.3284,2.3569
3.604,-3.3183,2.3736
3.605,-3.3082,2.39
3.606,-3.298,2.4061
3.607,-3.2879,2.4229
3.608,-3.2777,2.4388
3.609,-3.2675,2.4554
3.61,-3.2573,2.4715
3.611,-3.2471,2.4877
3.612,-3.2369,2.5038
3.613,-3.2267,2.5198
3.614,-3.2164,2.5359
3.615,-3.2061,2.5518
3.616,-3.1959,2.5677
3.617,-3.1856,2.5835
3.618,-3.1752,2.5995
3.619,-3.1649,2.615
3.62,-3.1546,2.6307
3.621,-3.1442,2.6461
3.622,-3.1338,2.6619
3.623,-3.1234,2.6775
3.624,-3.113,2.6926
3.625,-3.1026,2.7081
3.626,-3.0922,2.7237
3.627,-3.0818,2.7387
3.628,-3.0713,2.7541
3.629,-3.0608,2.7694
3.63,-3.0504,2.751
3.631,-3.0399,2.6916
3.632,-3.0294,2.6325
3.633,-3.0188,2.5736
3.634,-3.0083,2.5155
3.635,-2.9978,2.4582
3.636,-2.9872,2.4012
3.637,-2.9766,2.3452
3.638,-2.9661,2.2891
3.639,-2.9555,2.2342
3.64,-2.9449,2.1791
3.641,-2.9343,2.1252
3.642,-2.9236,2.072
3.643,-2.913,2.0189
3.644,-2.9024,1.9667
3.645,-2.8917,1.9148
3.646,-2.8811,1.8638
3.647,-2.8704,1.8131
3.648,-2.8597,1.7632
3.649,-2.849,1.714
3.65,-2.8383,1.6652
3.651,-2.8276,1.6168
3.652,-2.8169,1.5692
3.653,-2.8062,1.5222
3.654,-2.7955,1.4761
3.655,-2.7847,1.4302
3.656,-2.774,1.3851
3.657,-2.7633,1.3406
3.658,-2.7526,1.2964
3.659,-2.7419,1.2533
3.66,-2.7312,1.2105
3.661,-2.7205,1.1684
3.662,-2.7098,1.127
3.663,-2.6992,1.0857
3.664,-2.6885,1.0456
3.665,-2.6779,1.0061
3.666,-2.6673,0.96717
3.667,-2.6566,0.92872
3.668,-2.646,0.89075
3.669,-2.6354,0.85351
3.67,-2.6248,0.81728
3.671,-2.6142,0.78117
3.672,-2.6037,0.74583
3.673,-2.5931,0.71137
3.674,-2.5825,0.67755
3.675,-2.572,0.64427
3.676,-2.5614,0.61168
3.677,-2.5509,0.57969
3.678,-2.5403,0.54806
3.679,-2.5298,0.51739
3.68,-2.5193,0.48762
3.681,-2.5088,0.45805
3.682,-2.4983,0.42912
3.683,-2.4846,0.40147
3.684,-2.4675,0.3742
3.685,-2.4504,0.34796
3.686,-2.4332,0.3224
3.687,-2.416,0.29733
3.688,-2.3988,0.27308
3.689,-2.3815,0.24925
3.69,-2.3643,0.22632
3.691,-2.3469,0.2038
3.692,-2.3296,0.18204
3.693,-2.3122,0.16085
3.694,-2.2948,0.14042
3.695,-2.2774,0.12032
3.696,-2.26,0.10118
3.697,-2.2425,0.082415
3.698,-2.225,0.064627
3.699,-2.2074,0.047144
3.7,-2.1899,0.031026
3.701,-2.1723,0.014929
3.702,-2.1546,-2.9417e-4
3.703,-2.137,-0.015002
3.704,-2.1193,-0.028503
3.705,-2.1016,-0.041758
3.706,-2.0839,-0.054054
3.707,-2.0661,-0.066006
3.708,-2.0483,-0.076655
3.709,-2.0305,-0.087283
3.71,-2.0126,-0.096508
3.711,-1.9948,-0.10543
3.712,-1.9769,-0.11367
3.713,-1.959,-0.12098
3.714,-1.941,-0.12772
3.715,-1.923,-0.13386
3.716,-1.905,-0.13904
3.717,-1.887,-0.14344
3.718,-1.8689,-0.14691
3.719,-1.8509,-0.1503
3.72,-1.8328,-0.15217
3.721,-1.8146,-0.15403
3.722,-1.7965,-0.15473
3.723,-1.7783,-0.15468
3.724,-1.7601,-0.15376
3.725,-1.7419,-0.15218
3.726,-1.7236,-0.14999
3.727,-1.7054,-0.14698
3.728,-1.6871,-0.14284
3.729,-1.6688,-0.13813
3.73,-1.6504,-0.13267
3.731,-1.6321,-0.12658
3.732,-1.6137,-0.11984
3.733,-1.5953,-0.11197
3.734,-1.5769,-0.10337
3.735,-1.5584,-0.094067
3.736,-1.5399,-0.084348
3.737,-1.5215,-0.07319
3.738,-1.5029,-0.061624
3.739,-1.4844,-0.049367
3.74,-1.4659,-0.03604
3.741,-1.4473,-0.021932
3.742,-1.4287,-0.007086
3.743,-1.4101,0.013494
3.744,-1.3916,0.038705
3.745,-1.3732,0.06507
3.746,-1.3548,0.092746
3.747,-1.3365,0.12117
3.748,-1.3183,0.15025
3.749,-1.3002,0.18021
3.75,-1.2822,0.2112
3.751,-1.2642,0.24297
3.752,-1.2463,0.27596
3.753,-1.2285,0.30976
3.754,-1.2108,0.34421
3.755,-1.1932,0.3797
3.756,-1.1756,0.4163
3.757,-1.1581,0.45347
3.758,-1.1407,0.49212
3.759,-1.1234,0.53132
3.76,-1.1062,0.57139
3.761,-1.089,0.61201
3.762,-1.0719,0.65389
3.763,-1.0549,0.69688
3.764,-1.038,0.74022
3.765,-1.0211,0.78457
3.766,-1.0044,0.83044
3.767,-0.98768,0.87623
3.768,-0.97107,0.92375
3.769,-0.95454,0.97184
3.77,-0.9381,1.0205
3.771,-0.92173,1.0702
3.772,-0.90545,1.121
3.773,-0.88924,1.1723
3.774,-0.87311,1.2249
3.775,-0.85707,1.2782
3.776,-0.8411,1.3321
3.777,-0.82522,1.3866
3.778,-0.80942,1.4424
3.779,-0.79369,1.4988
3.78,-0.77805,1.5562
3.781,-0.76249,1.6147
3.782,-0.74701,1.6738
3.783,-0.73161,1.7332
3.784,-0.71629,1.7943
3.785,-0.70105,1.8556
3.786,-0.6859,1.9176
3.787,-0.67082,1.9805
3.788,-0.65583,2.0447
3.789,-0.64092,2.1092
3.79,-0.62609,2.1745
3.791,-0.61473,2.2403
3.792,-0.60714,2.3086
3.793,-0.59966,2.3777
3.794,-0.59227,2.4471
3.795,-0.58497,2.5178
3.796,-0.57776,2.5894
3.797,-0.57064,2.6617
3.798,-0.56362,2.7348
3.799,-0.55669,2.8089
3.8,-0.54985,2.8836
3.801,-0.54311,2.959
3.802,-0.53645,3.0357
3.803,-0.52989,3.1128
3.804,-0.52341,3.1905
3.805,-0.51703,3.2693
3.806,-0.51074,3.3488
3.807,-0.50454,3.4291
3.808,-0.49843,3.5102
3.809,-0.49241,3.5918
3.81,-0.48648,3.6746
3.811,-0.48064,3.7577
3.812,-0.47489,3.8418
3.813,-0.46924,3.9266
3.814,-0.46367,4.0119
3.815,-0.45819,4.0978
3.816,-0.45279,4.1847
3.817,-0.44749,4.2724
3.818,-0.44228,4.3609
3.819,-0.43715,4.4499
3.82,-0.43212,4.5394
3.821,-0.42717,4.6297
3.822,-0.42231,4.7208
3.823,-0.41754,4.8125
3.824,-0.41286,4.9049
3.825,-0.40826,4.9977
3.826,-0.40375,5.0914
3.827,-0.39933,5.1853
3.828,-0.39497,5.2801
3.829,-0.39068,5.3757
3.83,-0.38644,5.4715
3.831,-0.38226,5.5681
3.832,-0.37813,5.6656
3.833,-0.37406,5.7631
3.834,-0.37005,5.8615
3.835,-0.36608,5.9605
3.836,-0.36217,6.0596
3.837,-0.35831,6.1595
3.838,-0.35449,6.2602
3.839,-0.35072,6.3613
3.84,-0.347,6.4624
3.841,-0.34332,6.5644
3.842,-0.33968,6.5799
3.843,-0.33608,6.5872
3.844,-0.33253,6.5946
3.845,-0.32901,6.6025
3.846,-0.32553,6.6097
3.847,-0.32209,6.6173
3.848,-0.31868,6.625
3.849,-0.31531,6.6324
3.85,-0.31196,6.6398
3.851,-0.30865,6.6469
3.852,-0.30537,6.6544
3.853,-0.30212,6.662
3.854,-0.2989,6.6693
3.855,-0.2957,6.6764
3.856,-0.29253,6.6838
3.857,-0.28938,6.6912
3.858,-0.28626,6.6985
3.859,-0.28316,6.7056
3.86,-0.28008,6.7126
3.861,-0.27702,6.72
3.862,-0.27398,6.7269
3.863,-0.27096,6.7344
3.864,-0.26796,6.7413
3.865,-0.26497,6.7486
3.866,-0.262,6.7554
3.867,-0.25904,6.7624
3.868,-0.2561,6.7697
3.869,-0.25317,6.7767
3.87,-0.25025,6.7837
3.871,-0.24735,6.7906
3.872,-0.24445,6.7974
3.873,-0.24156,6.8044
3.874,-0.23869,6.8113
3.875,-0.23582,6.8179
3.876,-0.23296,6.825
3.877,-0.2301,6.8315
3.878,-0.22726,6.8383
3.879,-0.22441,6.8452
3.88,-0.22158,6.8521
3.881,-0.21874,6.8586
3.882,-0.21591,6.8654
3.883,-0.21308,6.872
3.884,-0.21026,6.8784
3.885,-0.20743,6.8851
3.886,-0.20461,6.8916
3.887,-0.20179,6.8979
3.888,-0.19897,6.9043
3.889,-0.19614,6.9107
3.89,-0.19332,6.9173
3.891,-0.19049,6.9237
3.892,-0.18767,6.93
3.893,-0.18484,6.9363
3.894,-0.182,6.9425
3.895,-0.17917,6.9489
3.896,-0.17633,6.955
3.897,-0.17348,6.9612
3.898,-0.17064,6.967
3.899,-0.16778,6.9736
3.9,-0.16492,6.9797
3.901,-0.16206,6.9854
3.902,-0.15919,6.9917
3.903,-0.15631,6.9973
3.904,-0.15343,7.0034
3.905,-0.15054,7.0093
3.906,-0.14764,7.0152
3.907,-0.14474,7.0211
3.908,-0.14182,7.027
3.909,-0.1389,7.0326
3.91,-0.13598,7.0381
3.911,-0.13304,7.044
3.912,-0.13009,7.0495
3.913,-0.12714,7.055
3.914,-0.12418,7.0609
3.915,-0.1212,7.0662
3.916,-0.11822,7.0719
3.917,-0.11523,7.0776
3.918,-0.11223,7.0828
3.919,-0.10922,7.0884
3.92,-0.1062,7.0939
3.921,-0.10317,7.0989
3.922,-0.10013,7.1044
3.923,-0.097084,7.1097
3.924,-0.094024,7.1148
3.925,-0.090954,7.1202
3.926,-0.087874,7.1253
3.927,-0.084784,7.1303
3.928,-0.081684,7.1353
3.929,-0.078573,7.1402
3.93,-0.075452,7.1454
3.931,-0.072321,7.1502
3.932,-0.069179,7.1555
3.933,-0.066027,7.1603
3.934,-0.062864,7.1651
3.935,-0.059692,7.1697
3.936,-0.056509,7.1747
3.937,-0.053316,7.1794
3.938,-0.050113,7.1843
3.939,-0.0469,7.1886
3.94,-0.043677,7.1931
3.941,-0.040444,7.1978
3.942,-0.037201,7.2025
3.943,-0.033949,7.2071
3.944,-0.030686,7.2116
3.945,-0.027415,7.216
3.946,-0.024133,7.2205
3.947,-0.020843,7.2249
3.948,-0.017543,7.2291
3.949,-0.014234,7.2335
3.95,-0.010917,7.2377
3.951,-0.00759,7.242
3.952,-0.0042548,7.2461
3.953,-9.1116e-4,7.2499
3.954,0.0024409,7.2544
3.955,0.0058011,7.2585
3.956,0.0091694,7.2623
3.957,0.012546,7.2661
3.958,0.015929,7.2701
3.959,0.019321,7.2744
3.96,0.022719,7.278
3.961,0.026125,7.2819
3.962,0.029538,7.2859
3.963,0.032957,7.2893
3.964,0.036383,7.2931
3.965,0.039816,7.2971
3.966,0.043254,7.3005
3.967,0.046699,7.3043
3.968,0.050149,7.308
3.969,0.053605,7.3116
3.97,0.057066,7.3151
3.971,0.060532,7.3186
3.972,0.064003,7.3216
3.973,0.067478,7.3253
3.974,0.070958,7.3284
3.975,0.074443,7.3319
3.976,0.077931,7.3351
3.977,0.081422,7.3387
3.978,0.084918,7.3419
3.979,0.088416,7.3446
3.98,0.091918,7.3478
3.981,0.095422,7.3512
3.982,0.098929,7.354
3.983,0.10244,7.357
3.984,0.10595,7.3601
3.985,0.10946,7.3634
3.986,0.11298,7.366
3.987,0.11649,7.3689
3.988,0.12001,7.3721
3.989,0.12353,7.3745
3.99,0.12705,7.3775
3.991,0.13056,7.3805
3.992,0.13408,7.3831
3.993,0.1376,7.3854
3.994,0.14112,7.3885
3.995,0.14464,7.3908
3.996,0.14815,7.3935
3.997,0.15167,7.3962
3.998,0.15518,7.3987
3.999,0.15869,7.4013
4,0.1622,7.4038
4.001,0.16571,7.4057
4.002,0.16922,7.4084
4.003,0.17272,7.4108
4.004,0.17622,7.4132
4.005,0.17971,7.4152
4.006,0.18321,7.4178
4.007,0.1867,7.4198
4.008,0.19018,7.4219
4.009,0.19366,7.4242
4.01,0.19714,7.4264
4.011,0.20061,7.4285
4.012,0.20408,7.4303
4.013,0.20754,7.4326
4.014,0.211,7.4345
4.015,0.21445,7.4364
4.016,0.2179,7.4384
4.017,0.22134,7.4401
4.018,0.22477,7.4421
4.019,0.2282,7.4441
4.02,0.23162,7.446
4.021,0.23503,7.4477
4.022,0.23844,7.4491
4.023,0.24184,7.451
4.024,0.24523,7.4529
4.025,0.24862,7.4544
4.026,0.25199,7.4562
4.027,0.25536,7.4576
4.028,0.25872,7.4592
4.029,0.26207,7.4608
4.03,0.26541,7.4625
4.031,0.26875,7.464
4.032,0.27207,7.4655
4.033,0.27538,7.4668
4.034,0.27869,7.4684
4.035,0.28198,7.4696
4.036,0.28527,7.471
4.037,0.28855,7.4722
4.038,0.29181,7.4738
4.039,0.29506,7.4748
4.04,0.29831,7.4759
4.041,0.30154,7.4775
4.042,0.30476,7.4787
4.043,0.30797,7.4796
4.044,0.31117,7.4811
4.045,0.31436,7.4819
4.046,0.31754,7.483
4.047,0.3207,7.484
4.048,0.32386,7.4853
4.049,0.327,7.4863
4.05,0.33012,7.4874
4.051,0.33324,7.4884
4.052,0.33634,7.4892
4.053,0.33943,7.4903
4.054,0.34251,7.4912
4.055,0.34558,7.4917
4.056,0.34863,7.493
4.057,0.35167,7.4938
4.058,0.35469,7.4945
4.059,0.35771,7.4951
4.06,0.36071,7.4959
4.061,0.36369,7.4968
4.062,0.36666,7.4976
4.063,0.36962,7.4984
4.064,0.37256,7.4986
4.065,0.37549,7.4993
4.066,0.37841,7.5003
4.067,0.38131,7.5008
4.068,0.3842,7.5011
4.069,0.38707,7.5021
4.07,0.38993,7.5027
4.071,0.39277,7.5031
4.072,0.3956,7.5036
4.073,0.39841,7.5042
4.074,0.40121,7.5044
4.075,0.404,7.5051
4.076,0.40676,7.5054
4.077,0.40952,7.5059
4.078,0.41226,7.5064
4.079,0.41498,7.5064
4.08,0.41769,7.5069
4.081,0.42039,7.5074
4.082,0.42306,7.5078
4.083,0.42573,7.5082
4.084,0.42838,7.5085
4.085,0.43101,7.5088
4.086,0.43363,7.5089
4.087,0.43623,7.5093
4.088,0.43881,7.5093
4.089,0.44138,7.5097
4.09,0.44394,7.5096
4.091,0.44648,7.51
4.092,0.449,7.5104
4.093,0.45151,7.5104
4.094,0.454,7.5105
4.095,0.45648,7.5107
4.096,0.45894,7.5108
4.097,0.46139,7.5106
4.098,0.46382,7.5109
4.099,0.46624,7.511
4.1,0.46864,7.511
4.101,0.47091,7.511
4.102,0.47305,7.5118
4.103,0.47518,7.5121
4.104,0.4773,7.5126
4.105,0.47939,7.5133
4.106,0.48148,7.5137
4.107,0.48354,7.514
4.108,0.4856,7.5144
4.109,0.48764,7.5152
4.11,0.48966,7.5153
4.111,0.49167,7.5157
4.112,0.49366,7.5163
4.113,0.49564,7.5167
4.114,0.49761,7.5169
4.115,0.49956,7.5174
4.116,0.50149,7.5177
4.117,0.50341,7.518
4.118,0.50532,7.518
4.119,0.50721,7.5186
4.12,0.50909,7.5187
4.121,0.51095,7.5188
4.122,0.5128,7.5192
4.123,0.51464,7.5197
4.124,0.51646,7.5197
4.125,0.51827,7.5198
4.126,0.52006,7.5202
4.127,0.52184,7.5204
4.128,0.5236,7.5207
4.129,0.52535,7.5205
4.13,0.52709,7.5208
4.131,0.52881,7.5209
4.132,0.53052,7.5211
4.133,0.53222,7.5211
4.134,0.5339,7.5215
4.135,0.53557,7.5218
4.136,0.53723,7.5214
4.137,0.53887,7.522
4.138,0.5405,7.5217
4.139,0.54212,7.5221
4.14,0.54372,7.522
4.141,0.54532,7.5222
4.142,0.54689,7.522
4.143,0.54846,7.5222
4.144,0.55001,7.5223
4.145,0.55155,7.5221
4.146,0.55308,7.5222
4.147,0.5546,7.5222
4.148,0.5561,7.5223
4.149,0.5576,7.5221
4.15,0.55908,7.5221
4.151,0.56054,7.5223
4.152,0.562,7.5222
4.153,0.56345,7.5224
4.154,0.56488,7.5223
4.155,0.5663,7.5221
4.156,0.56771,7.522
4.157,0.56911,7.5222
4.158,0.5705,7.5223
4.159,0.57188,7.5223
4.16,0.57324,7.522
4.161,0.5746,7.5218
4.162,0.57594,7.5217
4.163,0.57728,7.5217
4.164,0.5786,7.522
4.165,0.57992,7.5219
4.166,0.58122,7.5218
4.167,0.58251,7.5214
4.168,0.5838,7.5214
4.169,0.58507,7.5215
4.17,0.58634,7.5213
4.171,0.58759,7.5212
4.172,0.58884,7.5214
4.173,0.59007,7.521
4.174,0.5913,7.5212
4.175,0.59252,7.5212
4.176,0.59372,7.5211
4.177,0.59492,7.5209
4.178,0.59611,7.521
4.179,0.5973,7.5207
4.18,0.59847,7.5208
4.181,0.59964,7.5205
4.182,0.60079,7.5205
4.183,0.60194,7.5204
4.184,0.60309,7.5202
4.185,0.60422,7.5203
4.186,0.60534,7.5205
4.187,0.60646,7.5202
4.188,0.60757,7.52
4.189,0.60868,7.5201
4.19,0.60977,7.5198
4.191,0.61086,7.5201
4.192,0.61194,7.52
4.193,0.61302,7.5199
4.194,0.61409,7.5198
4.195,0.61515,7.5195
4.196,0.61621,7.5195
4.197,0.61726,7.5197
4.198,0.6183,7.5197
4.199,0.61934,7.5194
4.2,0.62037,7.5194
4.201,0.62139,7.5193
4.202,0.62241,7.5196
4.203,0.62343,7.5195
4.204,0.62443,7.5197
4.205,0.62544,7.5197
4.206,0.62643,7.5196
4.207,0.62743,7.5196
4.208,0.62842,7.5193
4.209,0.6294,7.5196
4.21,0.63038,7.5195
4.211,0.63135,7.5194
4.212,0.63232,7.5195
4.213,0.63328,7.5198
4.214,0.63424,7.5197
4.215,0.6352,7.5197
4.216,0.63615,7.52
4.217,0.6371,7.5198
4.218,0.63805,7.52
4.219,0.63899,7.5203
4.22,0.63992,7.5204
4.221,0.64086,7.52
4.222,0.64179,7.5203
4.223,0.64271,7.5204
4.224,0.64364,7.5204
4.225,0.64456,7.5208
4.226,0.64548,7.5206
4.227,0.64639,7.521
4.228,0.64731,7.5211
4.229,0.64822,7.5214
4.23,0.64912,7.5214
4.231,0.65003,7.5216
4.232,0.65093,7.5218
4.233,0.65183,7.5221
4.234,0.65273,7.5222
4.235,0.65363,7.5223
4.236,0.65452,7.5225
4.237,0.65541,7.5229
4.238,0.6563,7.523
4.239,0.65719,7.5235
4.24,0.65808,7.5236
4.241,0.65897,7.524
4.242,0.65985,7.5242
4.243,0.66074,7.5245
4.244,0.66162,7.5246
4.245,0.6625,7.5251
4.246,0.66338,7.5252
4.247,0.66426,7.5257
4.248,0.66514,7.5259
4.249,0.66602,7.5266
4.25,0.66689,7.5268
4.251,0.66777,7.5272
4.252,0.66865,7.5275
4.253,0.66952,7.5278
4.254,0.6704,7.5286
4.255,0.67127,7.5286
4.256,0.67215,7.529
4.257,0.67302,7.5297
4.258,0.6739,7.53
4.259,0.67477,7.5308
4.26,0.67565,7.5312
4.261,0.67652,7.5317
4.262,0.6774,7.5319
4.263,0.67827,7.5327
4.264,0.67915,7.5329
4.265,0.68002,7.5336
4.266,0.6809,7.5344
4.267,0.68177,7.5347
4.268,0.68265,7.5354
4.269,0.68353,7.536
4.27,0.68441,7.5366
4.271,0.68529,7.5373
4.272,0.68616,7.5379
4.273,0.68704,7.5386
4.274,0.68793,7.5393
4.275,0.68881,7.5397
4.276,0.68969,7.5406
4.277,0.69057,7.5411
4.278,0.69146,7.5417
4.279,0.69234,7.5424
4.28,0.69323,7.5435
4.281,0.69412,7.544
4.282,0.695,7.5448
4.283,0.69589,7.5457
4.284,0.69678,7.5463
4.285,0.69768,7.5472
4.286,0.69857,7.5481
4.287,0.69946,7.5489
4.288,0.70036,7.5498
4.289,0.70125,7.5503
4.29,0.70215,7.5515
4.291,0.70305,7.5525
4.292,0.70395,7.5534
4.293,0.70485,7.5542
4.294,0.70575,7.555
4.295,0.70665,7.5562
4.296,0.70756,7.557
4.297,0.70846,7.5581
4.298,0.70937,7.5589
4.299,0.71028,7.5598
4.3,0.71119,7.5612
4.301,0.7121,7.5618
4.302,0.71301,7.5628
4.303,0.71392,7.5643
4.304,0.71484,7.5651
4.305,0.71575,7.5662
4.306,0.71667,7.5675
4.307,0.71759,7.5686
4.308,0.71851,7.5697
4.309,0.71943,7.5708
4.31,0.72035,7.572
4.311,0.72127,7.573
4.312,0.72219,7.5743
4.313,0.72311,7.5757
4.314,0.72404,7.5768
4.315,0.72496,7.5779
4.316,0.72589,7.5793
4.317,0.72682,7.5804
4.318,0.72775,7.582
4.319,0.72867,7.5833
4.32,0.7296,7.5844
4.321,0.73053,7.5852
4.322,0.73146,7.5863
4.323,0.73239,7.5872
4.324,0.73333,7.5884
4.325,0.73426,7.589
4.326,0.73519,7.5897
4.327,0.73612,7.5908
4.328,0.73705,7.5913
4.329,0.73799,7.5917
4.33,0.73892,7.5921
4.331,0.73985,7.5926
4.332,0.74079,7.5929
4.333,0.74172,7.5935
4.334,0.74265,7.5934
4.335,0.74358,7.5938
4.336,0.74451,7.5941
4.337,0.74545,7.5938
4.338,0.74638,7.5937
4.339,0.74731,7.5935
4.34,0.74824,7.5936
4.341,0.74917,7.5933
4.342,0.75009,7.5927
4.343,0.75102,7.5924
4.344,0.75195,7.5922
4.345,0.75287,7.5917
4.346,0.75379,7.5908
4.347,0.75472,7.5902
4.348,0.75564,7.5894
4.349,0.75656,7.5888
4.35,0.75747,7.5881
4.351,0.75839,7.5868
4.352,0.7593,7.5862
4.353,0.76022,7.585
4.354,0.76113,7.5838
4.355,0.76203,7.5826
4.356,0.76294,7.5812
4.357,0.76384,7.58
4.358,0.76474,7.5783
4.359,0.76564,7.5769
4.36,0.76654,7.5755
4.361,0.76743,7.574
4.362,0.76832,7.5723
4.363,0.7692,7.5703
4.364,0.77008,7.5683
4.365,0.77096,7.5666
4.366,0.77184,7.5648
4.367,0.77271,7.5626
4.368,0.77358,7.5603
4.369,0.77444,7.5582
4.37,0.7753,7.5563
4.371,0.77616,7.5537
4.372,0.77701,7.5514
4.373,0.77786,7.5487
4.374,0.7787,7.5463
4.375,0.77953,7.5439
4.376,0.78037,7.5413
4.377,0.78119,7.5385
4.378,0.78201,7.5355
4.379,0.78283,7.5328
4.38,0.78364,7.5299
4.381,0.78444,7.5269
4.382,0.78524,7.5239
4.383,0.78603,7.5206
4.384,0.78682,7.5175
4.385,0.7876,7.514
4.386,0.78837,7.5107
4.387,0.78914,7.5074
4.388,0.7899,7.5036
4.389,0.79065,7.5003
4.39,0.7914,7.4967
4.391,0.79213,7.4929
4.392,0.79286,7.4889
4.393,0.79359,7.4853
4.394,0.7943,7.4815
4.395,0.79501,7.4773
4.396,0.7957,7.4732
4.397,0.79639,7.4691
4.398,0.79707,7.4648
4.399,0.79775,7.4606
4.4,0.79841,7.4563
4.401,0.79906,7.4519
4.402,0.79971,7.4474
4.403,0.80034,7.4427
4.404,0.80097,7.4382
4.405,0.80158,7.4334
4.406,0.80218,7.4286
4.407,0.80278,7.424
4.408,0.80336,7.4191
4.409,0.80394,7.4144
4.41,0.8045,7.4091
4.411,0.80505,7.4038
4.412,0.80559,7.3986
4.413,0.80612,7.3938
4.414,0.80663,7.3881
4.415,0.80714,7.3827
4.416,0.80763,7.3773
4.417,0.80811,7.3717
4.418,0.80858,7.3663
4.419,0.80904,7.3605
4.42,0.80948,7.3547
4.421,0.80991,7.349
4.422,0.81033,7.3435
4.423,0.81073,7.3372
4.424,0.81112,7.3313
4.425,0.8115,7.3251
4.426,0.81186,7.3192
4.427,0.8122,7.3127
4.428,0.81254,7.3065
4.429,0.81286,7.3002
4.43,0.81316,7.2937
4.431,0.81345,7.2872
4.432,0.81372,7.2808
4.433,0.81398,7.2738
4.434,0.81422,7.267
4.435,0.81445,7.2605
4.436,0.81466,7.2534
4.437,0.81486,7.2466
4.438,0.81504,7.2397
4.439,0.8152,7.2326
4.44,0.81534,7.2257
4.441,0.81547,7.2182
4.442,0.81558,7.2108
4.443,0.81568,7.2037
4.444,0.81575,7.1963
4.445,0.81581,7.1889
4.446,0.81585,7.1811
4.447,0.81587,7.1736
4.448,0.81588,7.1658
4.449,0.81586,7.158
4.45,0.81583,7.15
4.451,0.81578,7.1424
